{
"type": "FeatureCollection",
"name": "20251001_parkingmeter",
"crs": { "type": "name", "properties": { "name": "urn:ogc:def:crs:OGC:1.3:CRS84" } },
"features": [
{ "type": "Feature", "properties": { "識別id": 1, "利用時間": "09:00-19:00", "制限時間": 60, "手数料": 300, "制限事項1": "日曜・休日を除く", "制限事項2": "１月１日〜３日を除く", "種別": "パーキング・メーター", "普通車": true, "貨物用有り": false, "二輪車": false, "標章車専用有り": false }, "geometry": { "type": "MultiLineString", "coordinates": [ [ [ 139.76219893731917, 35.672987042253887 ], [ 139.762062074322671, 35.672885526746342 ], [ 139.761475033767539, 35.672720439050657 ], [ 139.761041213751383, 35.672596339526386 ], [ 139.760926779978291, 35.672543394813815 ], [ 139.76075513470434, 35.672439942007664 ], [ 139.760649428969913, 35.672357086532081 ], [ 139.760568184058315, 35.672263528835451 ], [ 139.760482688790603, 35.672137737028621 ] ] ] } },
{ "type": "Feature", "properties": { "識別id": 2, "利用時間": "09:00-19:00", "制限時間": 60, "手数料": 300, "制限事項1": "日曜・休日を除く", "制限事項2": "１月１日〜３日を除く", "種別": "パーキング・チケット", "普通車": true, "貨物用有り": false, "二輪車": false, "標章車専用有り": false }, "geometry": { "type": "MultiLineString", "coordinates": [ [ [ 139.646108622370065, 35.68251708507929 ], [ 139.646904286258092, 35.682733053914276 ] ] ] } },
{ "type": "Feature", "properties": { "識別id": 3, "利用時間": "09:00-21:00", "制限時間": 60, "手数料": 300, "制限事項1": null, "制限事項2": "１月１日〜３日を除く", "種別": "パーキング・メーター", "普通車": true, "貨物用有り": true, "二輪車": false, "標章車専用有り": false }, "geometry": { "type": "MultiLineString", "coordinates": [ [ [ 139.759737518642169, 35.6702886736606 ], [ 139.760307366823355, 35.669898796373047 ], [ 139.760492549941546, 35.669763597742822 ], [ 139.762152152837899, 35.668589003695281 ] ] ] } },
{ "type": "Feature", "properties": { "識別id": 4, "利用時間": "09:00-21:00", "制限時間": 60, "手数料": 300, "制限事項1": null, "制限事項2": "１月１日〜３日を除く", "種別": "パーキング・メーター", "普通車": true, "貨物用有り": true, "二輪車": false, "標章車専用有り": false }, "geometry": { "type": "MultiLineString", "coordinates": [ [ [ 139.763056272219416, 35.669445600583344 ], [ 139.760509326458873, 35.671231114428039 ], [ 139.760320949347658, 35.671378477971373 ] ] ] } },
{ "type": "Feature", "properties": { "識別id": 5, "利用時間": "09:00-21:00", "制限時間": 60, "手数料": 300, "制限事項1": null, "制限事項2": "１月１日〜３日を除く", "種別": "パーキング・メーター", "普通車": true, "貨物用有り": true, "二輪車": false, "標章車専用有り": false }, "geometry": { "type": "MultiLineString", "coordinates": [ [ [ 139.765892853784806, 35.670237435696293 ], [ 139.76504567112184, 35.66963061403073 ], [ 139.763996919067125, 35.668825698246359 ], [ 139.762980536645216, 35.668041435643964 ], [ 139.762105891512533, 35.667375632790296 ] ] ] } },
{ "type": "Feature", "properties": { "識別id": 6, "利用時間": "09:00-21:00", "制限時間": 60, "手数料": 300, "制限事項1": null, "制限事項2": "１月１日〜３日を除く", "種別": "パーキング・メーター", "普通車": true, "貨物用有り": true, "二輪車": false, "標章車専用有り": false }, "geometry": { "type": "MultiLineString", "coordinates": [ [ [ 139.766497430218323, 35.669884318070807 ], [ 139.762612489288387, 35.666980922790259 ], [ 139.762542071202262, 35.666959039285565 ] ] ] } },
{ "type": "Feature", "properties": { "識別id": 7, "利用時間": "09:00-21:00", "制限時間": 60, "手数料": 300, "制限事項1": null, "制限事項2": "１月１日〜３日を除く", "種別": "パーキング・メーター", "普通車": true, "貨物用有り": true, "二輪車": false, "標章車専用有り": false }, "geometry": { "type": "MultiLineString", "coordinates": [ [ [ 139.762283323991625, 35.668502834934557 ], [ 139.762651612775301, 35.668242919846477 ], [ 139.762979487213357, 35.668003353746045 ], [ 139.763423676912822, 35.667644025036552 ], [ 139.763919517837138, 35.667246895798378 ] ] ] } },
{ "type": "Feature", "properties": { "識別id": 8, "利用時間": "09:00-21:00", "制限時間": 60, "手数料": 300, "制限事項1": null, "制限事項2": "１月１日〜３日を除く", "種別": "パーキング・メーター", "普通車": true, "貨物用有り": true, "二輪車": false, "標章車専用有り": false }, "geometry": { "type": "MultiLineString", "coordinates": [ [ [ 139.764950269452385, 35.668037827046078 ], [ 139.764661507711821, 35.668274542181827 ], [ 139.764234844781214, 35.668603105465401 ], [ 139.763577224361654, 35.669080293686896 ], [ 139.763170411159422, 35.669362961743985 ] ] ] } },
{ "type": "Feature", "properties": { "識別id": 9, "利用時間": "09:00-21:00", "制限時間": 60, "手数料": 300, "制限事項1": null, "制限事項2": "１月１日〜３日を除く", "種別": "パーキング・メーター", "普通車": true, "貨物用有り": true, "二輪車": false, "標章車専用有り": false }, "geometry": { "type": "MultiLineString", "coordinates": [ [ [ 139.76415304853424, 35.670285466065856 ], [ 139.765084078868654, 35.669619146551646 ], [ 139.765582213619012, 35.669246384722541 ], [ 139.766002511500943, 35.668882355943694 ] ] ] } },
{ "type": "Feature", "properties": { "識別id": 10, "利用時間": "09:00-21:00", "制限時間": 60, "手数料": 300, "制限事項1": null, "制限事項2": "１月１日〜３日を除く", "種別": "パーキング・メーター", "普通車": true, "貨物用有り": true, "二輪車": false, "標章車専用有り": false }, "geometry": { "type": "MultiLineString", "coordinates": [ [ [ 139.764026270996737, 35.672194681123536 ], [ 139.764364309163597, 35.672513873671505 ], [ 139.765692497927745, 35.673763032122295 ], [ 139.766440023145947, 35.674473676248397 ], [ 139.766949270574173, 35.674933358487692 ], [ 139.767205063521885, 35.675188219204415 ] ] ] } },
{ "type": "Feature", "properties": { "識別id": 13, "利用時間": "09:00-21:00", "制限時間": 60, "手数料": 300, "制限事項1": null, "制限事項2": "１月１日〜３日を除く", "種別": "パーキング・メーター", "普通車": true, "貨物用有り": true, "二輪車": false, "標章車専用有り": false }, "geometry": { "type": "MultiLineString", "coordinates": [ [ [ 139.769544146060923, 35.674301599627874 ], [ 139.768561860185258, 35.673237358513603 ], [ 139.767824076397432, 35.672310479308194 ], [ 139.767026453861661, 35.671316965244721 ], [ 139.76626442571316, 35.670580238359307 ] ] ] } },
{ "type": "Feature", "properties": { "識別id": 14, "利用時間": "09:00-19:00", "制限時間": 60, "手数料": 300, "制限事項1": "日曜・休日を除く", "制限事項2": "１月１日〜３日を除く", "種別": "パーキング・メーター", "普通車": true, "貨物用有り": false, "二輪車": false, "標章車専用有り": false }, "geometry": { "type": "MultiLineString", "coordinates": [ [ [ 139.767587545011935, 35.675298740729673 ], [ 139.767952042003827, 35.675877546001097 ], [ 139.76840435954864, 35.676610607558501 ] ] ] } },
{ "type": "Feature", "properties": { "識別id": 15, "利用時間": "09:00-19:00", "制限時間": 60, "手数料": 300, "制限事項1": "日曜・休日を除く", "制限事項2": "１月１日〜３日を除く", "種別": "パーキング・メーター", "普通車": true, "貨物用有り": false, "二輪車": false, "標章車専用有り": false }, "geometry": { "type": "MultiLineString", "coordinates": [ [ [ 139.766511855031723, 35.676013014834197 ], [ 139.767095554563326, 35.675836797020764 ], [ 139.768525588462524, 35.675390217457675 ], [ 139.768956226547033, 35.675391222436652 ] ] ] } },
{ "type": "Feature", "properties": { "識別id": 17, "利用時間": "09:00-19:00", "制限時間": 60, "手数料": 300, "制限事項1": "日曜・休日を除く", "制限事項2": "１月１日〜３日を除く", "種別": "パーキング・メーター", "普通車": true, "貨物用有り": true, "二輪車": false, "標章車専用有り": false }, "geometry": { "type": "MultiLineString", "coordinates": [ [ [ 139.772760787696853, 35.678236257429866 ], [ 139.7715, 35.6762 ], [ 139.77124, 35.67577 ] ] ] } },
{ "type": "Feature", "properties": { "識別id": 22, "利用時間": "09:00-19:00", "制限時間": 60, "手数料": 300, "制限事項1": "日曜・休日を除く", "制限事項2": "１月１日〜３日を除く", "種別": "パーキング・メーター", "普通車": true, "貨物用有り": true, "二輪車": false, "標章車専用有り": false }, "geometry": { "type": "MultiLineString", "coordinates": [ [ [ 139.77020944602134, 35.676679937930743 ], [ 139.772009519209689, 35.675945571040891 ] ] ] } },
{ "type": "Feature", "properties": { "識別id": 23, "利用時間": "09:00-19:00", "制限時間": 60, "手数料": 300, "制限事項1": "日曜・休日を除く", "制限事項2": "１月１日〜３日を除く", "種別": "パーキング・チケット", "普通車": true, "貨物用有り": true, "二輪車": false, "標章車専用有り": false }, "geometry": { "type": "MultiLineString", "coordinates": [ [ [ 139.772274490737914, 35.677149052691021 ], [ 139.77208, 35.67723 ], [ 139.77086, 35.67773 ] ], [ [ 139.77089, 35.67777 ], [ 139.7722, 35.67724 ], [ 139.772285715274791, 35.677204304214875 ] ] ] } },
{ "type": "Feature", "properties": { "識別id": 26, "利用時間": "09:00-19:00", "制限時間": 60, "手数料": 300, "制限事項1": "日曜・休日を除く", "制限事項2": "１月１日〜３日を除く", "種別": "パーキング・メーター", "普通車": true, "貨物用有り": true, "二輪車": false, "標章車専用有り": false }, "geometry": { "type": "MultiLineString", "coordinates": [ [ [ 139.770513848737323, 35.679999171470591 ], [ 139.771717350404685, 35.681893031733949 ], [ 139.772017375299043, 35.682395737778045 ], [ 139.772341330988695, 35.682947605509348 ] ] ] } },
{ "type": "Feature", "properties": { "識別id": 27, "利用時間": "09:00-19:00", "制限時間": 60, "手数料": 300, "制限事項1": "日曜・休日を除く", "制限事項2": "１月１日〜３日を除く", "種別": "パーキング・メーター", "普通車": true, "貨物用有り": false, "二輪車": false, "標章車専用有り": false }, "geometry": { "type": "MultiLineString", "coordinates": [ [ [ 139.769649552876814, 35.68104289152992 ], [ 139.769929768970258, 35.680934776383715 ], [ 139.772035539681355, 35.680061527657855 ] ] ] } },
{ "type": "Feature", "properties": { "識別id": 28, "利用時間": "09:00-19:00", "制限時間": 60, "手数料": 300, "制限事項1": "日曜・休日を除く", "制限事項2": "１月１日〜３日を除く", "種別": "パーキング・メーター", "普通車": true, "貨物用有り": true, "二輪車": false, "標章車専用有り": false }, "geometry": { "type": "MultiLineString", "coordinates": [ [ [ 139.772238178133676, 35.680379320256158 ], [ 139.771547215551919, 35.680668027619767 ], [ 139.769846593896659, 35.681371452277148 ] ] ] } },
{ "type": "Feature", "properties": { "識別id": 29, "利用時間": "09:00-19:00", "制限時間": 40, "手数料": 200, "制限事項1": "日曜・休日を除く", "制限事項2": "１月１日〜３日を除く", "種別": "パーキング・メーター", "普通車": true, "貨物用有り": false, "二輪車": false, "標章車専用有り": false }, "geometry": { "type": "MultiLineString", "coordinates": [ [ [ 139.772499232443977, 35.680825085954282 ], [ 139.770910490691364, 35.681478428793454 ], [ 139.770234300393099, 35.681736319002184 ] ], [ [ 139.770274068833999, 35.681740340539854 ], [ 139.770702944359016, 35.681581012292426 ], [ 139.770926698530843, 35.681493239401739 ], [ 139.77201468423192, 35.68104279257372 ], [ 139.772482499357437, 35.680848820282222 ] ] ] } },
{ "type": "Feature", "properties": { "識別id": 31, "利用時間": "09:00-19:00", "制限時間": 60, "手数料": 300, "制限事項1": "日曜・休日を除く", "制限事項2": "１月１日〜３日を除く", "種別": "パーキング・メーター", "普通車": true, "貨物用有り": true, "二輪車": false, "標章車専用有り": false }, "geometry": { "type": "MultiLineString", "coordinates": [ [ [ 139.772886145139438, 35.68141694667424 ], [ 139.772734343770054, 35.681497471098155 ], [ 139.771756968192278, 35.681897474111352 ], [ 139.770966456205485, 35.682232022238544 ], [ 139.770566342338327, 35.682385728874472 ] ] ] } },
{ "type": "Feature", "properties": { "識別id": 32, "利用時間": "09:00-19:00", "制限時間": 60, "手数料": 300, "制限事項1": "日曜・休日を除く", "制限事項2": "１月１日〜３日を除く", "種別": "パーキング・メーター", "普通車": true, "貨物用有り": false, "二輪車": false, "標章車専用有り": false }, "geometry": { "type": "MultiLineString", "coordinates": [ [ [ 139.770840623889569, 35.682904612505261 ], [ 139.771298835873097, 35.682727871339821 ], [ 139.772010147208562, 35.682437856007617 ], [ 139.773173659404392, 35.68196406644212 ] ] ] } },
{ "type": "Feature", "properties": { "識別id": 34, "利用時間": "09:00-19:00", "制限時間": 60, "手数料": 300, "制限事項1": "日曜・休日を除く", "制限事項2": "１月１日〜３日を除く", "種別": "パーキング・メーター", "普通車": true, "貨物用有り": false, "二輪車": false, "標章車専用有り": false }, "geometry": { "type": "MultiLineString", "coordinates": [ [ [ 139.772221572598255, 35.679996181520941 ], [ 139.773027368232533, 35.679671323832714 ], [ 139.7734834970355, 35.679462961946314 ] ] ] } },
{ "type": "Feature", "properties": { "識別id": 35, "利用時間": "09:00-19:00", "制限時間": 60, "手数料": 300, "制限事項1": "日曜・休日を除く", "制限事項2": "１月１日〜３日を除く", "種別": "パーキング・メーター", "普通車": true, "貨物用有り": false, "二輪車": false, "標章車専用有り": false }, "geometry": { "type": "MultiLineString", "coordinates": [ [ [ 139.77368525383784, 35.679773163896073 ], [ 139.772417689142969, 35.680304207742665 ] ] ] } },
{ "type": "Feature", "properties": { "識別id": 37, "利用時間": "09:00-19:00", "制限時間": 60, "手数料": 300, "制限事項1": "日曜・休日を除く", "制限事項2": "１月１日〜３日を除く", "種別": "パーキング・メーター", "普通車": true, "貨物用有り": false, "二輪車": false, "標章車専用有り": false }, "geometry": { "type": "MultiLineString", "coordinates": [ [ [ 139.755429478804757, 35.669165746358551 ], [ 139.756715106676381, 35.668733870297579 ], [ 139.757766224533725, 35.668382506053916 ] ] ] } },
{ "type": "Feature", "properties": { "識別id": 38, "利用時間": "09:00-19:00", "制限時間": 60, "手数料": 300, "制限事項1": "日曜・休日を除く", "制限事項2": "１月１日〜３日を除く", "種別": "パーキング・メーター", "普通車": true, "貨物用有り": true, "二輪車": false, "標章車専用有り": false }, "geometry": { "type": "MultiLineString", "coordinates": [ [ [ 139.756934939896411, 35.669080204872046 ], [ 139.755622110548046, 35.669488792056306 ] ] ] } },
{ "type": "Feature", "properties": { "識別id": 39, "利用時間": "09:00-19:00", "制限時間": 60, "手数料": 300, "制限事項1": "日曜・休日を除く", "制限事項2": "１月１日〜３日を除く", "種別": "パーキング・メーター", "普通車": true, "貨物用有り": false, "二輪車": false, "標章車専用有り": false }, "geometry": { "type": "MultiLineString", "coordinates": [ [ [ 139.756488185868591, 35.668205786083455 ], [ 139.75742456533311, 35.669988610091053 ] ] ] } },
{ "type": "Feature", "properties": { "識別id": 40, "利用時間": "09:00-19:00", "制限時間": 60, "手数料": 300, "制限事項1": "日曜・休日を除く", "制限事項2": "１月１日〜３日を除く", "種別": "パーキング・メーター", "普通車": true, "貨物用有り": false, "二輪車": false, "標章車専用有り": false }, "geometry": { "type": "MultiLineString", "coordinates": [ [ [ 139.75805148087079, 35.668672658883636 ], [ 139.757922635059288, 35.668373850081387 ] ] ] } },
{ "type": "Feature", "properties": { "識別id": 41, "利用時間": "09:00-21:00", "制限時間": 60, "手数料": 300, "制限事項1": null, "制限事項2": "１月１日〜３日を除く", "種別": "パーキング・メーター", "普通車": true, "貨物用有り": true, "二輪車": false, "標章車専用有り": false }, "geometry": { "type": "MultiLineString", "coordinates": [ [ [ 139.764372486985593, 35.673152293471539 ], [ 139.765201433378508, 35.672566092941885 ], [ 139.766423256768405, 35.671717689188284 ], [ 139.766962425366756, 35.671330230882589 ] ] ] } },
{ "type": "Feature", "properties": { "識別id": 42, "利用時間": "09:00-19:00", "制限時間": 60, "手数料": 300, "制限事項1": "日曜・休日を除く", "制限事項2": "１月１日〜３日を除く", "種別": "パーキング・メーター", "普通車": true, "貨物用有り": true, "二輪車": false, "標章車専用有り": false }, "geometry": { "type": "MultiLineString", "coordinates": [ [ [ 139.76533, 35.68029 ], [ 139.76543, 35.68019 ], [ 139.76564, 35.67988 ], [ 139.76575, 35.6797 ], [ 139.76579, 35.67963 ], [ 139.765691982803332, 35.679807592776385 ], [ 139.765639067459148, 35.679871891560992 ], [ 139.76574072883605, 35.679708317628752 ] ] ] } },
{ "type": "Feature", "properties": { "識別id": 43, "利用時間": "09:00-21:00", "制限時間": 60, "手数料": 300, "制限事項1": null, "制限事項2": "１月１日〜３日を除く", "種別": "パーキング・メーター", "普通車": true, "貨物用有り": true, "二輪車": false, "標章車専用有り": false }, "geometry": { "type": "MultiLineString", "coordinates": [ [ [ 139.758781548095754, 35.66863564643765 ], [ 139.758786774593744, 35.668715469920208 ], [ 139.758810286375507, 35.668787767529153 ], [ 139.759118345431574, 35.669338327014735 ], [ 139.759184263750711, 35.669474482680535 ], [ 139.759559931918005, 35.670140895641893 ], [ 139.760580619475547, 35.67193950014304 ] ] ] } },
{ "type": "Feature", "properties": { "識別id": 44, "利用時間": "09:00-19:00", "制限時間": 60, "手数料": 300, "制限事項1": "日曜・休日を除く", "制限事項2": "１月１日〜３日を除く", "種別": "パーキング・メーター", "普通車": true, "貨物用有り": true, "二輪車": false, "標章車専用有り": false }, "geometry": { "type": "MultiLineString", "coordinates": [ [ [ 139.763844354228496, 35.683240117891494 ], [ 139.762796782267202, 35.683467495354066 ] ] ] } },
{ "type": "Feature", "properties": { "識別id": 45, "利用時間": "09:00-19:00", "制限時間": 60, "手数料": 300, "制限事項1": "日曜・休日を除く", "制限事項2": "１月１日〜３日を除く", "種別": "パーキング・メーター", "普通車": true, "貨物用有り": false, "二輪車": false, "標章車専用有り": false }, "geometry": { "type": "MultiLineString", "coordinates": [ [ [ 139.774125769739612, 35.683497564576271 ], [ 139.772810788935715, 35.683806366743575 ], [ 139.771758245011995, 35.684050514638784 ], [ 139.771637610407993, 35.684056702742708 ], [ 139.771357240460674, 35.684117392493768 ] ], [ [ 139.771496101986003, 35.68419282696037 ], [ 139.774151186734457, 35.683574553646601 ] ] ] } },
{ "type": "Feature", "properties": { "識別id": 56, "利用時間": "09:00-19:00", "制限時間": 60, "手数料": 300, "制限事項1": "日曜・休日を除く", "制限事項2": "１月１日〜３日を除く", "種別": "パーキング・メーター", "普通車": true, "貨物用有り": false, "二輪車": false, "標章車専用有り": false }, "geometry": { "type": "MultiLineString", "coordinates": [ [ [ 139.774480217180724, 35.689004504551377 ], [ 139.775016219434633, 35.6876793899864 ], [ 139.775590678718316, 35.686318158359754 ], [ 139.775882873033538, 35.685619346239186 ], [ 139.776241424892589, 35.68482800039348 ] ] ] } },
{ "type": "Feature", "properties": { "識別id": 57, "利用時間": "09:00-19:00", "制限時間": 60, "手数料": 300, "制限事項1": "日曜・休日を除く", "制限事項2": "１月１日〜３日を除く", "種別": "パーキング・メーター", "普通車": true, "貨物用有り": false, "二輪車": false, "標章車専用有り": false }, "geometry": { "type": "MultiLineString", "coordinates": [ [ [ 139.774668904889353, 35.684934268280877 ], [ 139.776637185729953, 35.685503558946223 ] ] ] } },
{ "type": "Feature", "properties": { "識別id": 60, "利用時間": "09:00-19:00", "制限時間": 60, "手数料": 300, "制限事項1": "日曜・休日を除く", "制限事項2": "１月１日〜３日を除く", "種別": "パーキング・メーター", "普通車": true, "貨物用有り": false, "二輪車": false, "標章車専用有り": false }, "geometry": { "type": "MultiLineString", "coordinates": [ [ [ 139.773498116576803, 35.687591512326641 ], [ 139.775964511268484, 35.688398968482353 ] ], [ [ 139.775986117975322, 35.688326819060912 ], [ 139.773509811741746, 35.687527441177551 ] ] ] } },
{ "type": "Feature", "properties": { "識別id": 64, "利用時間": "08:00-20:00", "制限時間": 60, "手数料": 300, "制限事項1": null, "制限事項2": "１月１日〜３日を除く", "種別": "パーキング・メーター", "普通車": true, "貨物用有り": false, "二輪車": false, "標章車専用有り": false }, "geometry": { "type": "MultiLineString", "coordinates": [ [ [ 139.765059712212121, 35.689938343625634 ], [ 139.765515877081157, 35.692308489505223 ] ] ] } },
{ "type": "Feature", "properties": { "識別id": 66, "利用時間": "08:00-20:00", "制限時間": 60, "手数料": 300, "制限事項1": null, "制限事項2": "１月１日〜３日を除く", "種別": "パーキング・メーター", "普通車": true, "貨物用有り": false, "二輪車": false, "標章車専用有り": false }, "geometry": { "type": "MultiLineString", "coordinates": [ [ [ 139.766113037799926, 35.68977298610325 ], [ 139.766578973111706, 35.692191137679856 ] ] ] } },
{ "type": "Feature", "properties": { "識別id": 67, "利用時間": "08:00-20:00", "制限時間": 60, "手数料": 300, "制限事項1": null, "制限事項2": "１月１日〜３日を除く", "種別": "パーキング・メーター", "普通車": true, "貨物用有り": true, "二輪車": false, "標章車専用有り": false }, "geometry": { "type": "MultiLineString", "coordinates": [ [ [ 139.764728516734749, 35.690905677366622 ], [ 139.766219538306416, 35.690744541215942 ], [ 139.767038222564423, 35.690662583286581 ] ] ] } },
{ "type": "Feature", "properties": { "識別id": 68, "利用時間": "08:00-20:00", "制限時間": 60, "手数料": 300, "制限事項1": null, "制限事項2": "１月１日〜３日を除く", "種別": "パーキング・メーター", "普通車": true, "貨物用有り": false, "二輪車": false, "標章車専用有り": false }, "geometry": { "type": "MultiLineString", "coordinates": [ [ [ 139.767738556079991, 35.689550566650546 ], [ 139.76798228653945, 35.690579573253338 ], [ 139.76831577339496, 35.69193999099592 ], [ 139.768187014753153, 35.692271395524287 ] ] ] } },
{ "type": "Feature", "properties": { "識別id": 69, "利用時間": "08:00-20:00", "制限時間": 60, "手数料": 300, "制限事項1": null, "制限事項2": "１月１日〜３日を除く", "種別": "パーキング・メーター", "普通車": true, "貨物用有り": true, "二輪車": false, "標章車専用有り": false }, "geometry": { "type": "MultiLineString", "coordinates": [ [ [ 139.767238930454369, 35.690649477299594 ], [ 139.768936608217274, 35.69047042631891 ], [ 139.769815100675913, 35.690382025927114 ], [ 139.7698739317064, 35.690359912521345 ] ] ] } },
{ "type": "Feature", "properties": { "識別id": 70, "利用時間": "08:00-20:00", "制限時間": 60, "手数料": 300, "制限事項1": "日曜・休日を除く", "制限事項2": "１月１日〜３日を除く", "種別": "パーキング・メーター", "普通車": true, "貨物用有り": true, "二輪車": false, "標章車専用有り": false }, "geometry": { "type": "MultiLineString", "coordinates": [ [ [ 139.769056590350061, 35.69251663949386 ], [ 139.769127713487819, 35.692154912974594 ], [ 139.769093392841029, 35.69160188158277 ], [ 139.769006993878406, 35.690765667507065 ], [ 139.768975946927952, 35.690432272828843 ], [ 139.768864280657709, 35.689887715566925 ], [ 139.768844681313965, 35.689794076702121 ], [ 139.768849171249741, 35.689681036303313 ], [ 139.768863820461348, 35.689627047067304 ] ] ] } },
{ "type": "Feature", "properties": { "識別id": 71, "利用時間": "08:00-20:00", "制限時間": 60, "手数料": 300, "制限事項1": null, "制限事項2": "１月１日〜３日を除く", "種別": "パーキング・メーター", "普通車": true, "貨物用有り": false, "二輪車": false, "標章車専用有り": false }, "geometry": { "type": "MultiLineString", "coordinates": [ [ [ 139.767493692217812, 35.691708844700351 ], [ 139.769005804230289, 35.691578926461574 ], [ 139.769710324861705, 35.69154566792367 ] ] ] } },
{ "type": "Feature", "properties": { "識別id": 72, "利用時間": "08:00-20:00", "制限時間": 60, "手数料": 300, "制限事項1": null, "制限事項2": "１月１日〜３日を除く", "種別": "パーキング・メーター", "普通車": true, "貨物用有り": true, "二輪車": false, "標章車専用有り": false }, "geometry": { "type": "MultiLineString", "coordinates": [ [ [ 139.769269355755142, 35.693909809363916 ], [ 139.768837525164628, 35.694972594271 ] ] ] } },
{ "type": "Feature", "properties": { "識別id": 74, "利用時間": "08:00-20:00", "制限時間": 60, "手数料": 300, "制限事項1": null, "制限事項2": "１月１日〜３日を除く", "種別": "パーキング・メーター", "普通車": true, "貨物用有り": false, "二輪車": false, "標章車専用有り": false }, "geometry": { "type": "MultiLineString", "coordinates": [ [ [ 139.766204341879217, 35.69476828947861 ], [ 139.76644718506077, 35.694122738992291 ], [ 139.766441972727904, 35.693990299203243 ], [ 139.766340163858388, 35.693204966182712 ], [ 139.766191736593981, 35.692383782747136 ] ] ] } },
{ "type": "Feature", "properties": { "識別id": 75, "利用時間": "08:00-20:00", "制限時間": 60, "手数料": 300, "制限事項1": "日曜・休日を除く", "制限事項2": "１月１日〜３日を除く", "種別": "パーキング・メーター", "普通車": true, "貨物用有り": false, "二輪車": false, "標章車専用有り": false }, "geometry": { "type": "MultiLineString", "coordinates": [ [ [ 139.766609026222028, 35.692339217876523 ], [ 139.76671693062346, 35.692893207270608 ], [ 139.766892254222228, 35.693787264366719 ], [ 139.766976873134922, 35.694250412718304 ] ] ] } },
{ "type": "Feature", "properties": { "識別id": 76, "利用時間": "08:00-20:00", "制限時間": 60, "手数料": 300, "制限事項1": null, "制限事項2": "１月１日〜３日を除く", "種別": "パーキング・メーター", "普通車": true, "貨物用有り": true, "二輪車": false, "標章車専用有り": false }, "geometry": { "type": "MultiLineString", "coordinates": [ [ [ 139.767335341234201, 35.693342211087064 ], [ 139.766300178965878, 35.6934456383838 ], [ 139.765274118373895, 35.693551538076186 ] ] ] } },
{ "type": "Feature", "properties": { "識別id": 77, "利用時間": "08:00-20:00", "制限時間": 60, "手数料": 300, "制限事項1": null, "制限事項2": "１月１日〜３日を除く", "種別": "パーキング・メーター", "普通車": true, "貨物用有り": false, "二輪車": false, "標章車専用有り": false }, "geometry": { "type": "MultiLineString", "coordinates": [ [ [ 139.765440165863311, 35.693898543645531 ], [ 139.767374364885313, 35.694414673789012 ] ] ] } },
{ "type": "Feature", "properties": { "識別id": 78, "利用時間": "08:00-20:00", "制限時間": 60, "手数料": 300, "制限事項1": null, "制限事項2": "１月１日〜３日を除く", "種別": "パーキング・メーター", "普通車": true, "貨物用有り": true, "二輪車": false, "標章車専用有り": false }, "geometry": { "type": "MultiLineString", "coordinates": [ [ [ 139.76505416302254, 35.692494875304391 ], [ 139.767058314001844, 35.692282855341261 ], [ 139.767666982994768, 35.692236106604341 ], [ 139.769655321248166, 35.692783375718726 ], [ 139.771001184616239, 35.693156299361291 ] ], [ [ 139.771051738899644, 35.693060472265195 ], [ 139.769063979430598, 35.692526611073177 ], [ 139.767525371195092, 35.692095951518411 ], [ 139.765030719287864, 35.692371329708088 ] ], [ [ 139.758848791007722, 35.692900503405752 ], [ 139.761092733801547, 35.692986118416208 ], [ 139.762543050718335, 35.692776851391628 ], [ 139.764825046417087, 35.692511040567197 ] ], [ [ 139.764793294369014, 35.692405265259147 ], [ 139.763117089639707, 35.692591829515763 ], [ 139.761182583907384, 35.692846411491502 ] ], [ [ 139.76096319074793, 35.692856238438814 ], [ 139.758875247652242, 35.692767977386055 ] ] ] } },
{ "type": "Feature", "properties": { "識別id": 80, "利用時間": "07:00-20:00", "制限時間": 60, "手数料": 300, "制限事項1": null, "制限事項2": "１月１日〜３日を除く", "種別": "パーキング・メーター", "普通車": true, "貨物用有り": true, "二輪車": false, "標章車専用有り": false }, "geometry": { "type": "MultiLineString", "coordinates": [ [ [ 139.776787317790991, 35.69652475209265 ], [ 139.77735, 35.69651 ], [ 139.778721953372951, 35.696485838492848 ], [ 139.77993, 35.69646 ] ], [ [ 139.77992, 35.69641 ], [ 139.77752, 35.69645 ], [ 139.77577, 35.69648 ] ] ] } },
{ "type": "Feature", "properties": { "識別id": 82, "利用時間": "07:00-20:00", "制限時間": 60, "手数料": 300, "制限事項1": null, "制限事項2": "１月１日〜３日を除く", "種別": "パーキング・チケット", "普通車": true, "貨物用有り": false, "二輪車": false, "標章車専用有り": false }, "geometry": { "type": "MultiLineString", "coordinates": [ [ [ 139.768797739362327, 35.698038467397851 ], [ 139.769253754196342, 35.697613674097774 ], [ 139.769470338161113, 35.6974162575561 ], [ 139.769522462761984, 35.697330491958368 ], [ 139.769842434960907, 35.696550307106691 ], [ 139.769853628652783, 35.696398517372963 ], [ 139.770068685508278, 35.695879760108646 ] ] ] } },
{ "type": "Feature", "properties": { "識別id": 83, "利用時間": "07:00-20:00", "制限時間": 60, "手数料": 300, "制限事項1": null, "制限事項2": "１月１日〜３日を除く", "種別": "パーキング・チケット", "普通車": true, "貨物用有り": true, "二輪車": false, "標章車専用有り": false }, "geometry": { "type": "MultiLineString", "coordinates": [ [ [ 139.769932804846292, 35.695909902834025 ], [ 139.769754379673827, 35.69636771943248 ], [ 139.769704772654023, 35.696475274845248 ], [ 139.769637966372528, 35.696668167855869 ], [ 139.769632566127996, 35.696779640138679 ] ] ] } },
{ "type": "Feature", "properties": { "識別id": 84, "利用時間": "07:00-20:00", "制限時間": 60, "手数料": 300, "制限事項1": null, "制限事項2": "１月１日〜３日を除く", "種別": "パーキング・メーター", "普通車": true, "貨物用有り": false, "二輪車": false, "標章車専用有り": false }, "geometry": { "type": "MultiLineString", "coordinates": [ [ [ 139.771596957555431, 35.695894255478656 ], [ 139.771284019352692, 35.696696075657137 ] ] ] } },
{ "type": "Feature", "properties": { "識別id": 85, "利用時間": "07:00-20:00", "制限時間": 60, "手数料": 300, "制限事項1": null, "制限事項2": "１月１日〜３日を除く", "種別": "パーキング・メーター", "普通車": true, "貨物用有り": false, "二輪車": false, "標章車専用有り": false }, "geometry": { "type": "MultiLineString", "coordinates": [ [ [ 139.770809146782597, 35.695612111241275 ], [ 139.771272118722152, 35.694463371395585 ] ] ] } },
{ "type": "Feature", "properties": { "識別id": 86, "利用時間": "07:00-20:00", "制限時間": 60, "手数料": 300, "制限事項1": null, "制限事項2": "１月１日〜３日を除く", "種別": "パーキング・メーター", "普通車": true, "貨物用有り": false, "二輪車": false, "標章車専用有り": false }, "geometry": { "type": "MultiLineString", "coordinates": [ [ [ 139.774030445423875, 35.693991695588899 ], [ 139.773604193071577, 35.695060551566357 ], [ 139.773615761664104, 35.695511935147941 ] ] ] } },
{ "type": "Feature", "properties": { "識別id": 87, "利用時間": "07:00-20:00", "制限時間": 60, "手数料": 300, "制限事項1": null, "制限事項2": "１月１日〜３日を除く", "種別": "パーキング・メーター", "普通車": true, "貨物用有り": true, "二輪車": false, "標章車専用有り": false }, "geometry": { "type": "MultiLineString", "coordinates": [ [ [ 139.77478543276365, 35.695483678129015 ], [ 139.774653994116818, 35.695339421828542 ], [ 139.770779139406187, 35.694279081905961 ] ] ] } },
{ "type": "Feature", "properties": { "識別id": 88, "利用時間": "07:00-20:00", "制限時間": 60, "手数料": 300, "制限事項1": null, "制限事項2": "１月１日〜３日を除く", "種別": "パーキング・メーター", "普通車": true, "貨物用有り": false, "二輪車": false, "標章車専用有り": false }, "geometry": { "type": "MultiLineString", "coordinates": [ [ [ 139.769357095251564, 35.692595837043434 ], [ 139.770163764481623, 35.690604313228157 ] ] ] } },
{ "type": "Feature", "properties": { "識別id": 91, "利用時間": "09:00-20:00", "制限時間": 60, "手数料": 300, "制限事項1": null, "制限事項2": "１月１日〜３日を除く", "種別": "パーキング・メーター", "普通車": true, "貨物用有り": false, "二輪車": false, "標章車専用有り": false }, "geometry": { "type": "MultiLineString", "coordinates": [ [ [ 139.771598101431834, 35.688258354912236 ], [ 139.770745043527711, 35.69031884196265 ] ] ] } },
{ "type": "Feature", "properties": { "識別id": 92, "利用時間": "07:00-20:00", "制限時間": 60, "手数料": 300, "制限事項1": null, "制限事項2": "１月１日〜３日を除く", "種別": "パーキング・メーター", "普通車": true, "貨物用有り": false, "二輪車": false, "標章車専用有り": false }, "geometry": { "type": "MultiLineString", "coordinates": [ [ [ 139.77262590649093, 35.693468214159921 ], [ 139.773469690029515, 35.691390561838801 ] ] ] } },
{ "type": "Feature", "properties": { "識別id": 93, "利用時間": "09:00-20:00", "制限時間": 60, "手数料": 300, "制限事項1": "日曜・休日を除く", "制限事項2": "１月１日〜３日を除く", "種別": "パーキング・メーター", "普通車": true, "貨物用有り": false, "二輪車": false, "標章車専用有り": false }, "geometry": { "type": "MultiLineString", "coordinates": [ [ [ 139.774665436644938, 35.692478402616786 ], [ 139.774523953037885, 35.692718331248308 ], [ 139.774084506659051, 35.693864021870574 ] ] ] } },
{ "type": "Feature", "properties": { "識別id": 94, "利用時間": "09:00-20:00", "制限時間": 60, "手数料": 300, "制限事項1": "日曜・休日を除く", "制限事項2": "１月１日〜３日を除く", "種別": "パーキング・メーター", "普通車": true, "貨物用有り": false, "二輪車": false, "標章車専用有り": false }, "geometry": { "type": "MultiLineString", "coordinates": [ [ [ 139.774761578773081, 35.692917684549123 ], [ 139.771675795222507, 35.692037286029255 ] ] ] } },
{ "type": "Feature", "properties": { "識別id": 95, "利用時間": "09:00-20:00", "制限時間": 60, "手数料": 300, "制限事項1": "日曜・休日を除く", "制限事項2": "１月１日〜３日を除く", "種別": "パーキング・メーター", "普通車": true, "貨物用有り": false, "二輪車": false, "標章車専用有り": false }, "geometry": { "type": "MultiLineString", "coordinates": [ [ [ 139.773166490042286, 35.692029011131879 ], [ 139.771835168093361, 35.691636759449409 ] ] ] } },
{ "type": "Feature", "properties": { "識別id": 96, "利用時間": "07:00-20:00", "制限時間": 60, "手数料": 300, "制限事項1": null, "制限事項2": "１月１日〜３日を除く", "種別": "パーキング・メーター", "普通車": true, "貨物用有り": false, "二輪車": false, "標章車専用有り": false }, "geometry": { "type": "MultiLineString", "coordinates": [ [ [ 139.774833586067842, 35.691057568443973 ], [ 139.772389399824988, 35.690268286896988 ] ] ] } },
{ "type": "Feature", "properties": { "識別id": 97, "利用時間": "07:00-20:00", "制限時間": 60, "手数料": 300, "制限事項1": null, "制限事項2": "１月１日〜３日を除く", "種別": "パーキング・メーター", "普通車": true, "貨物用有り": false, "二輪車": false, "標章車専用有り": false }, "geometry": { "type": "MultiLineString", "coordinates": [ [ [ 139.772208465165534, 35.690203206887553 ], [ 139.77046266025971, 35.6896264111652 ] ] ] } },
{ "type": "Feature", "properties": { "識別id": 98, "利用時間": "07:00-20:00", "制限時間": 60, "手数料": 300, "制限事項1": null, "制限事項2": "１月１日〜３日を除く", "種別": "パーキング・メーター", "普通車": true, "貨物用有り": false, "二輪車": false, "標章車専用有り": false }, "geometry": { "type": "MultiLineString", "coordinates": [ [ [ 139.76979571232377, 35.691551600980006 ], [ 139.770163070545436, 35.691657743493039 ] ] ] } },
{ "type": "Feature", "properties": { "識別id": 99, "利用時間": "09:00-19:00", "制限時間": 60, "手数料": 300, "制限事項1": "日曜・休日を除く", "制限事項2": "１月１日〜３日を除く", "種別": "パーキング・メーター", "普通車": true, "貨物用有り": true, "二輪車": false, "標章車専用有り": false }, "geometry": { "type": "MultiLineString", "coordinates": [ [ [ 139.757422335300788, 35.667336735376956 ], [ 139.756773550629191, 35.666118131815189 ] ] ] } },
{ "type": "Feature", "properties": { "識別id": 100, "利用時間": "09:00-19:00", "制限時間": 60, "手数料": 300, "制限事項1": "日曜・休日を除く", "制限事項2": "１月１日〜３日を除く", "種別": "パーキング・メーター", "普通車": true, "貨物用有り": true, "二輪車": false, "標章車専用有り": false }, "geometry": { "type": "MultiLineString", "coordinates": [ [ [ 139.757853412714496, 35.666270250719784 ], [ 139.757976993512244, 35.665745469946749 ] ] ] } },
{ "type": "Feature", "properties": { "識別id": 101, "利用時間": "09:00-19:00", "制限時間": 60, "手数料": 300, "制限事項1": "日曜・休日を除く", "制限事項2": "１月１日〜３日を除く", "種別": "パーキング・メーター", "普通車": true, "貨物用有り": true, "二輪車": false, "標章車専用有り": false }, "geometry": { "type": "MultiLineString", "coordinates": [ [ [ 139.75434646377758, 35.666939367553439 ], [ 139.755641436067293, 35.666503570131397 ] ], [ [ 139.755617050401469, 35.666455396774893 ], [ 139.754323417189227, 35.666887782718575 ] ] ] } },
{ "type": "Feature", "properties": { "識別id": 103, "利用時間": "09:00-19:00", "制限時間": 60, "手数料": 300, "制限事項1": "日曜・休日を除く", "制限事項2": "１月１日〜３日を除く", "種別": "パーキング・メーター", "普通車": true, "貨物用有り": true, "二輪車": false, "標章車専用有り": false }, "geometry": { "type": "MultiLineString", "coordinates": [ [ [ 139.751936328981259, 35.67017631695466 ], [ 139.752455069812015, 35.670191263223423 ], [ 139.753758662835509, 35.669723738831401 ], [ 139.755110585777686, 35.669267083353439 ] ] ] } },
{ "type": "Feature", "properties": { "識別id": 104, "利用時間": "09:00-19:00", "制限時間": 60, "手数料": 300, "制限事項1": "日曜・休日を除く", "制限事項2": "１月１日〜３日を除く", "種別": "パーキング・メーター", "普通車": true, "貨物用有り": false, "二輪車": false, "標章車専用有り": false }, "geometry": { "type": "MultiLineString", "coordinates": [ [ [ 139.754944088410952, 35.665157485920439 ], [ 139.753709290373365, 35.665554951792004 ] ] ] } },
{ "type": "Feature", "properties": { "識別id": 105, "利用時間": "09:00-19:00", "制限時間": 60, "手数料": 300, "制限事項1": "日曜・休日を除く", "制限事項2": "１月１日〜３日を除く", "種別": "パーキング・メーター", "普通車": true, "貨物用有り": false, "二輪車": false, "標章車専用有り": false }, "geometry": { "type": "MultiLineString", "coordinates": [ [ [ 139.757326487493458, 35.663129581394237 ], [ 139.755947302790247, 35.663603040764038 ], [ 139.754082507277957, 35.664253222315452 ], [ 139.753235012291782, 35.664525363281079 ] ] ] } },
{ "type": "Feature", "properties": { "識別id": 106, "利用時間": "09:00-19:00", "制限時間": 60, "手数料": 300, "制限事項1": "日曜・休日を除く", "制限事項2": "１月１日〜３日を除く", "種別": "パーキング・メーター", "普通車": true, "貨物用有り": false, "二輪車": false, "標章車専用有り": false }, "geometry": { "type": "MultiLineString", "coordinates": [ [ [ 139.752971572742609, 35.663954546732207 ], [ 139.754150289750328, 35.663562466084741 ] ] ] } },
{ "type": "Feature", "properties": { "識別id": 107, "利用時間": "09:00-19:00", "制限時間": 60, "手数料": 300, "制限事項1": "日曜・休日を除く", "制限事項2": "１月１日〜３日を除く", "種別": "パーキング・メーター", "普通車": true, "貨物用有り": false, "二輪車": false, "標章車専用有り": false }, "geometry": { "type": "MultiLineString", "coordinates": [ [ [ 139.756127057580272, 35.661693785732091 ], [ 139.755593037268454, 35.661993019580876 ], [ 139.753782452889908, 35.662521762529906 ] ] ] } },
{ "type": "Feature", "properties": { "識別id": 108, "利用時間": "09:00-19:00", "制限時間": 60, "手数料": 300, "制限事項1": "日曜・休日を除く", "制限事項2": "１月１日〜３日を除く", "種別": "パーキング・メーター", "普通車": true, "貨物用有り": true, "二輪車": false, "標章車専用有り": false }, "geometry": { "type": "MultiLineString", "coordinates": [ [ [ 139.755645587238234, 35.668210221642596 ], [ 139.7551005504682, 35.667086001164478 ], [ 139.75427846866603, 35.665429108474704 ] ] ] } },
{ "type": "Feature", "properties": { "識別id": 109, "利用時間": "09:00-19:00", "制限時間": 60, "手数料": 300, "制限事項1": "日曜・休日を除く", "制限事項2": "１月１日〜３日を除く", "種別": "パーキング・メーター", "普通車": true, "貨物用有り": false, "二輪車": false, "標章車専用有り": false }, "geometry": { "type": "MultiLineString", "coordinates": [ [ [ 139.756179144443109, 35.665093650869743 ], [ 139.755837895708538, 35.66443555478395 ] ] ] } },
{ "type": "Feature", "properties": { "識別id": 110, "利用時間": "09:00-19:00", "制限時間": 60, "手数料": 300, "制限事項1": "日曜・休日を除く", "制限事項2": "１月１日〜３日を除く", "種別": "パーキング・メーター", "普通車": true, "貨物用有り": false, "二輪車": false, "標章車専用有り": false }, "geometry": { "type": "MultiLineString", "coordinates": [ [ [ 139.75514261044313, 35.661071158969065 ], [ 139.754906421050293, 35.661147214530772 ], [ 139.753363815974467, 35.6616192197231 ] ] ] } },
{ "type": "Feature", "properties": { "識別id": 112, "利用時間": "09:00-19:00", "制限時間": 60, "手数料": 300, "制限事項1": "日曜・休日を除く", "制限事項2": "１月１日〜３日を除く", "種別": "パーキング・メーター", "普通車": true, "貨物用有り": true, "二輪車": false, "標章車専用有り": false }, "geometry": { "type": "MultiLineString", "coordinates": [ [ [ 139.753484078733976, 35.668886043957428 ], [ 139.753194515238562, 35.668276428639373 ], [ 139.752150423093781, 35.666174110687891 ] ] ] } },
{ "type": "Feature", "properties": { "識別id": 115, "利用時間": "09:00-19:00", "制限時間": 60, "手数料": 300, "制限事項1": "日曜・休日を除く", "制限事項2": "１月１日〜３日を除く", "種別": "パーキング・メーター", "普通車": true, "貨物用有り": true, "二輪車": false, "標章車専用有り": false }, "geometry": { "type": "MultiLineString", "coordinates": [ [ [ 139.750911837702319, 35.668077252345974 ], [ 139.75412830950853, 35.667008808584569 ] ], [ [ 139.754101012629917, 35.666947636778211 ], [ 139.750885134182596, 35.668013974006328 ] ] ] } },
{ "type": "Feature", "properties": { "識別id": 117, "利用時間": "09:00-19:00", "制限時間": 60, "手数料": 300, "制限事項1": "日曜・休日を除く", "制限事項2": "１月１日〜３日を除く", "種別": "パーキング・メーター", "普通車": true, "貨物用有り": true, "二輪車": false, "標章車専用有り": false }, "geometry": { "type": "MultiLineString", "coordinates": [ [ [ 139.757953515190991, 35.66447802363578 ], [ 139.757495348221397, 35.664658577135505 ], [ 139.757263534034593, 35.664740385189589 ], [ 139.755726248968074, 35.665254845672436 ], [ 139.75519277551129, 35.665423734964293 ] ] ] } },
{ "type": "Feature", "properties": { "識別id": 118, "利用時間": "08:00-20:00", "制限時間": 60, "手数料": 300, "制限事項1": null, "制限事項2": "１月１日〜３日を除く", "種別": "パーキング・メーター", "普通車": true, "貨物用有り": false, "二輪車": false, "標章車専用有り": false }, "geometry": { "type": "MultiLineString", "coordinates": [ [ [ 139.759677452119149, 35.692940937823451 ], [ 139.759652122468452, 35.693823943582466 ] ] ] } },
{ "type": "Feature", "properties": { "識別id": 119, "利用時間": "08:00-20:00", "制限時間": 60, "手数料": 300, "制限事項1": null, "制限事項2": "１月１日〜３日を除く", "種別": "パーキング・メーター", "普通車": true, "貨物用有り": false, "二輪車": false, "標章車専用有り": false }, "geometry": { "type": "MultiLineString", "coordinates": [ [ [ 139.759719477652226, 35.69169516545913 ], [ 139.759691391157645, 35.692793176815464 ] ] ] } },
{ "type": "Feature", "properties": { "識別id": 122, "利用時間": "08:00-20:00", "制限時間": 60, "手数料": 300, "制限事項1": null, "制限事項2": "１月１日〜３日を除く", "種別": "パーキング・メーター", "普通車": true, "貨物用有り": true, "二輪車": false, "標章車専用有り": false }, "geometry": { "type": "MultiLineString", "coordinates": [ [ [ 139.758222706566897, 35.699068665870854 ], [ 139.758827994799844, 35.698412799088935 ], [ 139.759390882942512, 35.697603408701859 ], [ 139.759791095209579, 35.697021685182612 ], [ 139.759854418465579, 35.6969369674053 ], [ 139.759950466162223, 35.696800463800997 ], [ 139.760496666595458, 35.696173331807238 ] ], [ [ 139.760442871753014, 35.696141198981223 ], [ 139.760037364648497, 35.6966025982574 ], [ 139.759900354197583, 35.696769033887591 ], [ 139.759441237214219, 35.697427896495263 ], [ 139.758785734811454, 35.698343910812461 ], [ 139.758734661240311, 35.698431961273592 ], [ 139.758352271916721, 35.698823682333931 ], [ 139.758161456995794, 35.699035541446264 ] ] ] } },
{ "type": "Feature", "properties": { "識別id": 124, "利用時間": "08:00-20:00", "制限時間": 60, "手数料": 300, "制限事項1": null, "制限事項2": "１月１日〜３日を除く", "種別": "パーキング・メーター", "普通車": true, "貨物用有り": true, "二輪車": false, "標章車専用有り": false }, "geometry": { "type": "MultiLineString", "coordinates": [ [ [ 139.75654783688617, 35.701374061795299 ], [ 139.75585482514623, 35.701552709457033 ], [ 139.755578270992146, 35.701610303183017 ], [ 139.755487633184401, 35.701612484883761 ] ] ] } },
{ "type": "Feature", "properties": { "識別id": 125, "利用時間": "08:00-20:00", "制限時間": 60, "手数料": 300, "制限事項1": null, "制限事項2": "１月１日〜３日を除く", "種別": "パーキング・メーター", "普通車": true, "貨物用有り": false, "二輪車": false, "標章車専用有り": false }, "geometry": { "type": "MultiLineString", "coordinates": [ [ [ 139.755675641378815, 35.700986385123556 ], [ 139.756561570593902, 35.701289049931482 ] ] ] } },
{ "type": "Feature", "properties": { "識別id": 126, "利用時間": "08:00-20:00", "制限時間": 60, "手数料": 300, "制限事項1": null, "制限事項2": "１月１日〜３日を除く", "種別": "パーキング・メーター", "普通車": true, "貨物用有り": false, "二輪車": false, "標章車専用有り": false }, "geometry": { "type": "MultiLineString", "coordinates": [ [ [ 139.756578940639201, 35.699165008266348 ], [ 139.75708955667983, 35.699362699822267 ], [ 139.757525123144603, 35.699666382712053 ] ] ] } },
{ "type": "Feature", "properties": { "識別id": 127, "利用時間": "08:00-20:00", "制限時間": 60, "手数料": 300, "制限事項1": null, "制限事項2": "１月１日〜３日を除く", "種別": "パーキング・メーター", "普通車": true, "貨物用有り": true, "二輪車": false, "標章車専用有り": false }, "geometry": { "type": "MultiLineString", "coordinates": [ [ [ 139.761828394621347, 35.696795141880408 ], [ 139.762826961509319, 35.696413256120039 ], [ 139.762904545173399, 35.69637201754027 ], [ 139.763363774063748, 35.69622792390242 ], [ 139.764468827658135, 35.69615997790693 ], [ 139.764886493034766, 35.696138690716808 ] ] ] } },
{ "type": "Feature", "properties": { "識別id": 128, "利用時間": "08:00-20:00", "制限時間": 60, "手数料": 300, "制限事項1": null, "制限事項2": "１月１日〜３日を除く", "種別": "パーキング・メーター", "普通車": true, "貨物用有り": true, "二輪車": false, "標章車専用有り": false }, "geometry": { "type": "MultiLineString", "coordinates": [ [ [ 139.763671676389947, 35.697241067959268 ], [ 139.762314872734436, 35.697739188328228 ] ] ] } },
{ "type": "Feature", "properties": { "識別id": 129, "利用時間": "08:00-20:00", "制限時間": 60, "手数料": 300, "制限事項1": null, "制限事項2": "１月１日〜３日を除く", "種別": "パーキング・メーター", "普通車": true, "貨物用有り": true, "二輪車": false, "標章車専用有り": false }, "geometry": { "type": "MultiLineString", "coordinates": [ [ [ 139.763479559072721, 35.694492529515387 ], [ 139.763366651588285, 35.696196085268575 ] ] ] } },
{ "type": "Feature", "properties": { "識別id": 130, "利用時間": "08:00-20:00", "制限時間": 60, "手数料": 300, "制限事項1": null, "制限事項2": "１月１日〜３日を除く", "種別": "パーキング・メーター", "普通車": true, "貨物用有り": true, "二輪車": false, "標章車専用有り": false }, "geometry": { "type": "MultiLineString", "coordinates": [ [ [ 139.763455678410679, 35.694841862177384 ], [ 139.76342433345846, 35.694899303665295 ], [ 139.761669774592605, 35.696283256096841 ] ] ] } },
{ "type": "Feature", "properties": { "識別id": 131, "利用時間": "09:00-19:00", "制限時間": 60, "手数料": 300, "制限事項1": "日曜・休日を除く", "制限事項2": "１月１日〜３日を除く", "種別": "パーキング・メーター", "普通車": true, "貨物用有り": false, "二輪車": false, "標章車専用有り": false }, "geometry": { "type": "MultiLineString", "coordinates": [ [ [ 139.747323993479313, 35.664686174398007 ], [ 139.748273127139186, 35.666506936734976 ] ] ] } },
{ "type": "Feature", "properties": { "識別id": 132, "利用時間": "09:00-19:00", "制限時間": 60, "手数料": 300, "制限事項1": "日曜・休日を除く", "制限事項2": "１月１日〜３日を除く", "種別": "パーキング・メーター", "普通車": true, "貨物用有り": true, "二輪車": false, "標章車専用有り": false }, "geometry": { "type": "MultiLineString", "coordinates": [ [ [ 139.753498646784152, 35.665630640855468 ], [ 139.750314628113728, 35.66669862525324 ] ] ] } },
{ "type": "Feature", "properties": { "識別id": 133, "利用時間": "09:00-19:00", "制限時間": 60, "手数料": 300, "制限事項1": "日曜・休日を除く", "制限事項2": "１月１日〜３日を除く", "種別": "パーキング・メーター", "普通車": true, "貨物用有り": false, "二輪車": false, "標章車専用有り": false }, "geometry": { "type": "MultiLineString", "coordinates": [ [ [ 139.749981997657898, 35.66564886074643 ], [ 139.750690768172348, 35.665410092480982 ], [ 139.752167916575814, 35.664929059545024 ], [ 139.753009656890384, 35.664658233763291 ] ] ] } },
{ "type": "Feature", "properties": { "識別id": 134, "利用時間": "08:00-20:00", "制限時間": 60, "手数料": 300, "制限事項1": null, "制限事項2": "１月１日〜３日を除く", "種別": "パーキング・メーター", "普通車": true, "貨物用有り": true, "二輪車": false, "標章車専用有り": false }, "geometry": { "type": "MultiLineString", "coordinates": [ [ [ 139.755074248094218, 35.696233479486423 ], [ 139.75441111606051, 35.697463180365375 ], [ 139.754363656957736, 35.697661332205548 ], [ 139.754281487503619, 35.697820942745167 ], [ 139.754196735263491, 35.697937723279416 ], [ 139.75400487140314, 35.698274750696271 ], [ 139.753474175899782, 35.699262113232393 ], [ 139.752894444101827, 35.70030317040564 ], [ 139.752072192619806, 35.701813605091218 ] ] ] } },
{ "type": "Feature", "properties": { "識別id": 135, "利用時間": "08:00-20:00", "制限時間": 60, "手数料": 300, "制限事項1": null, "制限事項2": "１月１日〜３日を除く", "種別": "パーキング・メーター", "普通車": true, "貨物用有り": false, "二輪車": false, "標章車専用有り": false }, "geometry": { "type": "MultiLineString", "coordinates": [ [ [ 139.758460284793614, 35.693781024502798 ], [ 139.756218169530371, 35.693559354879469 ] ] ] } },
{ "type": "Feature", "properties": { "識別id": 136, "利用時間": "08:00-20:00", "制限時間": 60, "手数料": 300, "制限事項1": null, "制限事項2": "１月１日〜３日を除く", "種別": "パーキング・メーター", "普通車": true, "貨物用有り": false, "二輪車": false, "標章車専用有り": false }, "geometry": { "type": "MultiLineString", "coordinates": [ [ [ 139.755864217107074, 35.694861508490831 ], [ 139.75818871995213, 35.694933098610882 ] ] ] } },
{ "type": "Feature", "properties": { "識別id": 137, "利用時間": "08:00-20:00", "制限時間": 60, "手数料": 300, "制限事項1": "日曜・休日を除く", "制限事項2": "１月１日〜３日を除く", "種別": "パーキング・メーター", "普通車": true, "貨物用有り": false, "二輪車": false, "標章車専用有り": false }, "geometry": { "type": "MultiLineString", "coordinates": [ [ [ 139.757774805553481, 35.696482309522345 ], [ 139.755169905387049, 35.696414373119644 ] ] ] } },
{ "type": "Feature", "properties": { "識別id": 138, "利用時間": "08:00-20:00", "制限時間": 60, "手数料": 300, "制限事項1": null, "制限事項2": "１月１日〜３日を除く", "種別": "パーキング・メーター", "普通車": true, "貨物用有り": true, "二輪車": false, "標章車専用有り": false }, "geometry": { "type": "MultiLineString", "coordinates": [ [ [ 139.75296077127129, 35.695816075927482 ], [ 139.752876146791323, 35.696039775233402 ], [ 139.752840599681406, 35.696367256747628 ], [ 139.752776425756252, 35.696843494758092 ], [ 139.75272680664429, 35.696967466798903 ], [ 139.752595792527018, 35.697703868588242 ] ] ] } },
{ "type": "Feature", "properties": { "識別id": 139, "利用時間": "08:00-20:00", "制限時間": 60, "手数料": 300, "制限事項1": "日曜・休日を除く", "制限事項2": "１月１日〜３日を除く", "種別": "パーキング・メーター", "普通車": true, "貨物用有り": true, "二輪車": false, "標章車専用有り": false }, "geometry": { "type": "MultiLineString", "coordinates": [ [ [ 139.756711100075648, 35.698485820957394 ], [ 139.755667206906338, 35.698052212245962 ], [ 139.754532525870843, 35.697583815621492 ] ] ] } },
{ "type": "Feature", "properties": { "識別id": 140, "利用時間": "08:00-20:00", "制限時間": 60, "手数料": 300, "制限事項1": null, "制限事項2": "１月１日〜３日を除く", "種別": "パーキング・メーター", "普通車": true, "貨物用有り": false, "二輪車": false, "標章車専用有り": false }, "geometry": { "type": "MultiLineString", "coordinates": [ [ [ 139.755989877193088, 35.699762712063979 ], [ 139.753680118403281, 35.699149752476337 ] ] ] } },
{ "type": "Feature", "properties": { "識別id": 141, "利用時間": "08:00-20:00", "制限時間": 60, "手数料": 300, "制限事項1": null, "制限事項2": "１月１日〜３日を除く", "種別": "パーキング・メーター", "普通車": true, "貨物用有り": true, "二輪車": false, "標章車専用有り": false }, "geometry": { "type": "MultiLineString", "coordinates": [ [ [ 139.755244251659718, 35.699623984459961 ], [ 139.75494395562589, 35.700175734617218 ], [ 139.754475706014631, 35.701095722668114 ], [ 139.754082532660249, 35.701828307217852 ] ] ] } },
{ "type": "Feature", "properties": { "識別id": 142, "利用時間": "08:00-20:00", "制限時間": 60, "手数料": 300, "制限事項1": null, "制限事項2": "１月１日〜３日を除く", "種別": "パーキング・メーター", "普通車": true, "貨物用有り": false, "二輪車": false, "標章車専用有り": false }, "geometry": { "type": "MultiLineString", "coordinates": [ [ [ 139.75315625470347, 35.70011344767417 ], [ 139.754616972629776, 35.700623930517793 ], [ 139.755405951124544, 35.70090497463508 ] ] ] } },
{ "type": "Feature", "properties": { "識別id": 143, "利用時間": "08:00-20:00", "制限時間": 60, "手数料": 300, "制限事項1": null, "制限事項2": "１月１日〜３日を除く", "種別": "パーキング・メーター", "普通車": true, "貨物用有り": false, "二輪車": false, "標章車専用有り": false }, "geometry": { "type": "MultiLineString", "coordinates": [ [ [ 139.752321413190629, 35.701781828712846 ], [ 139.754388826635846, 35.70112236632869 ] ] ] } },
{ "type": "Feature", "properties": { "識別id": 144, "利用時間": "08:00-20:00", "制限時間": 60, "手数料": 300, "制限事項1": "日曜・休日を除く", "制限事項2": "１月１日〜３日を除く", "種別": "パーキング・メーター", "普通車": true, "貨物用有り": false, "二輪車": false, "標章車専用有り": false }, "geometry": { "type": "MultiLineString", "coordinates": [ [ [ 139.751920987698327, 35.702315852107837 ], [ 139.752738319701308, 35.702250884100749 ], [ 139.753721328451064, 35.702176037184351 ], [ 139.753905883148889, 35.702153037362997 ], [ 139.753971919845242, 35.702130108215762 ] ] ] } },
{ "type": "Feature", "properties": { "識別id": 145, "利用時間": "08:00-20:00", "制限時間": 60, "手数料": 300, "制限事項1": null, "制限事項2": "１月１日〜３日を除く", "種別": "パーキング・メーター", "普通車": true, "貨物用有り": false, "二輪車": false, "標章車専用有り": false }, "geometry": { "type": "MultiLineString", "coordinates": [ [ [ 139.753038012086307, 35.700024005884551 ], [ 139.752148194148191, 35.699711853290971 ] ] ] } },
{ "type": "Feature", "properties": { "識別id": 146, "利用時間": "08:00-20:00", "制限時間": 60, "手数料": 300, "制限事項1": null, "制限事項2": "１月１日〜３日を除く", "種別": "パーキング・メーター", "普通車": true, "貨物用有り": true, "二輪車": false, "標章車専用有り": false }, "geometry": { "type": "MultiLineString", "coordinates": [ [ [ 139.753105716009088, 35.697856237128789 ], [ 139.754127673804788, 35.697702854112528 ] ], [ [ 139.754135442496363, 35.697562153968398 ], [ 139.753114284024633, 35.69772190478006 ] ] ] } },
{ "type": "Feature", "properties": { "識別id": 148, "利用時間": "08:00-20:00", "制限時間": 60, "手数料": 300, "制限事項1": null, "制限事項2": "１月１日〜３日を除く", "種別": "パーキング・メーター", "普通車": true, "貨物用有り": false, "二輪車": false, "標章車専用有り": false }, "geometry": { "type": "MultiLineString", "coordinates": [ [ [ 139.761733031700544, 35.691289859130002 ], [ 139.764471997781527, 35.690931345840454 ] ] ] } },
{ "type": "Feature", "properties": { "識別id": 149, "利用時間": "08:00-20:00", "制限時間": 60, "手数料": 300, "制限事項1": null, "制限事項2": "１月１日〜３日を除く", "種別": "パーキング・メーター", "普通車": true, "貨物用有り": false, "二輪車": false, "標章車専用有り": false }, "geometry": { "type": "MultiLineString", "coordinates": [ [ [ 139.763871921517534, 35.693738226144191 ], [ 139.763917052239293, 35.694244991768635 ] ], [ [ 139.763675593898711, 35.692654034398032 ], [ 139.763856123901746, 35.693679665233688 ] ] ] } },
{ "type": "Feature", "properties": { "識別id": 150, "利用時間": "08:00-20:00", "制限時間": 60, "手数料": 300, "制限事項1": null, "制限事項2": "１月１日〜３日を除く", "種別": "パーキング・メーター", "普通車": true, "貨物用有り": true, "二輪車": false, "標章車専用有り": false }, "geometry": { "type": "MultiLineString", "coordinates": [ [ [ 139.763685669012204, 35.692519635645787 ], [ 139.763295936787046, 35.690496400039969 ] ] ] } },
{ "type": "Feature", "properties": { "識別id": 151, "利用時間": "08:00-20:00", "制限時間": 60, "手数料": 300, "制限事項1": null, "制限事項2": "１月１日〜３日を除く", "種別": "パーキング・メーター", "普通車": true, "貨物用有り": true, "二輪車": false, "標章車専用有り": false }, "geometry": { "type": "MultiLineString", "coordinates": [ [ [ 139.765007537382985, 35.693572402132013 ], [ 139.763910186784074, 35.693683294384321 ], [ 139.7627835126207, 35.693800084680717 ], [ 139.761245771046646, 35.693836411220637 ] ] ] } },
{ "type": "Feature", "properties": { "識別id": 153, "利用時間": "08:00-20:00", "制限時間": 60, "手数料": 300, "制限事項1": null, "制限事項2": "１月１日〜３日を除く", "種別": "パーキング・メーター", "普通車": true, "貨物用有り": false, "二輪車": false, "標章車専用有り": false }, "geometry": { "type": "MultiLineString", "coordinates": [ [ [ 139.762136965750557, 35.690777531976153 ], [ 139.762511346391364, 35.692662412616386 ] ] ] } },
{ "type": "Feature", "properties": { "識別id": 154, "利用時間": "08:00-20:00", "制限時間": 60, "手数料": 300, "制限事項1": "日曜・休日を除く", "制限事項2": "１月１日〜３日を除く", "種別": "パーキング・メーター", "普通車": true, "貨物用有り": false, "二輪車": false, "標章車専用有り": false }, "geometry": { "type": "MultiLineString", "coordinates": [ [ [ 139.766210218786227, 35.695500875556554 ], [ 139.766634281375019, 35.696281003987323 ] ] ] } },
{ "type": "Feature", "properties": { "識別id": 155, "利用時間": "08:00-20:00", "制限時間": 60, "手数料": 300, "制限事項1": "日曜・休日を除く", "制限事項2": "１月１日〜３日を除く", "種別": "パーキング・メーター", "普通車": true, "貨物用有り": false, "二輪車": false, "標章車専用有り": false }, "geometry": { "type": "MultiLineString", "coordinates": [ [ [ 139.765321661723448, 35.695104563097196 ], [ 139.767382124138493, 35.695920387450947 ] ] ] } },
{ "type": "Feature", "properties": { "識別id": 156, "利用時間": "08:00-20:00", "制限時間": 60, "手数料": 300, "制限事項1": "日曜・休日を除く", "制限事項2": "１月１日〜３日を除く", "種別": "パーキング・メーター", "普通車": true, "貨物用有り": false, "二輪車": false, "標章車専用有り": false }, "geometry": { "type": "MultiLineString", "coordinates": [ [ [ 139.766452984791471, 35.695107312149922 ], [ 139.766258434314949, 35.69543654177432 ] ] ] } },
{ "type": "Feature", "properties": { "識別id": 157, "利用時間": "09:00-19:00", "制限時間": 60, "手数料": 300, "制限事項1": null, "制限事項2": "１月１日〜３日を除く", "種別": "パーキング・メーター", "普通車": true, "貨物用有り": false, "二輪車": false, "標章車専用有り": false }, "geometry": { "type": "MultiLineString", "coordinates": [ [ [ 139.770429332459173, 35.698105213292642 ], [ 139.770464500781571, 35.698325374289197 ], [ 139.770525335670158, 35.698812516219363 ], [ 139.770590219081498, 35.699318952924941 ], [ 139.770615681913796, 35.699654628738898 ] ] ] } },
{ "type": "Feature", "properties": { "識別id": 158, "利用時間": "09:00-19:00", "制限時間": 60, "手数料": 300, "制限事項1": null, "制限事項2": "１月１日〜３日を除く", "種別": "パーキング・メーター", "普通車": true, "貨物用有り": false, "二輪車": false, "標章車専用有り": false }, "geometry": { "type": "MultiLineString", "coordinates": [ [ [ 139.769709710697015, 35.699720192798011 ], [ 139.769654648788986, 35.699389723771112 ], [ 139.769579700634893, 35.698748053355033 ] ] ] } },
{ "type": "Feature", "properties": { "識別id": 159, "利用時間": "09:00-19:00", "制限時間": 60, "手数料": 300, "制限事項1": null, "制限事項2": "１月１日〜３日を除く", "種別": "パーキング・メーター", "普通車": true, "貨物用有り": false, "二輪車": false, "標章車専用有り": false }, "geometry": { "type": "MultiLineString", "coordinates": [ [ [ 139.769584943648027, 35.69858300357383 ], [ 139.770457280060583, 35.698505774019921 ], [ 139.771130610766647, 35.698453140856287 ] ] ] } },
{ "type": "Feature", "properties": { "識別id": 160, "利用時間": "09:00-19:00", "制限時間": 60, "手数料": 300, "制限事項1": null, "制限事項2": "１月１日〜３日を除く", "種別": "パーキング・メーター", "普通車": true, "貨物用有り": false, "二輪車": false, "標章車専用有り": false }, "geometry": { "type": "MultiLineString", "coordinates": [ [ [ 139.769239042028005, 35.699471370098948 ], [ 139.769620962636822, 35.69943375549942 ], [ 139.769675022173629, 35.699414521473756 ], [ 139.77058102245698, 35.699347791862301 ] ] ] } },
{ "type": "Feature", "properties": { "識別id": 164, "利用時間": "07:00-20:00", "制限時間": 60, "手数料": 300, "制限事項1": null, "制限事項2": "１月１日〜３日を除く", "種別": "パーキング・メーター", "普通車": true, "貨物用有り": false, "二輪車": false, "標章車専用有り": false }, "geometry": { "type": "MultiLineString", "coordinates": [ [ [ 139.77989795149935, 35.69595282736335 ], [ 139.778434650782344, 35.696007572848494 ] ] ] } },
{ "type": "Feature", "properties": { "識別id": 166, "利用時間": "07:00-20:00", "制限時間": 60, "手数料": 300, "制限事項1": null, "制限事項2": "１月１日〜３日を除く", "種別": "パーキング・メーター", "普通車": true, "貨物用有り": false, "二輪車": false, "標章車専用有り": false }, "geometry": { "type": "MultiLineString", "coordinates": [ [ [ 139.783699924047482, 35.695176068685818 ], [ 139.783846670012906, 35.695853797870598 ] ] ] } },
{ "type": "Feature", "properties": { "識別id": 170, "利用時間": "07:00-20:00", "制限時間": 60, "手数料": 300, "制限事項1": null, "制限事項2": "１月１日〜３日を除く", "種別": "パーキング・メーター", "普通車": true, "貨物用有り": false, "二輪車": false, "標章車専用有り": false }, "geometry": { "type": "MultiLineString", "coordinates": [ [ [ 139.778330101135339, 35.691787069549918 ], [ 139.778930627986057, 35.691093235569369 ] ] ] } },
{ "type": "Feature", "properties": { "識別id": 171, "利用時間": "07:00-20:00", "制限時間": 60, "手数料": 300, "制限事項1": null, "制限事項2": "１月１日〜３日を除く", "種別": "パーキング・メーター", "普通車": true, "貨物用有り": false, "二輪車": false, "標章車専用有り": false }, "geometry": { "type": "MultiLineString", "coordinates": [ [ [ 139.777392872650069, 35.691988919941679 ], [ 139.776408166523566, 35.691598266161066 ], [ 139.77516601227299, 35.691197701979135 ] ] ] } },
{ "type": "Feature", "properties": { "識別id": 172, "利用時間": "07:00-20:00", "制限時間": 60, "手数料": 300, "制限事項1": null, "制限事項2": "１月１日〜３日を除く", "種別": "パーキング・メーター", "普通車": true, "貨物用有り": false, "二輪車": false, "標章車専用有り": false }, "geometry": { "type": "MultiLineString", "coordinates": [ [ [ 139.77677116922672, 35.691196839818502 ], [ 139.777678535857689, 35.691564258014751 ] ] ] } },
{ "type": "Feature", "properties": { "識別id": 173, "利用時間": "07:00-20:00", "制限時間": 60, "手数料": 300, "制限事項1": null, "制限事項2": "１月１日〜３日を除く", "種別": "パーキング・メーター", "普通車": true, "貨物用有り": false, "二輪車": false, "標章車専用有り": false }, "geometry": { "type": "MultiLineString", "coordinates": [ [ [ 139.77782743970414, 35.691631598369604 ], [ 139.778947589198026, 35.692099961616719 ] ] ] } },
{ "type": "Feature", "properties": { "識別id": 174, "利用時間": "07:00-20:00", "制限時間": 60, "手数料": 300, "制限事項1": null, "制限事項2": "１月１日〜３日を除く", "種別": "パーキング・メーター", "普通車": true, "貨物用有り": false, "二輪車": false, "標章車専用有り": false }, "geometry": { "type": "MultiLineString", "coordinates": [ [ [ 139.779055830447362, 35.692103588947312 ], [ 139.780165741700728, 35.692756560557491 ], [ 139.781115684539543, 35.693478558038066 ] ] ] } },
{ "type": "Feature", "properties": { "識別id": 175, "利用時間": "07:00-20:00", "制限時間": 60, "手数料": 300, "制限事項1": null, "制限事項2": "１月１日〜３日を除く", "種別": "パーキング・メーター", "普通車": true, "貨物用有り": false, "二輪車": false, "標章車専用有り": false }, "geometry": { "type": "MultiLineString", "coordinates": [ [ [ 139.78119539336052, 35.695108013968827 ], [ 139.781947536626745, 35.694477790201695 ], [ 139.782163685447927, 35.694308746672867 ], [ 139.782417330328542, 35.69409585901753 ], [ 139.782484048197006, 35.69405000064291 ], [ 139.782798964930095, 35.693783505770533 ] ] ] } },
{ "type": "Feature", "properties": { "識別id": 176, "利用時間": "07:00-20:00", "制限時間": 60, "手数料": 300, "制限事項1": null, "制限事項2": "１月１日〜３日を除く", "種別": "パーキング・メーター", "普通車": true, "貨物用有り": false, "二輪車": false, "標章車専用有り": false }, "geometry": { "type": "MultiLineString", "coordinates": [ [ [ 139.781062848295932, 35.6951840647803 ], [ 139.780975687301833, 35.695100176656553 ], [ 139.780178375934042, 35.694509873874644 ] ] ] } },
{ "type": "Feature", "properties": { "識別id": 177, "利用時間": "09:00-17:30", "制限時間": 60, "手数料": 300, "制限事項1": "日曜・休日を除く", "制限事項2": "１月１日〜３日を除く", "種別": "パーキング・メーター", "普通車": true, "貨物用有り": false, "二輪車": false, "標章車専用有り": false }, "geometry": { "type": "MultiLineString", "coordinates": [ [ [ 139.78071161367464, 35.69404269056843 ], [ 139.78164988268361, 35.694739688188349 ] ] ] } },
{ "type": "Feature", "properties": { "識別id": 178, "利用時間": "07:00-20:00", "制限時間": 60, "手数料": 300, "制限事項1": null, "制限事項2": "１月１日〜３日を除く", "種別": "パーキング・メーター", "普通車": true, "貨物用有り": false, "二輪車": false, "標章車専用有り": false }, "geometry": { "type": "MultiLineString", "coordinates": [ [ [ 139.783598763236569, 35.694912660087347 ], [ 139.781500062152759, 35.693359885806061 ] ] ] } },
{ "type": "Feature", "properties": { "識別id": 179, "利用時間": "07:00-20:00", "制限時間": 60, "手数料": 300, "制限事項1": null, "制限事項2": "１月１日〜３日を除く", "種別": "パーキング・メーター", "普通車": true, "貨物用有り": true, "二輪車": false, "標章車専用有り": false }, "geometry": { "type": "MultiLineString", "coordinates": [ [ [ 139.781240177805103, 35.693574620286071 ], [ 139.782738254624888, 35.694674934961277 ], [ 139.782815687021412, 35.695036822537645 ] ] ] } },
{ "type": "Feature", "properties": { "識別id": 180, "利用時間": "07:00-20:00", "制限時間": 60, "手数料": 300, "制限事項1": null, "制限事項2": "１月１日〜３日を除く", "種別": "パーキング・メーター", "普通車": true, "貨物用有り": false, "二輪車": false, "標章車専用有り": false }, "geometry": { "type": "MultiLineString", "coordinates": [ [ [ 139.768657095154111, 35.695996386226177 ], [ 139.769717710599366, 35.696424164667725 ] ] ] } },
{ "type": "Feature", "properties": { "識別id": 181, "利用時間": "09:00-21:00", "制限時間": 60, "手数料": 300, "制限事項1": null, "制限事項2": "１月１日〜３日を除く", "種別": "パーキング・メーター", "普通車": true, "貨物用有り": true, "二輪車": false, "標章車専用有り": false }, "geometry": { "type": "MultiLineString", "coordinates": [ [ [ 139.768704735884427, 35.671647650922488 ], [ 139.767831535994702, 35.672235017772984 ], [ 139.767328116789201, 35.672582852249455 ], [ 139.766138017131937, 35.673416627734341 ], [ 139.76571592112677, 35.673713452719774 ], [ 139.765102383729385, 35.674143653486766 ] ] ] } },
{ "type": "Feature", "properties": { "識別id": 182, "利用時間": "09:00-21:00", "制限時間": 60, "手数料": 300, "制限事項1": null, "制限事項2": "１月１日〜３日を除く", "種別": "パーキング・メーター", "普通車": true, "貨物用有り": true, "二輪車": false, "標章車専用有り": false }, "geometry": { "type": "MultiLineString", "coordinates": [ [ [ 139.768130281759198, 35.670522499893693 ], [ 139.769191750542717, 35.669745493151694 ], [ 139.769521250621239, 35.669517316808751 ] ] ] } },
{ "type": "Feature", "properties": { "識別id": 183, "利用時間": "09:00-21:00", "制限時間": 60, "手数料": 300, "制限事項1": null, "制限事項2": "１月１日〜３日を除く", "種別": "パーキング・メーター", "普通車": true, "貨物用有り": true, "二輪車": false, "標章車専用有り": false }, "geometry": { "type": "MultiLineString", "coordinates": [ [ [ 139.769966832368283, 35.670771054684913 ], [ 139.769893516740495, 35.670718192668282 ], [ 139.769499582759408, 35.670381352059188 ], [ 139.769010824467045, 35.669959221755938 ], [ 139.768923144826402, 35.669811734611415 ], [ 139.767997384994686, 35.669032167946462 ] ] ] } },
{ "type": "Feature", "properties": { "識別id": 184, "利用時間": "09:00-21:00", "制限時間": 60, "手数料": 300, "制限事項1": null, "制限事項2": "１月１日〜３日を除く", "種別": "パーキング・メーター", "普通車": true, "貨物用有り": true, "二輪車": false, "標章車専用有り": false }, "geometry": { "type": "MultiLineString", "coordinates": [ [ [ 139.769348941378382, 35.671279890365454 ], [ 139.770963231675864, 35.672940317057794 ] ] ] } },
{ "type": "Feature", "properties": { "識別id": 185, "利用時間": "09:00-21:00", "制限時間": 60, "手数料": 300, "制限事項1": null, "制限事項2": "１月１日〜３日を除く", "種別": "パーキング・メーター", "普通車": true, "貨物用有り": true, "二輪車": false, "標章車専用有り": false }, "geometry": { "type": "MultiLineString", "coordinates": [ [ [ 139.769864684032939, 35.672464520707372 ], [ 139.771172667271287, 35.671596057371445 ], [ 139.771626493473633, 35.671411190948362 ] ] ] } },
{ "type": "Feature", "properties": { "識別id": 186, "利用時間": "09:00-19:00", "制限時間": 60, "手数料": 300, "制限事項1": "日曜・休日を除く", "制限事項2": "１月１日〜３日を除く", "種別": "パーキング・メーター", "普通車": true, "貨物用有り": true, "二輪車": false, "標章車専用有り": false }, "geometry": { "type": "MultiLineString", "coordinates": [ [ [ 139.775450185273513, 35.67147894540917 ], [ 139.774628820392024, 35.671686876941649 ], [ 139.77419093899033, 35.671812258012515 ], [ 139.772702173956645, 35.67223002257208 ] ] ] } },
{ "type": "Feature", "properties": { "識別id": 187, "利用時間": "09:00-19:00", "制限時間": 60, "手数料": 300, "制限事項1": "日曜・休日を除く", "制限事項2": "１月１日〜３日を除く", "種別": "パーキング・メーター", "普通車": true, "貨物用有り": true, "二輪車": false, "標章車専用有り": false }, "geometry": { "type": "MultiLineString", "coordinates": [ [ [ 139.76978398370909, 35.667515289982283 ], [ 139.771442210715037, 35.668866443690838 ], [ 139.772101842692678, 35.669431283663613 ], [ 139.772914136861175, 35.670531572403249 ], [ 139.773243169750685, 35.671063991578059 ], [ 139.774082667629159, 35.672957682085496 ], [ 139.774107595145722, 35.673032566362778 ], [ 139.77416889149427, 35.673941218406398 ] ], [ [ 139.774300072489922, 35.67392460511315 ], [ 139.774292061602637, 35.673840027380386 ], [ 139.774232648335186, 35.67379726020431 ], [ 139.774225141989149, 35.673641733823089 ], [ 139.774233143238519, 35.673165433099442 ], [ 139.774216724398485, 35.673029598115953 ], [ 139.774154769764266, 35.672868252204928 ], [ 139.773327436002205, 35.671016844770598 ], [ 139.773078217973591, 35.670578382565367 ], [ 139.772173147133628, 35.669357442046739 ], [ 139.771524700874267, 35.668814263018035 ], [ 139.769848561141742, 35.6674490078722 ] ] ] } },
{ "type": "Feature", "properties": { "識別id": 189, "利用時間": "09:00-19:00", "制限時間": 60, "手数料": 300, "制限事項1": "日曜・休日を除く", "制限事項2": "１月１日〜３日を除く", "種別": "パーキング・メーター", "普通車": true, "貨物用有り": true, "二輪車": false, "標章車専用有り": false }, "geometry": { "type": "MultiLineString", "coordinates": [ [ [ 139.774017171502209, 35.672533673427175 ], [ 139.775679124896101, 35.672059857725834 ] ] ] } },
{ "type": "Feature", "properties": { "識別id": 190, "利用時間": "09:00-19:00", "制限時間": 60, "手数料": 300, "制限事項1": "日曜・休日を除く", "制限事項2": "１月１日〜３日を除く", "種別": "パーキング・メーター", "普通車": true, "貨物用有り": false, "二輪車": false, "標章車専用有り": false }, "geometry": { "type": "MultiLineString", "coordinates": [ [ [ 139.7772108810492, 35.675423345012213 ], [ 139.775658129219039, 35.675947961580974 ], [ 139.775191901648185, 35.676115791707602 ], [ 139.774459974245161, 35.676404831431014 ] ] ] } },
{ "type": "Feature", "properties": { "識別id": 192, "利用時間": "09:00-19:00", "制限時間": 60, "手数料": 300, "制限事項1": "日曜・休日を除く", "制限事項2": "１月１日〜３日を除く", "種別": "パーキング・メーター", "普通車": true, "貨物用有り": false, "二輪車": false, "標章車専用有り": false }, "geometry": { "type": "MultiLineString", "coordinates": [ [ [ 139.77527304832293, 35.677020118766997 ], [ 139.776816582871618, 35.676381481473619 ], [ 139.777609628236718, 35.676062875515036 ] ] ] } },
{ "type": "Feature", "properties": { "識別id": 193, "利用時間": "09:00-19:00", "制限時間": 60, "手数料": 300, "制限事項1": "日曜・休日を除く", "制限事項2": "１月１日〜３日を除く", "種別": "パーキング・メーター", "普通車": true, "貨物用有り": false, "二輪車": false, "標章車専用有り": false }, "geometry": { "type": "MultiLineString", "coordinates": [ [ [ 139.774812470950224, 35.67984701409123 ], [ 139.77699236724672, 35.678964494348904 ], [ 139.778936809141385, 35.678196130889781 ] ] ] } },
{ "type": "Feature", "properties": { "識別id": 194, "利用時間": "09:00-19:00", "制限時間": 60, "手数料": 300, "制限事項1": "日曜・休日を除く", "制限事項2": "１月１日〜３日を除く", "種別": "パーキング・メーター", "普通車": true, "貨物用有り": false, "二輪車": false, "標章車専用有り": false }, "geometry": { "type": "MultiLineString", "coordinates": [ [ [ 139.777993446456264, 35.678010783558904 ], [ 139.776896617301617, 35.678466234858554 ] ] ] } },
{ "type": "Feature", "properties": { "識別id": 195, "利用時間": "09:00-19:00", "制限時間": 60, "手数料": 300, "制限事項1": "日曜・休日を除く", "制限事項2": "１月１日〜３日を除く", "種別": "パーキング・メーター", "普通車": true, "貨物用有り": false, "二輪車": false, "標章車専用有り": false }, "geometry": { "type": "MultiLineString", "coordinates": [ [ [ 139.775612220046554, 35.678493093870017 ], [ 139.776662055352887, 35.678067159505787 ], [ 139.777781765317798, 35.677573396626748 ], [ 139.778356203208801, 35.677329359997046 ] ] ] } },
{ "type": "Feature", "properties": { "識別id": 196, "利用時間": "09:00-19:00", "制限時間": 60, "手数料": 300, "制限事項1": "日曜・休日を除く", "制限事項2": "１月１日〜３日を除く", "種別": "パーキング・メーター", "普通車": true, "貨物用有り": false, "二輪車": false, "標章車専用有り": false }, "geometry": { "type": "MultiLineString", "coordinates": [ [ [ 139.776626182909865, 35.678327621123422 ], [ 139.775734100958203, 35.678703578823239 ] ] ] } },
{ "type": "Feature", "properties": { "識別id": 197, "利用時間": "09:00-19:00", "制限時間": 60, "手数料": 300, "制限事項1": "日曜・休日を除く", "制限事項2": "１月１日〜３日を除く", "種別": "パーキング・メーター", "普通車": true, "貨物用有り": false, "二輪車": false, "標章車専用有り": false }, "geometry": { "type": "MultiLineString", "coordinates": [ [ [ 139.777666868376684, 35.679619485206857 ], [ 139.779373116641921, 35.678897988127851 ] ] ] } },
{ "type": "Feature", "properties": { "識別id": 199, "利用時間": "09:00-19:00", "制限時間": 60, "手数料": 300, "制限事項1": "日曜・休日を除く", "制限事項2": "１月１日〜３日を除く", "種別": "パーキング・メーター", "普通車": true, "貨物用有り": false, "二輪車": false, "標章車専用有り": false }, "geometry": { "type": "MultiLineString", "coordinates": [ [ [ 139.777687890228094, 35.682042033849001 ], [ 139.777213672492337, 35.681286967384196 ] ] ] } },
{ "type": "Feature", "properties": { "識別id": 200, "利用時間": "09:00-19:00", "制限時間": 60, "手数料": 300, "制限事項1": "日曜・休日を除く", "制限事項2": "１月１日〜３日を除く", "種別": "パーキング・メーター", "普通車": true, "貨物用有り": false, "二輪車": false, "標章車専用有り": false }, "geometry": { "type": "MultiLineString", "coordinates": [ [ [ 139.776526626688167, 35.68155669800062 ], [ 139.777040085850501, 35.682350130698708 ], [ 139.777759687652633, 35.683497230927998 ] ] ] } },
{ "type": "Feature", "properties": { "識別id": 201, "利用時間": "09:00-19:00", "制限時間": 60, "手数料": 300, "制限事項1": "日曜・休日を除く", "制限事項2": "１月１日〜３日を除く", "種別": "パーキング・メーター", "普通車": true, "貨物用有り": false, "二輪車": false, "標章車専用有り": false }, "geometry": { "type": "MultiLineString", "coordinates": [ [ [ 139.780185560887077, 35.680400954035001 ], [ 139.779373686859259, 35.681134681721964 ], [ 139.779029585030059, 35.681452800327719 ], [ 139.778846049605903, 35.681596310853983 ], [ 139.778417809655224, 35.681777416732807 ], [ 139.777702341857207, 35.682046111259638 ] ] ] } },
{ "type": "Feature", "properties": { "識別id": 202, "利用時間": "09:00-19:00", "制限時間": 60, "手数料": 300, "制限事項1": "日曜・休日を除く", "制限事項2": "１月１日〜３日を除く", "種別": "パーキング・メーター", "普通車": true, "貨物用有り": false, "二輪車": false, "標章車専用有り": false }, "geometry": { "type": "MultiLineString", "coordinates": [ [ [ 139.779542157347834, 35.689622876006837 ], [ 139.779933028405679, 35.689880383492017 ], [ 139.782903847716653, 35.69191825641645 ] ] ] } },
{ "type": "Feature", "properties": { "識別id": 203, "利用時間": "09:00-19:00", "制限時間": 60, "手数料": 300, "制限事項1": "日曜・休日を除く", "制限事項2": "１月１日〜３日を除く", "種別": "パーキング・メーター", "普通車": true, "貨物用有り": true, "二輪車": false, "標章車専用有り": false }, "geometry": { "type": "MultiLineString", "coordinates": [ [ [ 139.783604949236718, 35.691274939935134 ], [ 139.782569704576076, 35.69056344030642 ], [ 139.781081618751813, 35.689596192118735 ], [ 139.78004920138963, 35.68902667190801 ] ] ] } },
{ "type": "Feature", "properties": { "識別id": 204, "利用時間": "09:00-19:00", "制限時間": 60, "手数料": 300, "制限事項1": "日曜・休日を除く", "制限事項2": "１月１日〜３日を除く", "種別": "パーキング・メーター", "普通車": true, "貨物用有り": false, "二輪車": false, "標章車専用有り": false }, "geometry": { "type": "MultiLineString", "coordinates": [ [ [ 139.78141399503707, 35.689381100844386 ], [ 139.782417901782992, 35.690023653543975 ] ] ] } },
{ "type": "Feature", "properties": { "識別id": 205, "利用時間": "09:00-19:00", "制限時間": 60, "手数料": 300, "制限事項1": "日曜・休日を除く", "制限事項2": "１月１日〜３日を除く", "種別": "パーキング・メーター", "普通車": true, "貨物用有り": false, "二輪車": false, "標章車専用有り": false }, "geometry": { "type": "MultiLineString", "coordinates": [ [ [ 139.780608602427804, 35.688366177860111 ], [ 139.7842399546808, 35.690689693214381 ] ] ] } },
{ "type": "Feature", "properties": { "識別id": 207, "利用時間": "09:00-19:00", "制限時間": 60, "手数料": 300, "制限事項1": "日曜・休日を除く", "制限事項2": "１月１日〜３日を除く", "種別": "パーキング・メーター", "普通車": true, "貨物用有り": false, "二輪車": false, "標章車専用有り": false }, "geometry": { "type": "MultiLineString", "coordinates": [ [ [ 139.783678256047864, 35.688727481931579 ], [ 139.782553008540646, 35.688006920764373 ], [ 139.78149982378028, 35.687299571120668 ] ] ] } },
{ "type": "Feature", "properties": { "識別id": 208, "利用時間": "09:00-19:00", "制限時間": 60, "手数料": 300, "制限事項1": "日曜・休日を除く", "制限事項2": "１月１日〜３日を除く", "種別": "パーキング・メーター", "普通車": true, "貨物用有り": true, "二輪車": false, "標章車専用有り": false }, "geometry": { "type": "MultiLineString", "coordinates": [ [ [ 139.779692423971795, 35.691320305636921 ], [ 139.781638010558993, 35.689036983839706 ] ] ] } },
{ "type": "Feature", "properties": { "識別id": 209, "利用時間": "09:00-19:00", "制限時間": 60, "手数料": 300, "制限事項1": "日曜・休日を除く", "制限事項2": "１月１日〜３日を除く", "種別": "パーキング・メーター", "普通車": true, "貨物用有り": false, "二輪車": false, "標章車専用有り": false }, "geometry": { "type": "MultiLineString", "coordinates": [ [ [ 139.78330674090077, 35.687072011769047 ], [ 139.781667006081022, 35.68894448447525 ] ] ] } },
{ "type": "Feature", "properties": { "識別id": 210, "利用時間": "09:00-19:00", "制限時間": 60, "手数料": 300, "制限事項1": "日曜・休日を除く", "制限事項2": "１月１日〜３日を除く", "種別": "パーキング・メーター", "普通車": true, "貨物用有り": false, "二輪車": false, "標章車専用有り": false }, "geometry": { "type": "MultiLineString", "coordinates": [ [ [ 139.781830400493504, 35.684834005974672 ], [ 139.782938769801234, 35.685481860824879 ] ] ] } },
{ "type": "Feature", "properties": { "識別id": 211, "利用時間": "09:00-19:00", "制限時間": 60, "手数料": 300, "制限事項1": "日曜・休日を除く", "制限事項2": "１月１日〜３日を除く", "種別": "パーキング・メーター", "普通車": true, "貨物用有り": false, "二輪車": false, "標章車専用有り": false }, "geometry": { "type": "MultiLineString", "coordinates": [ [ [ 139.785503462961771, 35.684430476091904 ], [ 139.784737808572515, 35.685314882492307 ], [ 139.784456854964304, 35.685760922253451 ], [ 139.783386968833042, 35.68696112938256 ] ] ] } },
{ "type": "Feature", "properties": { "識別id": 212, "利用時間": "09:00-19:00", "制限時間": 60, "手数料": 300, "制限事項1": "日曜・休日を除く", "制限事項2": "１月１日〜３日を除く", "種別": "パーキング・メーター", "普通車": true, "貨物用有り": false, "二輪車": false, "標章車専用有り": false }, "geometry": { "type": "MultiLineString", "coordinates": [ [ [ 139.782815585134301, 35.686584955486133 ], [ 139.783649189639362, 35.68564908201472 ], [ 139.784941133175181, 35.684155298603166 ] ] ] } },
{ "type": "Feature", "properties": { "識別id": 213, "利用時間": "09:00-19:00", "制限時間": 60, "手数料": 300, "制限事項1": "日曜・休日を除く", "制限事項2": "１月１日〜３日を除く", "種別": "パーキング・メーター", "普通車": true, "貨物用有り": true, "二輪車": false, "標章車専用有り": false }, "geometry": { "type": "MultiLineString", "coordinates": [ [ [ 139.785777671232211, 35.686488912173651 ], [ 139.784543416061695, 35.685752270353362 ], [ 139.783846086956117, 35.685349312183803 ], [ 139.783464440358415, 35.685112856368796 ] ] ] } },
{ "type": "Feature", "properties": { "識別id": 214, "利用時間": "09:00-19:00", "制限時間": 60, "手数料": 300, "制限事項1": "日曜・休日を除く", "制限事項2": "１月１日〜３日を除く", "種別": "パーキング・メーター", "普通車": true, "貨物用有り": false, "二輪車": false, "標章車専用有り": false }, "geometry": { "type": "MultiLineString", "coordinates": [ [ [ 139.784114801967036, 35.684366933810729 ], [ 139.784555509769405, 35.684608684827992 ] ] ] } },
{ "type": "Feature", "properties": { "識別id": 215, "利用時間": "09:00-19:00", "制限時間": 60, "手数料": 300, "制限事項1": "日曜・休日を除く", "制限事項2": "１月１日〜３日を除く", "種別": "パーキング・メーター", "普通車": true, "貨物用有り": false, "二輪車": false, "標章車専用有り": false }, "geometry": { "type": "MultiLineString", "coordinates": [ [ [ 139.778837274795734, 35.690206812539813 ], [ 139.777509430528653, 35.689312585918451 ], [ 139.776155823586066, 35.688859095537275 ] ] ] } },
{ "type": "Feature", "properties": { "識別id": 216, "利用時間": "09:00-19:00", "制限時間": 60, "手数料": 300, "制限事項1": "日曜・休日を除く", "制限事項2": "１月１日〜３日を除く", "種別": "パーキング・メーター", "普通車": true, "貨物用有り": false, "二輪車": false, "標章車専用有り": false }, "geometry": { "type": "MultiLineString", "coordinates": [ [ [ 139.777956093658702, 35.690342103641342 ], [ 139.779319395695978, 35.688884917173993 ], [ 139.779687491401688, 35.688048229862822 ], [ 139.779740227687512, 35.687919394903226 ], [ 139.780298422448453, 35.686615808324561 ] ] ] } },
{ "type": "Feature", "properties": { "識別id": 217, "利用時間": "09:00-19:00", "制限時間": 60, "手数料": 300, "制限事項1": "日曜・休日を除く", "制限事項2": "１月１日〜３日を除く", "種別": "パーキング・メーター", "普通車": true, "貨物用有り": false, "二輪車": false, "標章車専用有り": false }, "geometry": { "type": "MultiLineString", "coordinates": [ [ [ 139.776592094515991, 35.689709909207551 ], [ 139.77698126845894, 35.688772076069789 ], [ 139.777571549037674, 35.687456519370606 ], [ 139.778190085011857, 35.686000393333444 ], [ 139.778620730297575, 35.685004815282888 ] ] ] } },
{ "type": "Feature", "properties": { "識別id": 218, "利用時間": "09:00-19:00", "制限時間": 60, "手数料": 300, "制限事項1": "日曜・休日を除く", "制限事項2": "１月１日〜３日を除く", "種別": "パーキング・メーター", "普通車": true, "貨物用有り": false, "二輪車": false, "標章車専用有り": false }, "geometry": { "type": "MultiLineString", "coordinates": [ [ [ 139.776329439470231, 35.688528811931711 ], [ 139.777591454055113, 35.6889317728713 ] ], [ [ 139.77761677307879, 35.688873519434857 ], [ 139.776368698348364, 35.688461472246566 ] ] ] } },
{ "type": "Feature", "properties": { "識別id": 220, "利用時間": "09:00-19:00", "制限時間": 60, "手数料": 300, "制限事項1": "日曜・休日を除く", "制限事項2": "１月１日〜３日を除く", "種別": "パーキング・メーター", "普通車": true, "貨物用有り": true, "二輪車": false, "標章車専用有り": false }, "geometry": { "type": "MultiLineString", "coordinates": [ [ [ 139.779871031933027, 35.688999209749525 ], [ 139.779281500142758, 35.688814152363221 ], [ 139.778210531656356, 35.688455908573779 ], [ 139.776591371232712, 35.687879693125211 ] ] ] } },
{ "type": "Feature", "properties": { "識別id": 221, "利用時間": "09:00-19:00", "制限時間": 60, "手数料": 300, "制限事項1": "日曜・休日を除く", "制限事項2": "１月１日〜３日を除く", "種別": "パーキング・メーター", "普通車": true, "貨物用有り": true, "二輪車": false, "標章車専用有り": false }, "geometry": { "type": "MultiLineString", "coordinates": [ [ [ 139.776838545235421, 35.687204342327171 ], [ 139.780236023365831, 35.688155689787628 ], [ 139.780489119448362, 35.688273223037605 ] ], [ [ 139.78052718719826, 35.688231076030505 ], [ 139.780243439480188, 35.688085751347991 ], [ 139.776866625449117, 35.687139891381747 ] ] ] } },
{ "type": "Feature", "properties": { "識別id": 223, "利用時間": "09:00-19:00", "制限時間": 60, "手数料": 300, "制限事項1": "日曜・休日を除く", "制限事項2": "１月１日〜３日を除く", "種別": "パーキング・メーター", "普通車": true, "貨物用有り": false, "二輪車": false, "標章車専用有り": false }, "geometry": { "type": "MultiLineString", "coordinates": [ [ [ 139.777095784661753, 35.685652383389765 ], [ 139.779716203074827, 35.686414472023955 ], [ 139.780283793791995, 35.686591877978465 ], [ 139.781352190627928, 35.687255792429632 ] ] ] } },
{ "type": "Feature", "properties": { "識別id": 224, "利用時間": "09:00-19:00", "制限時間": 60, "手数料": 300, "制限事項1": "日曜・休日を除く", "制限事項2": "１月１日〜３日を除く", "種別": "パーキング・メーター", "普通車": true, "貨物用有り": false, "二輪車": false, "標章車専用有り": false }, "geometry": { "type": "MultiLineString", "coordinates": [ [ [ 139.781635549127571, 35.686133237549804 ], [ 139.780882549828647, 35.687006458535471 ], [ 139.780390765149548, 35.687562429291098 ] ] ] } },
{ "type": "Feature", "properties": { "識別id": 225, "利用時間": "09:00-19:00", "制限時間": 60, "手数料": 300, "制限事項1": "日曜・休日を除く", "制限事項2": "１月１日〜３日を除く", "種別": "パーキング・メーター", "普通車": true, "貨物用有り": false, "二輪車": false, "標章車専用有り": false }, "geometry": { "type": "MultiLineString", "coordinates": [ [ [ 139.780223613352263, 35.685418897474655 ], [ 139.779784200224441, 35.686396443062641 ], [ 139.778921437678974, 35.688683088794548 ] ] ] } },
{ "type": "Feature", "properties": { "識別id": 226, "利用時間": "09:00-19:00", "制限時間": 60, "手数料": 300, "制限事項1": "日曜・休日を除く", "制限事項2": "１月１日〜３日を除く", "種別": "パーキング・メーター", "普通車": true, "貨物用有り": false, "二輪車": false, "標章車専用有り": false }, "geometry": { "type": "MultiLineString", "coordinates": [ [ [ 139.778176532208818, 35.688434707101415 ], [ 139.779181328383828, 35.686093933003974 ], [ 139.779557553379163, 35.68522258369925 ] ] ] } },
{ "type": "Feature", "properties": { "識別id": 227, "利用時間": "09:00-19:00", "制限時間": 60, "手数料": 300, "制限事項1": "日曜・休日を除く", "制限事項2": "１月１日〜３日を除く", "種別": "パーキング・メーター", "普通車": true, "貨物用有り": false, "二輪車": false, "標章車専用有り": false }, "geometry": { "type": "MultiLineString", "coordinates": [ [ [ 139.783935007359787, 35.68365403551212 ], [ 139.782936147294208, 35.684757336003372 ], [ 139.781814258236977, 35.685997124295483 ] ] ] } },
{ "type": "Feature", "properties": { "識別id": 228, "利用時間": "09:00-19:00", "制限時間": 60, "手数料": 300, "制限事項1": "日曜・休日を除く", "制限事項2": "１月１日〜３日を除く", "種別": "パーキング・メーター", "普通車": true, "貨物用有り": false, "二輪車": false, "標章車専用有り": false }, "geometry": { "type": "MultiLineString", "coordinates": [ [ [ 139.781121172169605, 35.685654844212138 ], [ 139.7817994389398, 35.684854224656647 ], [ 139.78236795833169, 35.684190751768021 ], [ 139.7826079561315, 35.683917087868892 ], [ 139.782788348733646, 35.683685942561638 ], [ 139.783151696060202, 35.68326675027523 ] ] ] } },
{ "type": "Feature", "properties": { "識別id": 229, "利用時間": "09:00-19:00", "制限時間": 60, "手数料": 300, "制限事項1": "日曜・休日を除く", "制限事項2": "１月１日〜３日を除く", "種別": "パーキング・メーター", "普通車": true, "貨物用有り": false, "二輪車": false, "標章車専用有り": false }, "geometry": { "type": "MultiLineString", "coordinates": [ [ [ 139.782271803712774, 35.682861728562585 ], [ 139.782021439132961, 35.683183879890237 ], [ 139.781407633540852, 35.683906405950175 ] ] ] } },
{ "type": "Feature", "properties": { "識別id": 230, "利用時間": "09:00-19:00", "制限時間": 60, "手数料": 300, "制限事項1": "日曜・休日を除く", "制限事項2": "１月１日〜３日を除く", "種別": "パーキング・メーター", "普通車": true, "貨物用有り": false, "二輪車": false, "標章車専用有り": false }, "geometry": { "type": "MultiLineString", "coordinates": [ [ [ 139.781555386922776, 35.682559794548105 ], [ 139.781047378791811, 35.683199593240836 ], [ 139.780427119620612, 35.683613668667661 ], [ 139.77869695589132, 35.684696608473097 ], [ 139.778553015883745, 35.684856558102574 ] ], [ [ 139.77874404048751, 35.684864943311254 ], [ 139.77877142862414, 35.684786901408202 ], [ 139.780446060698949, 35.683755313818253 ], [ 139.781234537220826, 35.683187686798071 ], [ 139.78170125992915, 35.682587712976307 ] ] ] } },
{ "type": "Feature", "properties": { "識別id": 232, "利用時間": "09:00-19:00", "制限時間": 60, "手数料": 300, "制限事項1": "日曜・休日を除く", "制限事項2": "１月１日〜３日を除く", "種別": "パーキング・メーター", "普通車": true, "貨物用有り": false, "二輪車": false, "標章車専用有り": false }, "geometry": { "type": "MultiLineString", "coordinates": [ [ [ 139.78049057595095, 35.682473420860248 ], [ 139.780469824265964, 35.682739430564993 ], [ 139.780300424249134, 35.683500572233946 ], [ 139.780299547486578, 35.683571132432711 ], [ 139.780337679343035, 35.683661911020288 ] ] ] } },
{ "type": "Feature", "properties": { "識別id": 233, "利用時間": "09:00-19:00", "制限時間": 60, "手数料": 300, "制限事項1": "日曜・休日を除く", "制限事項2": "１月１日〜３日を除く", "種別": "パーキング・メーター", "普通車": true, "貨物用有り": false, "二輪車": false, "標章車専用有り": false }, "geometry": { "type": "MultiLineString", "coordinates": [ [ [ 139.781075421658585, 35.681595891832103 ], [ 139.780937871564561, 35.68172552028539 ], [ 139.780564903875927, 35.682217165238086 ], [ 139.780489350950688, 35.682288164363172 ] ] ] } },
{ "type": "Feature", "properties": { "識別id": 234, "利用時間": "09:00-19:00", "制限時間": 60, "手数料": 300, "制限事項1": "日曜・休日を除く", "制限事項2": "１月１日〜３日を除く", "種別": "パーキング・メーター", "普通車": true, "貨物用有り": false, "二輪車": false, "標章車専用有り": false }, "geometry": { "type": "MultiLineString", "coordinates": [ [ [ 139.783285860398564, 35.683117517577514 ], [ 139.783680011758264, 35.68264357954007 ], [ 139.784713323368436, 35.681421461964149 ], [ 139.785243111211145, 35.680814543179991 ] ] ] } },
{ "type": "Feature", "properties": { "識別id": 235, "利用時間": "09:00-19:00", "制限時間": 60, "手数料": 300, "制限事項1": "日曜・休日を除く", "制限事項2": "１月１日〜３日を除く", "種別": "パーキング・メーター", "普通車": true, "貨物用有り": false, "二輪車": false, "標章車専用有り": false }, "geometry": { "type": "MultiLineString", "coordinates": [ [ [ 139.784009088389752, 35.683465160187666 ], [ 139.784786251872305, 35.682515091357239 ], [ 139.785161716335836, 35.682101699874273 ] ] ] } },
{ "type": "Feature", "properties": { "識別id": 236, "利用時間": "09:00-19:00", "制限時間": 60, "手数料": 300, "制限事項1": "日曜・休日を除く", "制限事項2": "１月１日〜３日を除く", "種別": "パーキング・メーター", "普通車": true, "貨物用有り": false, "二輪車": false, "標章車専用有り": false }, "geometry": { "type": "MultiLineString", "coordinates": [ [ [ 139.785340613740232, 35.682683326050153 ], [ 139.784805230428049, 35.682435839968832 ], [ 139.784169936337236, 35.6821451529458 ], [ 139.782783261074599, 35.681398345504149 ] ] ] } },
{ "type": "Feature", "properties": { "識別id": 237, "利用時間": "09:00-19:00", "制限時間": 60, "手数料": 300, "制限事項1": "日曜・休日を除く", "制限事項2": "１月１日〜３日を除く", "種別": "パーキング・メーター", "普通車": true, "貨物用有り": false, "二輪車": false, "標章車専用有り": false }, "geometry": { "type": "MultiLineString", "coordinates": [ [ [ 139.783595508565639, 35.682760354867511 ], [ 139.784279508363369, 35.6830954941464 ], [ 139.784741199346485, 35.6833650783107 ] ] ] } },
{ "type": "Feature", "properties": { "識別id": 238, "利用時間": "09:00-19:00", "制限時間": 60, "手数料": 300, "制限事項1": "日曜・休日を除く", "制限事項2": "１月１日〜３日を除く", "種別": "パーキング・メーター", "普通車": true, "貨物用有り": false, "二輪車": false, "標章車専用有り": false }, "geometry": { "type": "MultiLineString", "coordinates": [ [ [ 139.781453042587174, 35.682948776994721 ], [ 139.782787249539155, 35.683634132307638 ] ] ] } },
{ "type": "Feature", "properties": { "識別id": 241, "利用時間": "09:00-19:00", "制限時間": 60, "手数料": 300, "制限事項1": null, "制限事項2": "１月１日〜３日を除く", "種別": "パーキング・メーター", "普通車": true, "貨物用有り": false, "二輪車": false, "標章車専用有り": false }, "geometry": { "type": "MultiLineString", "coordinates": [ [ [ 139.77195149802867, 35.705898817499445 ], [ 139.771997443661292, 35.706391585347234 ] ] ] } },
{ "type": "Feature", "properties": { "識別id": 242, "利用時間": "09:00-19:00", "制限時間": 60, "手数料": 300, "制限事項1": null, "制限事項2": "１月１日〜３日を除く", "種別": "パーキング・メーター", "普通車": true, "貨物用有り": false, "二輪車": false, "標章車専用有り": false }, "geometry": { "type": "MultiLineString", "coordinates": [ [ [ 139.771987352641474, 35.706401250673061 ], [ 139.770091596090055, 35.706531591313549 ] ] ] } },
{ "type": "Feature", "properties": { "識別id": 243, "利用時間": "09:00-19:00", "制限時間": 60, "手数料": 300, "制限事項1": null, "制限事項2": "１月１日〜３日を除く", "種別": "パーキング・メーター", "普通車": true, "貨物用有り": true, "二輪車": false, "標章車専用有り": false }, "geometry": { "type": "MultiLineString", "coordinates": [ [ [ 139.772690072991963, 35.705118677701165 ], [ 139.772757424674325, 35.705694524653254 ], [ 139.772811349889054, 35.706273918863502 ] ] ] } },
{ "type": "Feature", "properties": { "識別id": 245, "利用時間": "09:00-19:00", "制限時間": 60, "手数料": 300, "制限事項1": null, "制限事項2": "１月１日〜３日を除く", "種別": "パーキング・メーター", "普通車": true, "貨物用有り": true, "二輪車": false, "標章車専用有り": false }, "geometry": { "type": "MultiLineString", "coordinates": [ [ [ 139.772559665276304, 35.706359131039129 ], [ 139.773371576064619, 35.706180050178062 ], [ 139.774266423047578, 35.705992399502748 ], [ 139.774716183926643, 35.70595901831917 ], [ 139.775883809275712, 35.70589597902665 ] ] ] } },
{ "type": "Feature", "properties": { "識別id": 246, "利用時間": "09:00-19:00", "制限時間": 60, "手数料": 300, "制限事項1": null, "制限事項2": "１月１日〜３日を除く", "種別": "パーキング・メーター", "普通車": true, "貨物用有り": false, "二輪車": false, "標章車専用有り": false }, "geometry": { "type": "MultiLineString", "coordinates": [ [ [ 139.775713898743902, 35.704222751170228 ], [ 139.774035431102845, 35.704332150057624 ], [ 139.772097348717608, 35.704470397900863 ] ] ] } },
{ "type": "Feature", "properties": { "識別id": 247, "利用時間": "09:00-19:00", "制限時間": 60, "手数料": 300, "制限事項1": "日曜・休日を除く", "制限事項2": "１月１日〜３日を除く", "種別": "パーキング・メーター", "普通車": true, "貨物用有り": false, "二輪車": false, "標章車専用有り": false }, "geometry": { "type": "MultiLineString", "coordinates": [ [ [ 139.780012952615834, 35.707144549845694 ], [ 139.779889371651137, 35.706016793037037 ], [ 139.779782568950623, 35.705015556855891 ], [ 139.77966865596818, 35.703977817436943 ], [ 139.779507225500566, 35.702427807679051 ] ] ] } },
{ "type": "Feature", "properties": { "識別id": 248, "利用時間": "09:00-19:00", "制限時間": 60, "手数料": 300, "制限事項1": "日曜・休日を除く", "制限事項2": "１月１日〜３日を除く", "種別": "パーキング・メーター", "普通車": true, "貨物用有り": false, "二輪車": false, "標章車専用有り": false }, "geometry": { "type": "MultiLineString", "coordinates": [ [ [ 139.776368438754503, 35.705859513386891 ], [ 139.777849436271453, 35.705730410890837 ], [ 139.779788770354287, 35.705560160992761 ], [ 139.78160181283846, 35.705412360049458 ] ] ] } },
{ "type": "Feature", "properties": { "識別id": 249, "利用時間": "09:00-19:00", "制限時間": 60, "手数料": 300, "制限事項1": "日曜・休日を除く", "制限事項2": "１月１日〜３日を除く", "種別": "パーキング・メーター", "普通車": true, "貨物用有り": false, "二輪車": false, "標章車専用有り": false }, "geometry": { "type": "MultiLineString", "coordinates": [ [ [ 139.777141757621223, 35.702602984126052 ], [ 139.777457966941199, 35.705712149424727 ] ] ] } },
{ "type": "Feature", "properties": { "識別id": 250, "利用時間": "09:00-19:00", "制限時間": 60, "手数料": 300, "制限事項1": "日曜・休日を除く", "制限事項2": "１月１日〜３日を除く", "種別": "パーキング・メーター", "普通車": true, "貨物用有り": false, "二輪車": false, "標章車専用有り": false }, "geometry": { "type": "MultiLineString", "coordinates": [ [ [ 139.776126908016039, 35.704226640292198 ], [ 139.777730768798534, 35.704086439320243 ], [ 139.779566466545987, 35.703965226532354 ], [ 139.781248283788955, 35.703868627795586 ] ], [ [ 139.781236513446402, 35.703829263794397 ], [ 139.779613709194763, 35.703927089431843 ], [ 139.777340838733636, 35.704087610578647 ], [ 139.77617762006841, 35.704178155424422 ] ] ] } },
{ "type": "Feature", "properties": { "識別id": 252, "利用時間": "09:00-19:00", "制限時間": 60, "手数料": 300, "制限事項1": "日曜・休日を除く", "制限事項2": "１月１日〜３日を除く", "種別": "パーキング・メーター", "普通車": true, "貨物用有り": false, "二輪車": false, "標章車専用有り": false }, "geometry": { "type": "MultiLineString", "coordinates": [ [ [ 139.776955227619908, 35.70051419279271 ], [ 139.777049301549084, 35.701578114863153 ], [ 139.777127117614384, 35.702445630247716 ] ] ] } },
{ "type": "Feature", "properties": { "識別id": 253, "利用時間": "09:00-19:00", "制限時間": 60, "手数料": 300, "制限事項1": "日曜・休日を除く", "制限事項2": "１月１日〜３日を除く", "種別": "パーキング・メーター", "普通車": true, "貨物用有り": false, "二輪車": false, "標章車専用有り": false }, "geometry": { "type": "MultiLineString", "coordinates": [ [ [ 139.775861633157348, 35.701621865630152 ], [ 139.776983820510992, 35.701527000088326 ], [ 139.778364902920629, 35.701419375092037 ], [ 139.780658791243297, 35.701138943259615 ] ] ] } },
{ "type": "Feature", "properties": { "識別id": 254, "利用時間": "09:00-19:00", "制限時間": 60, "手数料": 300, "制限事項1": "日曜・休日を除く", "制限事項2": "１月１日〜３日を除く", "種別": "パーキング・メーター", "普通車": true, "貨物用有り": false, "二輪車": false, "標章車専用有り": false }, "geometry": { "type": "MultiLineString", "coordinates": [ [ [ 139.775844632618373, 35.70056955275416 ], [ 139.776903904020287, 35.700478573589038 ], [ 139.777056810090812, 35.700496049869656 ], [ 139.779464399260092, 35.70029561171642 ], [ 139.780484659900338, 35.700199608059492 ] ], [ [ 139.780470789478187, 35.700129127509705 ], [ 139.778095430911975, 35.700343370053403 ], [ 139.776906458297958, 35.700440709851335 ], [ 139.775822081038115, 35.700535907796421 ] ] ] } },
{ "type": "Feature", "properties": { "識別id": 256, "利用時間": "09:00-19:00", "制限時間": 60, "手数料": 300, "制限事項1": "日曜・休日を除く", "制限事項2": "１月１日〜３日を除く", "種別": "パーキング・チケット", "普通車": true, "貨物用有り": false, "二輪車": false, "標章車専用有り": false }, "geometry": { "type": "MultiLineString", "coordinates": [ [ [ 139.782004008638268, 35.708563627344354 ], [ 139.780200431354302, 35.708718526178139 ], [ 139.779088034668007, 35.708814657038147 ], [ 139.778383827578409, 35.7088788072003 ], [ 139.776665326294932, 35.708888750633342 ] ] ] } },
{ "type": "Feature", "properties": { "識別id": 257, "利用時間": "09:00-19:00", "制限時間": 60, "手数料": 300, "制限事項1": "日曜・休日を除く", "制限事項2": "１月１日〜３日を除く", "種別": "パーキング・チケット", "普通車": true, "貨物用有り": true, "二輪車": false, "標章車専用有り": false }, "geometry": { "type": "MultiLineString", "coordinates": [ [ [ 139.779058482887876, 35.711469392580248 ], [ 139.778985977925316, 35.711234501796156 ], [ 139.778416765354962, 35.709510284975316 ], [ 139.778331195564704, 35.709203488688225 ], [ 139.778147974037438, 35.707543986317837 ] ] ] } },
{ "type": "Feature", "properties": { "識別id": 262, "利用時間": "09:00-19:00", "制限時間": 60, "手数料": 300, "制限事項1": "日曜・休日を除く", "制限事項2": "１月１日〜３日を除く", "種別": "パーキング・メーター", "普通車": true, "貨物用有り": false, "二輪車": false, "標章車専用有り": false }, "geometry": { "type": "MultiLineString", "coordinates": [ [ [ 139.781715182294221, 35.705160031143315 ], [ 139.783284642132259, 35.70495239475629 ], [ 139.784647168247915, 35.704783933511408 ] ], [ [ 139.784655253844988, 35.704719542566522 ], [ 139.782995577810823, 35.704929164625113 ], [ 139.78170314821881, 35.705101210908573 ] ] ] } },
{ "type": "Feature", "properties": { "識別id": 264, "利用時間": "09:00-19:00", "制限時間": 60, "手数料": 300, "制限事項1": "日曜・休日を除く", "制限事項2": "１月１日〜３日を除く", "種別": "パーキング・メーター", "普通車": true, "貨物用有り": true, "二輪車": false, "標章車専用有り": false }, "geometry": { "type": "MultiLineString", "coordinates": [ [ [ 139.787945022140264, 35.701943786914228 ], [ 139.787885238734646, 35.702947313548698 ], [ 139.787956314553895, 35.705266224589693 ], [ 139.787962305213284, 35.706310460845572 ] ], [ [ 139.788098184979589, 35.706283912528974 ], [ 139.788033762180248, 35.703814399750961 ], [ 139.788021180534059, 35.702780734430036 ], [ 139.788054534179054, 35.702007502199585 ] ] ] } },
{ "type": "Feature", "properties": { "識別id": 266, "利用時間": "09:00-19:00", "制限時間": 60, "手数料": 300, "制限事項1": "日曜・休日を除く", "制限事項2": "１月１日〜３日を除く", "種別": "パーキング・メーター", "普通車": true, "貨物用有り": false, "二輪車": false, "標章車専用有り": false }, "geometry": { "type": "MultiLineString", "coordinates": [ [ [ 139.780812010051051, 35.701129992432207 ], [ 139.782348717192491, 35.700950855373357 ], [ 139.783698762455259, 35.700812230022571 ] ] ] } },
{ "type": "Feature", "properties": { "識別id": 268, "利用時間": "09:00-19:00", "制限時間": 60, "手数料": 300, "制限事項1": "日曜・休日を除く", "制限事項2": "１月１日〜３日を除く", "種別": "パーキング・メーター", "普通車": true, "貨物用有り": false, "二輪車": false, "標章車専用有り": false }, "geometry": { "type": "MultiLineString", "coordinates": [ [ [ 139.780485035778099, 35.69918293285037 ], [ 139.781910099626401, 35.699076387624459 ], [ 139.783095893040212, 35.69897799174916 ], [ 139.784581600517498, 35.698841298338728 ], [ 139.786861286158569, 35.698493541427673 ] ], [ [ 139.786815973946716, 35.698439988487159 ], [ 139.786379896894601, 35.698516072302155 ], [ 139.784665468051628, 35.698776450139029 ], [ 139.784128079056671, 35.698829373682941 ], [ 139.782901007080312, 35.698938695639306 ], [ 139.781880823340998, 35.699022251563719 ], [ 139.780474088331999, 35.699127789960862 ] ] ] } },
{ "type": "Feature", "properties": { "識別id": 270, "利用時間": "09:00-19:00", "制限時間": 60, "手数料": 300, "制限事項1": "日曜・休日を除く", "制限事項2": "１月１日〜３日を除く", "種別": "パーキング・メーター", "普通車": true, "貨物用有り": false, "二輪車": false, "標章車専用有り": false }, "geometry": { "type": "MultiLineString", "coordinates": [ [ [ 139.783585863959303, 35.698972149817848 ], [ 139.783789188567425, 35.70009421820896 ] ], [ [ 139.783859470794965, 35.700080768736775 ], [ 139.783656155225003, 35.698942595422551 ] ] ] } },
{ "type": "Feature", "properties": { "識別id": 272, "利用時間": "09:00-19:00", "制限時間": 60, "手数料": 300, "制限事項1": "日曜・休日を除く", "制限事項2": "１月１日〜３日を除く", "種別": "パーキング・メーター", "普通車": true, "貨物用有り": false, "二輪車": false, "標章車専用有り": false }, "geometry": { "type": "MultiLineString", "coordinates": [ [ [ 139.784941281183933, 35.696375537825915 ], [ 139.784977524647701, 35.696494045388704 ] ] ] } },
{ "type": "Feature", "properties": { "識別id": 273, "利用時間": "09:00-19:00", "制限時間": 60, "手数料": 300, "制限事項1": "日曜・休日を除く", "制限事項2": "１月１日〜３日を除く", "種別": "パーキング・メーター", "普通車": true, "貨物用有り": false, "二輪車": false, "標章車専用有り": false }, "geometry": { "type": "MultiLineString", "coordinates": [ [ [ 139.788108026902052, 35.704756560526363 ], [ 139.789457277525258, 35.704681905565671 ], [ 139.790233902389588, 35.704633873795864 ] ] ] } },
{ "type": "Feature", "properties": { "識別id": 274, "利用時間": "09:00-19:00", "制限時間": 60, "手数料": 300, "制限事項1": "日曜・休日を除く", "制限事項2": "１月１日〜３日を除く", "種別": "パーキング・メーター", "普通車": true, "貨物用有り": false, "二輪車": false, "標章車専用有り": false }, "geometry": { "type": "MultiLineString", "coordinates": [ [ [ 139.792756740296824, 35.705512630117234 ], [ 139.793295888081332, 35.706570315437638 ], [ 139.793868234201057, 35.707650021987291 ], [ 139.793960527466737, 35.707913887467733 ], [ 139.794262840908061, 35.708982510088113 ] ], [ [ 139.794320293080887, 35.708954339175676 ], [ 139.794005123646997, 35.707816909403817 ], [ 139.793624110674727, 35.707071311865363 ], [ 139.792821911200264, 35.705508864233941 ] ] ] } },
{ "type": "Feature", "properties": { "識別id": 277, "利用時間": "09:00-19:00", "制限時間": 60, "手数料": 300, "制限事項1": "日曜・休日を除く", "制限事項2": "１月１日〜３日を除く", "種別": "パーキング・メーター", "普通車": true, "貨物用有り": false, "二輪車": false, "標章車専用有り": false }, "geometry": { "type": "MultiLineString", "coordinates": [ [ [ 139.789126218986354, 35.697537572670633 ], [ 139.788730818625595, 35.697716978018221 ], [ 139.787157499868698, 35.698425014311681 ] ], [ [ 139.787199436955831, 35.698473133274234 ], [ 139.789199291644053, 35.697573108412179 ] ] ] } },
{ "type": "Feature", "properties": { "識別id": 279, "利用時間": "09:00-19:00", "制限時間": 60, "手数料": 300, "制限事項1": null, "制限事項2": "１月１日〜３日を除く", "種別": "パーキング・メーター", "普通車": true, "貨物用有り": false, "二輪車": false, "標章車専用有り": false }, "geometry": { "type": "MultiLineString", "coordinates": [ [ [ 139.771995631217862, 35.703812750947684 ], [ 139.773058169292085, 35.703725438289645 ] ] ] } },
{ "type": "Feature", "properties": { "識別id": 280, "利用時間": "09:00-19:00", "制限時間": 60, "手数料": 300, "制限事項1": null, "制限事項2": "１月１日〜３日を除く", "種別": "パーキング・メーター", "普通車": true, "貨物用有り": true, "二輪車": false, "標章車専用有り": false }, "geometry": { "type": "MultiLineString", "coordinates": [ [ [ 139.769351823268238, 35.699857258486574 ], [ 139.770338839171274, 35.699789648311999 ] ] ] } },
{ "type": "Feature", "properties": { "識別id": 281, "利用時間": "09:00-19:00", "制限時間": 60, "手数料": 300, "制限事項1": null, "制限事項2": "１月１日〜３日を除く", "種別": "パーキング・メーター", "普通車": true, "貨物用有り": true, "二輪車": false, "標章車専用有り": false }, "geometry": { "type": "MultiLineString", "coordinates": [ [ [ 139.771162499401271, 35.699623973772084 ], [ 139.769326142136947, 35.699756496163872 ] ] ] } },
{ "type": "Feature", "properties": { "識別id": 282, "利用時間": "09:00-19:00", "制限時間": 60, "手数料": 300, "制限事項1": "日曜・休日を除く", "制限事項2": "１月１日〜３日を除く", "種別": "パーキング・メーター", "普通車": true, "貨物用有り": false, "二輪車": false, "標章車専用有り": false }, "geometry": { "type": "MultiLineString", "coordinates": [ [ [ 139.782737953881281, 35.697476767880744 ], [ 139.781703126853159, 35.697563347290348 ], [ 139.780265156965584, 35.697669680685699 ] ] ] } },
{ "type": "Feature", "properties": { "識別id": 283, "利用時間": "09:00-19:00", "制限時間": 60, "手数料": 300, "制限事項1": "日曜・休日を除く", "制限事項2": "１月１日〜３日を除く", "種別": "パーキング・メーター", "普通車": true, "貨物用有り": false, "二輪車": false, "標章車専用有り": false }, "geometry": { "type": "MultiLineString", "coordinates": [ [ [ 139.781778555671252, 35.697548076002036 ], [ 139.78171142696803, 35.697066673011008 ] ] ] } },
{ "type": "Feature", "properties": { "識別id": 286, "利用時間": "09:00-19:00", "制限時間": 60, "手数料": 300, "制限事項1": null, "制限事項2": "１月１日〜３日を除く", "種別": "パーキング・メーター", "普通車": true, "貨物用有り": true, "二輪車": false, "標章車専用有り": false }, "geometry": { "type": "MultiLineString", "coordinates": [ [ [ 139.772965972539964, 35.697602370002294 ], [ 139.77529156848135, 35.697560454431567 ] ], [ [ 139.775230652327195, 35.697461228488159 ], [ 139.772984228962571, 35.697517535728757 ] ] ] } },
{ "type": "Feature", "properties": { "識別id": 288, "利用時間": "09:00-19:00", "制限時間": 60, "手数料": 300, "制限事項1": null, "制限事項2": "１月１日〜３日を除く", "種別": "パーキング・メーター", "普通車": true, "貨物用有り": false, "二輪車": false, "標章車専用有り": false }, "geometry": { "type": "MultiLineString", "coordinates": [ [ [ 139.771693601695034, 35.704504107518311 ], [ 139.769983042889805, 35.704656942789548 ] ] ] } },
{ "type": "Feature", "properties": { "識別id": 291, "利用時間": "10:00-19:00", "制限時間": 60, "手数料": 300, "制限事項1": "日曜・休日を除く", "制限事項2": "１月１日〜３日を除く", "種別": "パーキング・メーター", "普通車": true, "貨物用有り": false, "二輪車": false, "標章車専用有り": false }, "geometry": { "type": "MultiLineString", "coordinates": [ [ [ 139.784136462089918, 35.692291277091428 ], [ 139.783356524845914, 35.691666840373742 ] ] ] } },
{ "type": "Feature", "properties": { "識別id": 293, "利用時間": "10:00-16:30", "制限時間": 60, "手数料": 300, "制限事項1": "日曜・休日を除く", "制限事項2": "１月１日〜３日を除く", "種別": "パーキング・メーター", "普通車": true, "貨物用有り": false, "二輪車": false, "標章車専用有り": false }, "geometry": { "type": "MultiLineString", "coordinates": [ [ [ 139.782665409544165, 35.692307439542603 ], [ 139.783595675609234, 35.69304704063083 ], [ 139.785011856492162, 35.694288763497241 ] ] ] } },
{ "type": "Feature", "properties": { "識別id": 294, "利用時間": "10:00-16:30", "制限時間": 60, "手数料": 300, "制限事項1": "日曜・休日を除く", "制限事項2": "１月１日〜３日を除く", "種別": "パーキング・メーター", "普通車": true, "貨物用有り": false, "二輪車": false, "標章車専用有り": false }, "geometry": { "type": "MultiLineString", "coordinates": [ [ [ 139.782961995586504, 35.693651355838277 ], [ 139.783598633567522, 35.693111915432432 ], [ 139.783657048802979, 35.693049704781359 ], [ 139.784004556741309, 35.692764330639179 ], [ 139.784196552553823, 35.692610032273073 ] ] ] } },
{ "type": "Feature", "properties": { "識別id": 295, "利用時間": "10:00-16:30", "制限時間": 60, "手数料": 300, "制限事項1": "日曜・休日を除く", "制限事項2": "１月１日〜３日を除く", "種別": "パーキング・メーター", "普通車": true, "貨物用有り": false, "二輪車": false, "標章車専用有り": false }, "geometry": { "type": "MultiLineString", "coordinates": [ [ [ 139.784327053512953, 35.692468346863777 ], [ 139.784812786611695, 35.692422659705095 ] ] ] } },
{ "type": "Feature", "properties": { "識別id": 297, "利用時間": "10:00-19:00", "制限時間": 60, "手数料": 300, "制限事項1": "日曜・休日を除く", "制限事項2": "１月１日〜３日を除く", "種別": "パーキング・メーター", "普通車": true, "貨物用有り": false, "二輪車": false, "標章車専用有り": false }, "geometry": { "type": "MultiLineString", "coordinates": [ [ [ 139.784162066922107, 35.691831472707882 ], [ 139.784323975347803, 35.692957925016252 ], [ 139.784419499688596, 35.693675716707027 ] ] ] } },
{ "type": "Feature", "properties": { "識別id": 298, "利用時間": "09:00-19:00", "制限時間": 60, "手数料": 300, "制限事項1": "日曜・休日を除く", "制限事項2": "１月１日〜３日を除く", "種別": "パーキング・メーター", "普通車": true, "貨物用有り": true, "二輪車": false, "標章車専用有り": false }, "geometry": { "type": "MultiLineString", "coordinates": [ [ [ 139.784689730511957, 35.690458470951469 ], [ 139.784710072353192, 35.690892351960635 ], [ 139.784636588282638, 35.691118170959811 ], [ 139.785156085668433, 35.69473615077532 ] ], [ [ 139.785370423995346, 35.694690595724559 ], [ 139.785134473549533, 35.69309611759649 ], [ 139.784990265481497, 35.692151220373574 ], [ 139.784735237515065, 35.690397307313724 ] ] ] } },
{ "type": "Feature", "properties": { "識別id": 302, "利用時間": "09:00-19:00", "制限時間": 60, "手数料": 300, "制限事項1": "日曜・休日を除く", "制限事項2": "１月１日〜３日を除く", "種別": "パーキング・メーター", "普通車": true, "貨物用有り": false, "二輪車": false, "標章車専用有り": false }, "geometry": { "type": "MultiLineString", "coordinates": [ [ [ 139.787285665416903, 35.694429438431236 ], [ 139.787221139182748, 35.694325211944452 ], [ 139.78516553769424, 35.692678899126626 ], [ 139.785082569590912, 35.692658037282023 ] ] ] } },
{ "type": "Feature", "properties": { "識別id": 303, "利用時間": "09:00-19:00", "制限時間": 60, "手数料": 300, "制限事項1": "日曜・休日を除く", "制限事項2": "１月１日〜３日を除く", "種別": "パーキング・メーター", "普通車": true, "貨物用有り": false, "二輪車": false, "標章車専用有り": false }, "geometry": { "type": "MultiLineString", "coordinates": [ [ [ 139.78530527169579, 35.694175553970815 ], [ 139.78652939637422, 35.694049055868454 ], [ 139.786812162507999, 35.694028370533367 ] ] ] } },
{ "type": "Feature", "properties": { "識別id": 304, "利用時間": "09:00-19:00", "制限時間": 60, "手数料": 300, "制限事項1": "日曜・休日を除く", "制限事項2": "１月１日〜３日を除く", "種別": "パーキング・メーター", "普通車": true, "貨物用有り": false, "二輪車": false, "標章車専用有り": false }, "geometry": { "type": "MultiLineString", "coordinates": [ [ [ 139.78560389941498, 35.695336844928605 ], [ 139.787163846518098, 35.694784427685491 ] ], [ [ 139.786888692240638, 35.694821877772121 ], [ 139.785568690758367, 35.695295947286517 ] ] ] } },
{ "type": "Feature", "properties": { "識別id": 306, "利用時間": "09:00-19:00", "制限時間": 60, "手数料": 300, "制限事項1": "日曜・休日を除く", "制限事項2": "１月１日〜３日を除く", "種別": "パーキング・メーター", "普通車": true, "貨物用有り": true, "二輪車": false, "標章車専用有り": false }, "geometry": { "type": "MultiLineString", "coordinates": [ [ [ 139.779235370971833, 35.689975344115545 ], [ 139.781310346766503, 35.691366526018804 ], [ 139.782570846993764, 35.692241104699193 ] ] ] } },
{ "type": "Feature", "properties": { "識別id": 307, "利用時間": "09:00-19:00", "制限時間": 60, "手数料": 300, "制限事項1": "日曜・休日を除く", "制限事項2": "１月１日〜３日を除く", "種別": "パーキング・メーター", "普通車": true, "貨物用有り": false, "二輪車": false, "標章車専用有り": false }, "geometry": { "type": "MultiLineString", "coordinates": [ [ [ 139.789877306178028, 35.702886106474409 ], [ 139.790166234452641, 35.70410480807967 ], [ 139.790612798801163, 35.705951660797403 ] ], [ [ 139.790814905473013, 35.705917605505093 ], [ 139.790512837456362, 35.704634505071908 ], [ 139.790105601288019, 35.70298603672002 ], [ 139.790085872884504, 35.702867641304742 ] ] ] } },
{ "type": "Feature", "properties": { "識別id": 309, "利用時間": "09:00-19:00", "制限時間": 60, "手数料": 300, "制限事項1": "日曜・休日を除く", "制限事項2": "１月１日〜３日を除く", "種別": "パーキング・メーター", "普通車": true, "貨物用有り": true, "二輪車": false, "標章車専用有り": false }, "geometry": { "type": "MultiLineString", "coordinates": [ [ [ 139.755735387541336, 35.666458620185011 ], [ 139.757946188505798, 35.665712386122856 ] ] ] } },
{ "type": "Feature", "properties": { "識別id": 310, "利用時間": "08:00-20:00", "制限時間": 60, "手数料": 300, "制限事項1": null, "制限事項2": "１月１日〜３日を除く", "種別": "パーキング・メーター", "普通車": true, "貨物用有り": true, "二輪車": false, "標章車専用有り": false }, "geometry": { "type": "MultiLineString", "coordinates": [ [ [ 139.768881955543208, 35.689622263156338 ], [ 139.76984798786691, 35.690323940092227 ] ], [ [ 139.770073222004982, 35.690304661640859 ], [ 139.769894412158266, 35.690227314843959 ], [ 139.768909089009043, 35.689497161832207 ] ] ] } },
{ "type": "Feature", "properties": { "識別id": 313, "利用時間": "09:00-19:00", "制限時間": 60, "手数料": 300, "制限事項1": null, "制限事項2": "１月１日〜３日を除く", "種別": "パーキング・メーター", "普通車": true, "貨物用有り": true, "二輪車": false, "標章車専用有り": false }, "geometry": { "type": "MultiLineString", "coordinates": [ [ [ 139.763301749668159, 35.675388765272196 ], [ 139.76329516071317, 35.675389269115463 ], [ 139.763306618385315, 35.675388878733955 ], [ 139.76330416931151, 35.675398992234683 ], [ 139.76334, 35.67542 ], [ 139.76325, 35.67536 ], [ 139.76305, 35.67523 ], [ 139.7629, 35.67512 ], [ 139.76271, 35.67497 ] ] ] } },
{ "type": "Feature", "properties": { "識別id": 314, "利用時間": "09:00-19:00", "制限時間": 60, "手数料": 300, "制限事項1": "日曜・休日を除く", "制限事項2": "１月１日〜３日を除く", "種別": "パーキング・メーター", "普通車": true, "貨物用有り": true, "二輪車": false, "標章車専用有り": false }, "geometry": { "type": "MultiLineString", "coordinates": [ [ [ 139.773025992735569, 35.668553598088906 ], [ 139.771966815395928, 35.669360192597551 ], [ 139.77133862996368, 35.669854357688564 ] ] ] } },
{ "type": "Feature", "properties": { "識別id": 315, "利用時間": "09:00-21:00", "制限時間": 60, "手数料": 300, "制限事項1": null, "制限事項2": "１月１日〜３日を除く", "種別": "パーキング・メーター", "普通車": true, "貨物用有り": false, "二輪車": false, "標章車専用有り": false }, "geometry": { "type": "MultiLineString", "coordinates": [ [ [ 139.767727233348666, 35.668858260039165 ], [ 139.766746479878265, 35.668040668873083 ], [ 139.766291676885288, 35.667721723540446 ], [ 139.765847841136832, 35.667395074515326 ] ] ] } },
{ "type": "Feature", "properties": { "識別id": 316, "利用時間": "09:00-21:00", "制限時間": 60, "手数料": 300, "制限事項1": null, "制限事項2": "１月１日〜３日を除く", "種別": "パーキング・メーター", "普通車": true, "貨物用有り": true, "二輪車": false, "標章車専用有り": false }, "geometry": { "type": "MultiLineString", "coordinates": [ [ [ 139.766359975703068, 35.666969328745346 ], [ 139.767212569309095, 35.667618276768344 ] ] ] } },
{ "type": "Feature", "properties": { "識別id": 317, "利用時間": "09:00-21:00", "制限時間": 60, "手数料": 300, "制限事項1": null, "制限事項2": "１月１日〜３日を除く", "種別": "パーキング・メーター", "普通車": true, "貨物用有り": true, "二輪車": false, "標章車専用有り": false }, "geometry": { "type": "MultiLineString", "coordinates": [ [ [ 139.766834771229668, 35.668102439351244 ], [ 139.767265090716535, 35.667697451395696 ] ] ] } },
{ "type": "Feature", "properties": { "識別id": 318, "利用時間": "09:00-21:00", "制限時間": 60, "手数料": 300, "制限事項1": null, "制限事項2": "１月１日〜３日を除く", "種別": "パーキング・メーター", "普通車": true, "貨物用有り": true, "二輪車": false, "標章車専用有り": false }, "geometry": { "type": "MultiLineString", "coordinates": [ [ [ 139.766299425260883, 35.6669338675785 ], [ 139.765192333923494, 35.667835412021425 ] ], [ [ 139.765247094310297, 35.667880013342632 ], [ 139.766344566945463, 35.666969599167281 ] ] ] } },
{ "type": "Feature", "properties": { "識別id": 320, "利用時間": "09:00-19:00", "制限時間": 60, "手数料": 300, "制限事項1": "日曜・休日を除く", "制限事項2": "１月１日〜３日を除く", "種別": "パーキング・メーター", "普通車": true, "貨物用有り": true, "二輪車": false, "標章車専用有り": false }, "geometry": { "type": "MultiLineString", "coordinates": [ [ [ 139.771603174528536, 35.673726777168277 ], [ 139.772431200030013, 35.674978028855151 ] ] ] } },
{ "type": "Feature", "properties": { "識別id": 321, "利用時間": "09:00-19:00", "制限時間": 60, "手数料": 300, "制限事項1": "日曜・休日を除く", "制限事項2": "１月１日〜３日を除く", "種別": "パーキング・メーター", "普通車": true, "貨物用有り": true, "二輪車": false, "標章車専用有り": false }, "geometry": { "type": "MultiLineString", "coordinates": [ [ [ 139.758799253864964, 35.667938522433474 ], [ 139.760855715331786, 35.667272761587796 ] ] ] } },
{ "type": "Feature", "properties": { "識別id": 322, "利用時間": "07:00-16:00", "制限時間": 40, "手数料": 200, "制限事項1": "日曜・休日を除く", "制限事項2": "１月１日〜３日を除く", "種別": "パーキング・メーター", "普通車": true, "貨物用有り": true, "二輪車": false, "標章車専用有り": false }, "geometry": { "type": "MultiLineString", "coordinates": [ [ [ 139.699048101712009, 35.658118151426891 ], [ 139.699615424586852, 35.65777474116684 ] ] ] } },
{ "type": "Feature", "properties": { "識別id": 323, "利用時間": "07:00-20:00", "制限時間": 40, "手数料": 200, "制限事項1": null, "制限事項2": "１月１日〜３日を除く", "種別": "パーキング・メーター", "普通車": true, "貨物用有り": true, "二輪車": false, "標章車専用有り": false }, "geometry": { "type": "MultiLineString", "coordinates": [ [ [ 139.699234185591564, 35.659618816553213 ], [ 139.69772051229566, 35.660200140697064 ], [ 139.696862376423184, 35.660453583865724 ] ] ] } },
{ "type": "Feature", "properties": { "識別id": 324, "利用時間": "09:00-20:00", "制限時間": 60, "手数料": 300, "制限事項1": "日曜・休日を除く", "制限事項2": "１月１日〜３日を除く", "種別": "パーキング・メーター", "普通車": true, "貨物用有り": true, "二輪車": false, "標章車専用有り": false }, "geometry": { "type": "MultiLineString", "coordinates": [ [ [ 139.696309234625915, 35.657383780430997 ], [ 139.697283115690141, 35.656437555952671 ] ] ] } },
{ "type": "Feature", "properties": { "識別id": 325, "利用時間": "09:00-19:00", "制限時間": 60, "手数料": 300, "制限事項1": "日曜・休日を除く", "制限事項2": "１月１日〜３日を除く", "種別": "パーキング・メーター", "普通車": true, "貨物用有り": false, "二輪車": false, "標章車専用有り": false }, "geometry": { "type": "MultiLineString", "coordinates": [ [ [ 139.791281368617859, 35.708421276759104 ], [ 139.791965788921345, 35.708292707068708 ], [ 139.79238640806372, 35.708201735655742 ], [ 139.793992151233169, 35.707719272190033 ], [ 139.795051984525003, 35.707397518816094 ] ] ] } },
{ "type": "Feature", "properties": { "識別id": 326, "利用時間": "09:00-19:00", "制限時間": 60, "手数料": 300, "制限事項1": "日曜・休日を除く", "制限事項2": "１月１日〜３日を除く", "種別": "パーキング・メーター", "普通車": true, "貨物用有り": true, "二輪車": false, "標章車専用有り": false }, "geometry": { "type": "MultiLineString", "coordinates": [ [ [ 139.790691770032083, 35.706216480611779 ], [ 139.790934422621433, 35.707864627127542 ], [ 139.790999987226883, 35.708293933333358 ], [ 139.7910852718623, 35.708723154018578 ], [ 139.791282259064843, 35.709576676373217 ] ], [ [ 139.791484333573891, 35.709531680660177 ], [ 139.791431815495827, 35.709290144255633 ], [ 139.791234748112885, 35.70844704230025 ], [ 139.791024765076713, 35.707131392164619 ], [ 139.79088705577729, 35.706148867348816 ] ] ] } },
{ "type": "Feature", "properties": { "識別id": 328, "利用時間": "09:00-19:00", "制限時間": 60, "手数料": 300, "制限事項1": "日曜・休日を除く", "制限事項2": "１月１日〜３日を除く", "種別": "パーキング・メーター", "普通車": true, "貨物用有り": false, "二輪車": false, "標章車専用有り": false }, "geometry": { "type": "MultiLineString", "coordinates": [ [ [ 139.788283237415499, 35.708660034534098 ], [ 139.790929398176388, 35.708322790522196 ] ] ] } },
{ "type": "Feature", "properties": { "識別id": 329, "利用時間": "09:00-19:00", "制限時間": 60, "手数料": 300, "制限事項1": "日曜・休日を除く", "制限事項2": "１月１日〜３日を除く", "種別": "パーキング・メーター", "普通車": true, "貨物用有り": false, "二輪車": false, "標章車専用有り": true }, "geometry": { "type": "MultiLineString", "coordinates": [ [ [ 139.789720649985128, 35.709867675684528 ], [ 139.789537743264532, 35.707317626252873 ], [ 139.789472466517651, 35.706324437506865 ] ] ] } },
{ "type": "Feature", "properties": { "識別id": 330, "利用時間": "09:00-19:00", "制限時間": 60, "手数料": 300, "制限事項1": "日曜・休日を除く", "制限事項2": "１月１日〜３日を除く", "種別": "パーキング・メーター", "普通車": true, "貨物用有り": false, "二輪車": false, "標章車専用有り": false }, "geometry": { "type": "MultiLineString", "coordinates": [ [ [ 139.791907394507177, 35.711658438260699 ], [ 139.790334186367289, 35.711953122858532 ], [ 139.788332292628553, 35.712365884586156 ], [ 139.78460646601286, 35.712691961740873 ], [ 139.783246557714079, 35.712830970173769 ] ] ] } },
{ "type": "Feature", "properties": { "識別id": 333, "利用時間": "09:00-19:00", "制限時間": 60, "手数料": 300, "制限事項1": "日曜・休日を除く", "制限事項2": "１月１日〜３日を除く", "種別": "パーキング・メーター", "普通車": true, "貨物用有り": false, "二輪車": false, "標章車専用有り": false }, "geometry": { "type": "MultiLineString", "coordinates": [ [ [ 139.785515996003653, 35.715173583375268 ], [ 139.788787247089573, 35.714514533623387 ] ] ] } },
{ "type": "Feature", "properties": { "識別id": 334, "利用時間": "09:00-19:00", "制限時間": 60, "手数料": 300, "制限事項1": "日曜・休日を除く", "制限事項2": "１月１日〜３日を除く", "種別": "パーキング・メーター", "普通車": true, "貨物用有り": false, "二輪車": false, "標章車専用有り": false }, "geometry": { "type": "MultiLineString", "coordinates": [ [ [ 139.790224746757985, 35.711591945830868 ], [ 139.791837556852073, 35.711302622520506 ] ] ] } },
{ "type": "Feature", "properties": { "識別id": 335, "利用時間": "09:00-19:00", "制限時間": 60, "手数料": 300, "制限事項1": "日曜・休日を除く", "制限事項2": "１月１日〜３日を除く", "種別": "パーキング・メーター", "普通車": true, "貨物用有り": false, "二輪車": false, "標章車専用有り": false }, "geometry": { "type": "MultiLineString", "coordinates": [ [ [ 139.778830057570588, 35.710978350346316 ], [ 139.77799404399309, 35.711138843734958 ] ] ] } },
{ "type": "Feature", "properties": { "識別id": 336, "利用時間": "09:00-19:00", "制限時間": 60, "手数料": 300, "制限事項1": "日曜・休日を除く", "制限事項2": "１月１日〜３日を除く", "種別": "パーキング・メーター", "普通車": true, "貨物用有り": true, "二輪車": false, "標章車専用有り": false }, "geometry": { "type": "MultiLineString", "coordinates": [ [ [ 139.775720189883401, 35.680251186777959 ], [ 139.775197981437969, 35.680471444617801 ] ] ] } },
{ "type": "Feature", "properties": { "識別id": 337, "利用時間": "09:00-19:00", "制限時間": 60, "手数料": 300, "制限事項1": "日曜・休日を除く", "制限事項2": "１月１日〜３日を除く", "種別": "パーキング・メーター", "普通車": true, "貨物用有り": false, "二輪車": false, "標章車専用有り": false }, "geometry": { "type": "MultiLineString", "coordinates": [ [ [ 139.778402356768368, 35.709699085285493 ], [ 139.776763349991228, 35.709778851155235 ] ] ] } },
{ "type": "Feature", "properties": { "識別id": 338, "利用時間": "09:00-19:00", "制限時間": 60, "手数料": 300, "制限事項1": "日曜・休日を除く", "制限事項2": "１月１日〜３日を除く", "種別": "パーキング・メーター", "普通車": true, "貨物用有り": false, "二輪車": false, "標章車専用有り": false }, "geometry": { "type": "MultiLineString", "coordinates": [ [ [ 139.777188056664215, 35.708859821247977 ], [ 139.777063827573045, 35.707678728641284 ] ] ] } },
{ "type": "Feature", "properties": { "識別id": 341, "利用時間": "09:00-19:00", "制限時間": 60, "手数料": 300, "制限事項1": null, "制限事項2": "１月１日〜３日を除く", "種別": "パーキング・メーター", "普通車": true, "貨物用有り": true, "二輪車": false, "標章車専用有り": false }, "geometry": { "type": "MultiLineString", "coordinates": [ [ [ 139.79767769802686, 35.711082147644774 ], [ 139.797703743372949, 35.711704727520676 ], [ 139.797729940539909, 35.712016175609335 ], [ 139.797742818357762, 35.712632946276081 ], [ 139.798222262459547, 35.714568558613266 ], [ 139.798524551881513, 35.715685180727519 ] ] ] } },
{ "type": "Feature", "properties": { "識別id": 342, "利用時間": "08:00-20:00", "制限時間": 60, "手数料": 300, "制限事項1": null, "制限事項2": "１月１日〜３日を除く", "種別": "パーキング・メーター", "普通車": true, "貨物用有り": true, "二輪車": false, "標章車専用有り": false }, "geometry": { "type": "MultiLineString", "coordinates": [ [ [ 139.756820317349735, 35.701224209120817 ], [ 139.75701937197951, 35.700581056917194 ], [ 139.757149443347828, 35.700148342969541 ], [ 139.758127508276857, 35.699168654381587 ] ], [ [ 139.758076462066839, 35.699133255812107 ], [ 139.757565052259082, 35.699639503693305 ], [ 139.757085150641501, 35.700130396238492 ], [ 139.7567414800005, 35.701250640434331 ] ] ] } },
{ "type": "Feature", "properties": { "識別id": 344, "利用時間": "08:00-20:00", "制限時間": 60, "手数料": 300, "制限事項1": null, "制限事項2": "１月１日〜３日を除く", "種別": "パーキング・メーター", "普通車": true, "貨物用有り": false, "二輪車": false, "標章車専用有り": false }, "geometry": { "type": "MultiLineString", "coordinates": [ [ [ 139.759256796061464, 35.696097370067619 ], [ 139.758645278253709, 35.69716695391579 ] ] ] } },
{ "type": "Feature", "properties": { "識別id": 345, "利用時間": "09:00-19:00", "制限時間": 60, "手数料": 300, "制限事項1": null, "制限事項2": "１月１日〜３日を除く", "種別": "パーキング・メーター", "普通車": true, "貨物用有り": false, "二輪車": false, "標章車専用有り": false }, "geometry": { "type": "MultiLineString", "coordinates": [ [ [ 139.792752350315311, 35.711236091437236 ], [ 139.792528914333133, 35.71050588478095 ], [ 139.792266072606225, 35.709614613960085 ] ] ] } },
{ "type": "Feature", "properties": { "識別id": 346, "利用時間": "09:00-19:00", "制限時間": 60, "手数料": 300, "制限事項1": null, "制限事項2": "１月１日〜３日を除く", "種別": "パーキング・メーター", "普通車": true, "貨物用有り": false, "二輪車": false, "標章車専用有り": false }, "geometry": { "type": "MultiLineString", "coordinates": [ [ [ 139.793103901189227, 35.709439672959583 ], [ 139.793327264681238, 35.71030406414561 ], [ 139.793537487110058, 35.711130872101329 ] ] ] } },
{ "type": "Feature", "properties": { "識別id": 347, "利用時間": "09:00-19:00", "制限時間": 60, "手数料": 300, "制限事項1": null, "制限事項2": "１月１日〜３日を除く", "種別": "パーキング・メーター", "普通車": true, "貨物用有り": false, "二輪車": false, "標章車専用有り": false }, "geometry": { "type": "MultiLineString", "coordinates": [ [ [ 139.794653845732682, 35.710989285952692 ], [ 139.794371674353243, 35.709212275110303 ] ] ] } },
{ "type": "Feature", "properties": { "識別id": 348, "利用時間": "09:00-19:00", "制限時間": 60, "手数料": 300, "制限事項1": null, "制限事項2": "１月１日〜３日を除く", "種別": "パーキング・メーター", "普通車": true, "貨物用有り": false, "二輪車": false, "標章車専用有り": false }, "geometry": { "type": "MultiLineString", "coordinates": [ [ [ 139.795386272765597, 35.71050985708824 ], [ 139.795425575300413, 35.710912494772977 ] ] ] } },
{ "type": "Feature", "properties": { "識別id": 350, "利用時間": "09:00-19:00", "制限時間": 60, "手数料": 300, "制限事項1": "日曜・休日を除く", "制限事項2": "１月１日〜３日を除く", "種別": "パーキング・メーター", "普通車": true, "貨物用有り": false, "二輪車": false, "標章車専用有り": false }, "geometry": { "type": "MultiLineString", "coordinates": [ [ [ 139.791093675816569, 35.71756824189638 ], [ 139.790949558943623, 35.716274594828342 ], [ 139.790628115020922, 35.71425079040705 ] ] ] } },
{ "type": "Feature", "properties": { "識別id": 352, "利用時間": "09:00-19:00", "制限時間": 60, "手数料": 300, "制限事項1": "日曜・休日を除く", "制限事項2": "１月１日〜３日を除く", "種別": "パーキング・メーター", "普通車": true, "貨物用有り": true, "二輪車": false, "標章車専用有り": false }, "geometry": { "type": "MultiLineString", "coordinates": [ [ [ 139.790609099641301, 35.714092887443826 ], [ 139.790307447174854, 35.712074668585231 ], [ 139.790064505532882, 35.711130118556092 ], [ 139.789817808417411, 35.710156746468598 ] ] ] } },
{ "type": "Feature", "properties": { "識別id": 355, "利用時間": "09:00-19:00", "制限時間": 60, "手数料": 300, "制限事項1": "日曜・休日を除く", "制限事項2": "１月１日〜３日を除く", "種別": "パーキング・メーター", "普通車": true, "貨物用有り": true, "二輪車": false, "標章車専用有り": false }, "geometry": { "type": "MultiLineString", "coordinates": [ [ [ 139.747294470254985, 35.669287323446319 ], [ 139.74832356737835, 35.668941931148304 ] ] ] } },
{ "type": "Feature", "properties": { "識別id": 357, "利用時間": "09:00-19:00", "制限時間": 60, "手数料": 300, "制限事項1": "日曜・休日を除く", "制限事項2": "１月１日〜３日を除く", "種別": "パーキング・メーター", "普通車": true, "貨物用有り": false, "二輪車": false, "標章車専用有り": false }, "geometry": { "type": "MultiLineString", "coordinates": [ [ [ 139.748537057208409, 35.670267483237225 ], [ 139.747291066434684, 35.669302196492232 ] ] ] } },
{ "type": "Feature", "properties": { "識別id": 359, "利用時間": "09:00-19:00", "制限時間": 60, "手数料": 300, "制限事項1": null, "制限事項2": "１月１日〜３日を除く", "種別": "パーキング・メーター", "普通車": true, "貨物用有り": true, "二輪車": false, "標章車専用有り": false }, "geometry": { "type": "MultiLineString", "coordinates": [ [ [ 139.763834807899514, 35.703295438298873 ], [ 139.764726390909459, 35.703290461302608 ], [ 139.764984298692838, 35.703260558890612 ], [ 139.766563183482191, 35.702915523412841 ] ], [ [ 139.766511955080404, 35.702781807691672 ], [ 139.765639600486537, 35.702984579838038 ], [ 139.764894007064726, 35.703149236264487 ], [ 139.763887709207921, 35.703178956999913 ], [ 139.763805388809317, 35.703162120130735 ] ] ] } },
{ "type": "Feature", "properties": { "識別id": 361, "利用時間": "09:00-19:00", "制限時間": 60, "手数料": 300, "制限事項1": "日曜・休日を除く", "制限事項2": "１月１日〜３日を除く", "種別": "パーキング・メーター", "普通車": true, "貨物用有り": true, "二輪車": false, "標章車専用有り": false }, "geometry": { "type": "MultiLineString", "coordinates": [ [ [ 139.761856551742852, 35.704465326716367 ], [ 139.762957438317017, 35.707413346857784 ] ], [ [ 139.763123857801304, 35.707428457545227 ], [ 139.762555461126937, 35.705895582238689 ] ], [ [ 139.762362850762315, 35.705365979834305 ], [ 139.761980193286462, 35.704343720217842 ] ] ] } },
{ "type": "Feature", "properties": { "識別id": 364, "利用時間": "09:00-19:00", "制限時間": 60, "手数料": 300, "制限事項1": "日曜・休日を除く", "制限事項2": "１月１日〜３日を除く", "種別": "パーキング・メーター", "普通車": true, "貨物用有り": true, "二輪車": false, "標章車専用有り": false }, "geometry": { "type": "MultiLineString", "coordinates": [ [ [ 139.756777044543952, 35.704770964426622 ], [ 139.758343447645245, 35.705152932292414 ], [ 139.760709492852385, 35.705666804722171 ] ] ] } },
{ "type": "Feature", "properties": { "識別id": 365, "利用時間": "09:00-19:00", "制限時間": 60, "手数料": 300, "制限事項1": "日曜・休日を除く", "制限事項2": "１月１日〜３日を除く", "種別": "パーキング・メーター", "普通車": true, "貨物用有り": true, "二輪車": false, "標章車専用有り": false }, "geometry": { "type": "MultiLineString", "coordinates": [ [ [ 139.754856546972519, 35.705452101423909 ], [ 139.757032166231483, 35.704677844204838 ], [ 139.758113804424312, 35.704302499653544 ], [ 139.758234390801448, 35.704272393514692 ], [ 139.758342479939273, 35.704270149510194 ], [ 139.75842819558045, 35.704275186073545 ], [ 139.758762534773496, 35.704334282496077 ], [ 139.76062519477469, 35.704742905858858 ], [ 139.761009578848046, 35.704836239048866 ], [ 139.761063039810097, 35.704882783276901 ] ], [ [ 139.761206885151154, 35.704692344298032 ], [ 139.761121508365591, 35.704710764662039 ], [ 139.760396538227326, 35.70455040521508 ], [ 139.758784278532801, 35.704201643690297 ], [ 139.75847056288427, 35.704160147878056 ], [ 139.758251093367619, 35.704151603326039 ], [ 139.758052658504454, 35.70417987091308 ], [ 139.757849552490114, 35.704245417821632 ], [ 139.757037523232128, 35.704530683223915 ], [ 139.754726355685307, 35.705332956301213 ] ] ] } },
{ "type": "Feature", "properties": { "識別id": 367, "利用時間": "09:00-19:00", "制限時間": 60, "手数料": 300, "制限事項1": "日曜・休日を除く", "制限事項2": "１月１日〜３日を除く", "種別": "パーキング・メーター", "普通車": true, "貨物用有り": false, "二輪車": false, "標章車専用有り": false }, "geometry": { "type": "MultiLineString", "coordinates": [ [ [ 139.771095376454042, 35.675546991425847 ], [ 139.770432906871406, 35.674493699923183 ], [ 139.770173762774164, 35.67413794371776 ] ] ] } },
{ "type": "Feature", "properties": { "識別id": 368, "利用時間": "09:00-19:00", "制限時間": 60, "手数料": 300, "制限事項1": "日曜・休日を除く", "制限事項2": "１月１日〜３日を除く", "種別": "パーキング・メーター", "普通車": true, "貨物用有り": true, "二輪車": false, "標章車専用有り": false }, "geometry": { "type": "MultiLineString", "coordinates": [ [ [ 139.768558883546973, 35.676868204350065 ], [ 139.770295002037585, 35.679672158410092 ] ] ] } },
{ "type": "Feature", "properties": { "識別id": 369, "利用時間": "09:00-19:00", "制限時間": 60, "手数料": 300, "制限事項1": "日曜・休日を除く", "制限事項2": "１月１日〜３日を除く", "種別": "パーキング・メーター", "普通車": true, "貨物用有り": true, "二輪車": false, "標章車専用有り": false }, "geometry": { "type": "MultiLineString", "coordinates": [ [ [ 139.781913387220811, 35.707153150032553 ], [ 139.782070459185633, 35.708473420251906 ], [ 139.782162190509098, 35.70886732423039 ], [ 139.78286784907624, 35.711061175597557 ], [ 139.782994484663107, 35.71144110820763 ], [ 139.78297389066077, 35.712756577204672 ], [ 139.782893114711669, 35.715591070870197 ] ], [ [ 139.783051059271713, 35.715558489501994 ], [ 139.78310536520766, 35.712928296751855 ], [ 139.783092353356665, 35.712679679005909 ], [ 139.783139198443905, 35.711397651465532 ], [ 139.78269944561373, 35.710045886575266 ], [ 139.782245969967448, 35.708614877469948 ], [ 139.782062533076243, 35.707138360394822 ] ] ] } },
{ "type": "Feature", "properties": { "識別id": 371, "利用時間": "09:00-19:00", "制限時間": 60, "手数料": 300, "制限事項1": "日曜・休日を除く", "制限事項2": "１月１日〜３日を除く", "種別": "パーキング・メーター", "普通車": true, "貨物用有り": true, "二輪車": false, "標章車専用有り": false }, "geometry": { "type": "MultiLineString", "coordinates": [ [ [ 139.78287182316538, 35.712868945423374 ], [ 139.781673677164463, 35.712975811143373 ], [ 139.780909998331367, 35.713034538950993 ] ] ] } },
{ "type": "Feature", "properties": { "識別id": 372, "利用時間": "09:00-19:00", "制限時間": 60, "手数料": 300, "制限事項1": "日曜・休日を除く", "制限事項2": "１月１日〜３日を除く", "種別": "パーキング・メーター", "普通車": true, "貨物用有り": false, "二輪車": false, "標章車専用有り": false }, "geometry": { "type": "MultiLineString", "coordinates": [ [ [ 139.777912391321877, 35.70573424115004 ], [ 139.778062056690942, 35.707355822914096 ] ] ] } },
{ "type": "Feature", "properties": { "識別id": 373, "利用時間": "07:00-20:00", "制限時間": 60, "手数料": 300, "制限事項1": null, "制限事項2": "１月１日〜３日を除く", "種別": "パーキング・メーター", "普通車": true, "貨物用有り": true, "二輪車": false, "標章車専用有り": false }, "geometry": { "type": "MultiLineString", "coordinates": [ [ [ 139.772105051611362, 35.690983360746557 ], [ 139.774586460878254, 35.69170598340169 ] ], [ [ 139.774612552533199, 35.691598702612509 ], [ 139.772138577294186, 35.690876084262882 ] ] ] } },
{ "type": "Feature", "properties": { "識別id": 375, "利用時間": "09:00-19:00", "制限時間": 60, "手数料": 300, "制限事項1": "日曜・休日を除く", "制限事項2": "１月１日〜３日を除く", "種別": "パーキング・メーター", "普通車": true, "貨物用有り": false, "二輪車": false, "標章車専用有り": false }, "geometry": { "type": "MultiLineString", "coordinates": [ [ [ 139.733555185667655, 35.657028336148308 ], [ 139.733147889404421, 35.657274438074161 ], [ 139.732761109109504, 35.65761615201437 ], [ 139.732551393505616, 35.657952260004677 ], [ 139.732314001838205, 35.658654439220975 ] ] ] } },
{ "type": "Feature", "properties": { "識別id": 376, "利用時間": "09:00-19:00", "制限時間": 60, "手数料": 300, "制限事項1": "日曜・休日を除く", "制限事項2": "１月１日〜３日を除く", "種別": "パーキング・メーター", "普通車": true, "貨物用有り": true, "二輪車": false, "標章車専用有り": false }, "geometry": { "type": "MultiLineString", "coordinates": [ [ [ 139.70256331055748, 35.646728204590993 ], [ 139.704660835788047, 35.646531768869444 ], [ 139.705903916812076, 35.646334288044983 ], [ 139.707367202990866, 35.646289890918169 ], [ 139.707632773246473, 35.646341796280218 ], [ 139.708222043796184, 35.646670176814396 ], [ 139.708609503204286, 35.647048624489599 ] ], [ [ 139.708792855581549, 35.646999637266106 ], [ 139.708176578081805, 35.646464759528889 ], [ 139.707630924298286, 35.64618053182307 ], [ 139.707322277693663, 35.646149972754593 ], [ 139.70573239684586, 35.64621957026197 ], [ 139.704659268083873, 35.646361076076388 ], [ 139.702648444339872, 35.646527099032539 ] ] ] } },
{ "type": "Feature", "properties": { "識別id": 378, "利用時間": "09:00-19:00", "制限時間": 60, "手数料": 300, "制限事項1": "日曜・休日を除く", "制限事項2": "１月１日〜３日を除く", "種別": "パーキング・メーター", "普通車": true, "貨物用有り": true, "二輪車": false, "標章車専用有り": false }, "geometry": { "type": "MultiLineString", "coordinates": [ [ [ 139.712028477477475, 35.646350401554379 ], [ 139.711253176769276, 35.647078378835253 ], [ 139.710811206091421, 35.64747783922413 ] ] ] } },
{ "type": "Feature", "properties": { "識別id": 379, "利用時間": "09:00-19:00", "制限時間": 60, "手数料": 300, "制限事項1": "日曜・休日を除く", "制限事項2": "１月１日〜３日を除く", "種別": "パーキング・メーター", "普通車": true, "貨物用有り": true, "二輪車": false, "標章車専用有り": false }, "geometry": { "type": "MultiLineString", "coordinates": [ [ [ 139.710234350748806, 35.648143984441894 ], [ 139.711398957562267, 35.647071681660329 ] ] ] } },
{ "type": "Feature", "properties": { "識別id": 380, "利用時間": "08:00-20:00", "制限時間": 60, "手数料": 300, "制限事項1": "日曜・休日を除く", "制限事項2": "１月１日〜３日を除く", "種別": "パーキング・メーター", "普通車": true, "貨物用有り": true, "二輪車": false, "標章車専用有り": false }, "geometry": { "type": "MultiLineString", "coordinates": [ [ [ 139.754993299365907, 35.69948791154691 ], [ 139.755575203761197, 35.69838136160714 ], [ 139.756073497015393, 35.697409131464283 ], [ 139.756560093279717, 35.696482236337644 ], [ 139.756791717588129, 35.696035892806513 ] ] ] } },
{ "type": "Feature", "properties": { "識別id": 381, "利用時間": "08:00-20:00", "制限時間": 60, "手数料": 300, "制限事項1": "日曜・休日を除く", "制限事項2": "１月１日〜３日を除く", "種別": "パーキング・メーター", "普通車": true, "貨物用有り": false, "二輪車": false, "標章車専用有り": false }, "geometry": { "type": "MultiLineString", "coordinates": [ [ [ 139.755627044120729, 35.695206817544715 ], [ 139.754347430269348, 35.695151720676343 ], [ 139.753259514382734, 35.695123694773216 ] ] ] } },
{ "type": "Feature", "properties": { "識別id": 382, "利用時間": "08:00-20:00", "制限時間": 60, "手数料": 300, "制限事項1": null, "制限事項2": "１月１日〜３日を除く", "種別": "パーキング・メーター", "普通車": true, "貨物用有り": true, "二輪車": false, "標章車専用有り": false }, "geometry": { "type": "MultiLineString", "coordinates": [ [ [ 139.753543663604205, 35.699112709976788 ], [ 139.752537265188664, 35.698850272996353 ] ] ] } },
{ "type": "Feature", "properties": { "識別id": 383, "利用時間": "09:00-19:00", "制限時間": 60, "手数料": 300, "制限事項1": "日曜・休日を除く", "制限事項2": "１月１日〜３日を除く", "種別": "パーキング・メーター", "普通車": true, "貨物用有り": true, "二輪車": false, "標章車専用有り": false }, "geometry": { "type": "MultiLineString", "coordinates": [ [ [ 139.777413587703933, 35.677088153618058 ], [ 139.778462656162588, 35.678715223234882 ], [ 139.778720703218653, 35.679130462563663 ] ] ] } },
{ "type": "Feature", "properties": { "識別id": 384, "利用時間": "09:00-19:00", "制限時間": 60, "手数料": 300, "制限事項1": "日曜・休日を除く", "制限事項2": "１月１日〜３日を除く", "種別": "パーキング・メーター", "普通車": true, "貨物用有り": true, "二輪車": false, "標章車専用有り": false }, "geometry": { "type": "MultiLineString", "coordinates": [ [ [ 139.778919876653021, 35.679451665979364 ], [ 139.779343944736752, 35.680133707134409 ] ] ] } },
{ "type": "Feature", "properties": { "識別id": 385, "利用時間": "09:00-21:00", "制限時間": 60, "手数料": 300, "制限事項1": null, "制限事項2": "１月１日〜３日を除く", "種別": "パーキング・メーター", "普通車": true, "貨物用有り": true, "二輪車": false, "標章車専用有り": false }, "geometry": { "type": "MultiLineString", "coordinates": [ [ [ 139.759753534944622, 35.668139176304138 ], [ 139.760318218182874, 35.668670121216266 ], [ 139.763818123838377, 35.671992167494118 ] ] ] } },
{ "type": "Feature", "properties": { "識別id": 386, "利用時間": "09:00-19:00", "制限時間": 60, "手数料": 300, "制限事項1": "日曜・休日を除く", "制限事項2": "１月１日〜３日を除く", "種別": "パーキング・メーター", "普通車": true, "貨物用有り": true, "二輪車": false, "標章車専用有り": false }, "geometry": { "type": "MultiLineString", "coordinates": [ [ [ 139.77653789996873, 35.675698294187796 ], [ 139.777255908874082, 35.676842296981533 ] ] ] } },
{ "type": "Feature", "properties": { "識別id": 387, "利用時間": "09:00-19:00", "制限時間": 60, "手数料": 300, "制限事項1": "日曜・休日を除く", "制限事項2": "１月１日〜３日を除く", "種別": "パーキング・メーター", "普通車": true, "貨物用有り": false, "二輪車": false, "標章車専用有り": false }, "geometry": { "type": "MultiLineString", "coordinates": [ [ [ 139.777682535689934, 35.688943166696724 ], [ 139.779114844235437, 35.68989078355159 ] ] ] } },
{ "type": "Feature", "properties": { "識別id": 388, "利用時間": "09:00-19:00", "制限時間": 60, "手数料": 300, "制限事項1": "日曜・休日を除く", "制限事項2": "１月１日〜３日を除く", "種別": "パーキング・メーター", "普通車": true, "貨物用有り": true, "二輪車": false, "標章車専用有り": false }, "geometry": { "type": "MultiLineString", "coordinates": [ [ [ 139.74979097284978, 35.670858967989602 ], [ 139.751652066776614, 35.670219754275031 ] ] ] } },
{ "type": "Feature", "properties": { "識別id": 389, "利用時間": "09:00-19:00", "制限時間": 60, "手数料": 300, "制限事項1": "日曜・休日を除く", "制限事項2": "１月１日〜３日を除く", "種別": "パーキング・メーター", "普通車": true, "貨物用有り": true, "二輪車": false, "標章車専用有り": false }, "geometry": { "type": "MultiLineString", "coordinates": [ [ [ 139.751342539977543, 35.670772591955341 ], [ 139.750023895761785, 35.671212940804828 ] ], [ [ 139.749983997759131, 35.671274459824012 ], [ 139.751364078719234, 35.670814596291933 ] ] ] } },
{ "type": "Feature", "properties": { "識別id": 391, "利用時間": "09:00-19:00", "制限時間": 60, "手数料": 300, "制限事項1": "日曜・休日を除く", "制限事項2": "１月１日〜３日を除く", "種別": "パーキング・メーター", "普通車": true, "貨物用有り": false, "二輪車": false, "標章車専用有り": false }, "geometry": { "type": "MultiLineString", "coordinates": [ [ [ 139.751451559384549, 35.665072940129399 ], [ 139.751090244186315, 35.664299846528678 ] ] ] } },
{ "type": "Feature", "properties": { "識別id": 392, "利用時間": "07:00-20:00", "制限時間": 60, "手数料": 300, "制限事項1": null, "制限事項2": "１月１日〜３日を除く", "種別": "パーキング・メーター", "普通車": true, "貨物用有り": false, "二輪車": false, "標章車専用有り": false }, "geometry": { "type": "MultiLineString", "coordinates": [ [ [ 139.750367313206226, 35.698241984338978 ], [ 139.750641009999043, 35.698238209574868 ], [ 139.751007562144736, 35.698176290070762 ], [ 139.7522268016385, 35.697991982191972 ] ], [ [ 139.752227512197123, 35.697848397489437 ], [ 139.750573597422346, 35.698104994452073 ], [ 139.750417400194607, 35.698106556006479 ] ] ] } },
{ "type": "Feature", "properties": { "識別id": 394, "利用時間": "09:00-19:00", "制限時間": 60, "手数料": 300, "制限事項1": null, "制限事項2": "１月１日〜３日を除く", "種別": "パーキング・メーター", "普通車": true, "貨物用有り": true, "二輪車": false, "標章車専用有り": false }, "geometry": { "type": "MultiLineString", "coordinates": [ [ [ 139.700799250784826, 35.698139326277321 ], [ 139.701970877180116, 35.698194306252248 ], [ 139.70422759770554, 35.698389981782334 ], [ 139.704430413550966, 35.698390199139681 ], [ 139.705186493055777, 35.69832129800762 ], [ 139.706838460143757, 35.698108343781065 ] ], [ [ 139.706763214456828, 35.697943544994423 ], [ 139.704768206593087, 35.698199176717473 ], [ 139.704358717974145, 35.698220286850606 ], [ 139.70324576748456, 35.698127755093552 ], [ 139.702008970286755, 35.698029805607447 ], [ 139.700844454565697, 35.697985593005718 ] ] ] } },
{ "type": "Feature", "properties": { "識別id": 398, "利用時間": "09:00-19:00", "制限時間": 60, "手数料": 300, "制限事項1": "日曜・休日を除く", "制限事項2": "１月１日〜３日を除く", "種別": "パーキング・メーター", "普通車": true, "貨物用有り": true, "二輪車": false, "標章車専用有り": false }, "geometry": { "type": "MultiLineString", "coordinates": [ [ [ 139.71699686275295, 35.633887688825212 ], [ 139.717483985980266, 35.634006427573688 ], [ 139.718806342109616, 35.634485942943741 ], [ 139.71928664481598, 35.634722900900485 ] ], [ [ 139.719315590653906, 35.634550767891739 ], [ 139.718435319937925, 35.63417967015728 ], [ 139.717265778576262, 35.633776053140004 ] ] ] } },
{ "type": "Feature", "properties": { "識別id": 400, "利用時間": "09:00-19:00", "制限時間": 60, "手数料": 300, "制限事項1": "日曜・休日を除く", "制限事項2": "１月１日〜３日を除く", "種別": "パーキング・チケット", "普通車": true, "貨物用有り": true, "二輪車": false, "標章車専用有り": false }, "geometry": { "type": "MultiLineString", "coordinates": [ [ [ 139.723433715554791, 35.626814516457856 ], [ 139.722706337260433, 35.627487716706327 ], [ 139.722706216223685, 35.627575577748658 ] ] ] } },
{ "type": "Feature", "properties": { "識別id": 401, "利用時間": "09:00-19:00", "制限時間": 60, "手数料": 300, "制限事項1": "日曜・休日を除く", "制限事項2": "１月１日〜３日を除く", "種別": "パーキング・メーター", "普通車": true, "貨物用有り": true, "二輪車": false, "標章車専用有り": false }, "geometry": { "type": "MultiLineString", "coordinates": [ [ [ 139.720434656880172, 35.628811077317138 ], [ 139.721526306095058, 35.628313096717925 ], [ 139.722473414326942, 35.627750606429984 ] ], [ [ 139.722420417056526, 35.627733073173268 ], [ 139.721755611279633, 35.628102977748455 ], [ 139.72090594109261, 35.628537454936634 ], [ 139.720392089961933, 35.628725125265582 ] ] ] } },
{ "type": "Feature", "properties": { "識別id": 403, "利用時間": "09:00-19:00", "制限時間": 60, "手数料": 300, "制限事項1": "日曜・休日を除く", "制限事項2": "１月１日〜３日を除く", "種別": "パーキング・メーター", "普通車": true, "貨物用有り": false, "二輪車": false, "標章車専用有り": false }, "geometry": { "type": "MultiLineString", "coordinates": [ [ [ 139.719623398239662, 35.627166762515344 ], [ 139.720707715025469, 35.626921053100993 ], [ 139.722535100038073, 35.626198368362601 ] ] ] } },
{ "type": "Feature", "properties": { "識別id": 406, "利用時間": "09:00-19:00", "制限時間": 60, "手数料": 300, "制限事項1": null, "制限事項2": "１月１日〜３日を除く", "種別": "パーキング・メーター", "普通車": true, "貨物用有り": true, "二輪車": false, "標章車専用有り": false }, "geometry": { "type": "MultiLineString", "coordinates": [ [ [ 139.792172788651641, 35.711476577865348 ], [ 139.794489895706022, 35.711182089120982 ], [ 139.796899141825662, 35.710876847002034 ] ] ] } },
{ "type": "Feature", "properties": { "識別id": 407, "利用時間": "09:00-19:00", "制限時間": 60, "手数料": 300, "制限事項1": "日曜・休日を除く", "制限事項2": "１月１日〜３日を除く", "種別": "パーキング・メーター", "普通車": true, "貨物用有り": false, "二輪車": false, "標章車専用有り": false }, "geometry": { "type": "MultiLineString", "coordinates": [ [ [ 139.754778837744738, 35.658800305088086 ], [ 139.753902356261619, 35.658895520616511 ], [ 139.752522816181482, 35.659128176297493 ] ] ] } },
{ "type": "Feature", "properties": { "識別id": 410, "利用時間": "09:00-19:00", "制限時間": 60, "手数料": 300, "制限事項1": "日曜・休日を除く", "制限事項2": "１月１日〜３日を除く", "種別": "パーキング・メーター", "普通車": true, "貨物用有り": false, "二輪車": false, "標章車専用有り": false }, "geometry": { "type": "MultiLineString", "coordinates": [ [ [ 139.716057449397169, 35.634956450759013 ], [ 139.715169912838292, 35.634805268185644 ] ] ] } },
{ "type": "Feature", "properties": { "識別id": 411, "利用時間": "09:00-19:00", "制限時間": 60, "手数料": 300, "制限事項1": "日曜・休日を除く", "制限事項2": "１月１日〜３日を除く", "種別": "パーキング・メーター", "普通車": true, "貨物用有り": false, "二輪車": false, "標章車専用有り": false }, "geometry": { "type": "MultiLineString", "coordinates": [ [ [ 139.752974892241582, 35.660994930842676 ], [ 139.754157768920464, 35.663552927471272 ], [ 139.754418430959618, 35.664098506344907 ] ], [ [ 139.754497925086127, 35.664071919495051 ], [ 139.75424411932849, 35.663542055800647 ], [ 139.753359387303902, 35.661635086779292 ], [ 139.753054889887267, 35.660977542513074 ] ] ] } },
{ "type": "Feature", "properties": { "識別id": 413, "利用時間": "07:00-20:00", "制限時間": 60, "手数料": 300, "制限事項1": null, "制限事項2": "１月１日〜３日を除く", "種別": "パーキング・メーター", "普通車": true, "貨物用有り": true, "二輪車": false, "標章車専用有り": false }, "geometry": { "type": "MultiLineString", "coordinates": [ [ [ 139.704735622784852, 35.656853576634695 ], [ 139.705588298991046, 35.656194660452762 ], [ 139.706027332186864, 35.655853769438046 ], [ 139.706540841113878, 35.655391754707843 ] ] ] } },
{ "type": "Feature", "properties": { "識別id": 414, "利用時間": "07:00-20:00", "制限時間": 60, "手数料": 300, "制限事項1": null, "制限事項2": "１月１日〜３日を除く", "種別": "パーキング・メーター", "普通車": true, "貨物用有り": true, "二輪車": false, "標章車専用有り": false }, "geometry": { "type": "MultiLineString", "coordinates": [ [ [ 139.705462365447971, 35.65610434492303 ], [ 139.705191136622574, 35.656312293626122 ], [ 139.704729251610075, 35.656606604908227 ], [ 139.704461719254681, 35.656785646753157 ], [ 139.704263543408587, 35.656960499867736 ], [ 139.704097136369029, 35.657091930210548 ], [ 139.703866572466978, 35.657284478613143 ] ] ] } },
{ "type": "Feature", "properties": { "識別id": 415, "利用時間": "09:00-19:00", "制限時間": 60, "手数料": 300, "制限事項1": "日曜・休日を除く", "制限事項2": "１月１日〜３日を除く", "種別": "パーキング・メーター", "普通車": true, "貨物用有り": false, "二輪車": false, "標章車専用有り": false }, "geometry": { "type": "MultiLineString", "coordinates": [ [ [ 139.782030921429509, 35.706960307699426 ], [ 139.781923668132094, 35.706351810339463 ], [ 139.78181895304499, 35.705725476093384 ], [ 139.78166429267074, 35.704965110761506 ], [ 139.7814196889897, 35.70390586432498 ], [ 139.781071844989043, 35.702368874347229 ] ], [ [ 139.780927472019954, 35.70231274188729 ], [ 139.781075314371236, 35.703083645532402 ], [ 139.781594686993941, 35.705312688755434 ], [ 139.781815315613585, 35.706548665505622 ], [ 139.781860394588335, 35.70694895012975 ] ] ] } },
{ "type": "Feature", "properties": { "識別id": 417, "利用時間": "08:00-20:00", "制限時間": 60, "手数料": 300, "制限事項1": null, "制限事項2": "１月１日〜３日を除く", "種別": "パーキング・メーター", "普通車": true, "貨物用有り": false, "二輪車": false, "標章車専用有り": false }, "geometry": { "type": "MultiLineString", "coordinates": [ [ [ 139.766995204802384, 35.68964329509506 ], [ 139.768329704183884, 35.689460820596871 ], [ 139.768496356477442, 35.689422680144425 ] ] ] } },
{ "type": "Feature", "properties": { "識別id": 418, "利用時間": "09:00-21:00", "制限時間": 60, "手数料": 300, "制限事項1": null, "制限事項2": "１月１日〜３日を除く", "種別": "パーキング・メーター", "普通車": true, "貨物用有り": true, "二輪車": false, "標章車専用有り": false }, "geometry": { "type": "MultiLineString", "coordinates": [ [ [ 139.770076029656423, 35.674015433872228 ], [ 139.76975134950419, 35.673613921649576 ], [ 139.768388200455917, 35.671879912117575 ], [ 139.767569803933355, 35.670899913648434 ], [ 139.766918477311691, 35.670261575126162 ], [ 139.766719313377592, 35.670070724422949 ] ] ] } },
{ "type": "Feature", "properties": { "識別id": 419, "利用時間": "09:00-19:00", "制限時間": 60, "手数料": 300, "制限事項1": "日曜・休日を除く", "制限事項2": "１月１日〜３日を除く", "種別": "パーキング・メーター", "普通車": true, "貨物用有り": false, "二輪車": false, "標章車専用有り": false }, "geometry": { "type": "MultiLineString", "coordinates": [ [ [ 139.783407871907428, 35.680569580287667 ], [ 139.782568471580277, 35.681558191967071 ], [ 139.782015618135915, 35.682206716340666 ], [ 139.781900714632144, 35.682324668019646 ], [ 139.781842218509183, 35.682364891232979 ] ] ] } },
{ "type": "Feature", "properties": { "識別id": 420, "利用時間": "08:00-20:00", "制限時間": 60, "手数料": 300, "制限事項1": null, "制限事項2": "１月１日〜３日を除く", "種別": "パーキング・メーター", "普通車": true, "貨物用有り": false, "二輪車": false, "標章車専用有り": false }, "geometry": { "type": "MultiLineString", "coordinates": [ [ [ 139.756881836249391, 35.698593932010908 ], [ 139.758014732421429, 35.699060129202202 ], [ 139.7580750032906, 35.69909538255618 ] ] ] } },
{ "type": "Feature", "properties": { "識別id": 421, "利用時間": "09:00-21:00", "制限時間": 60, "手数料": 300, "制限事項1": null, "制限事項2": "１月１日〜３日を除く", "種別": "パーキング・メーター", "普通車": true, "貨物用有り": true, "二輪車": false, "標章車専用有り": false }, "geometry": { "type": "MultiLineString", "coordinates": [ [ [ 139.76588477150213, 35.675185348933191 ], [ 139.76667886430468, 35.674634992136056 ], [ 139.768484119396078, 35.673361057065421 ], [ 139.76915247673702, 35.672920378352011 ], [ 139.769592235554029, 35.67263484382346 ] ] ] } },
{ "type": "Feature", "properties": { "識別id": 422, "利用時間": "09:00-20:00", "制限時間": 60, "手数料": 300, "制限事項1": null, "制限事項2": "１月１日〜３日を除く", "種別": "パーキング・メーター", "普通車": true, "貨物用有り": true, "二輪車": false, "標章車専用有り": false }, "geometry": { "type": "MultiLineString", "coordinates": [ [ [ 139.703794312007034, 35.669314012063595 ], [ 139.705255657714588, 35.668648388417054 ] ], [ [ 139.705162232495638, 35.668514618901312 ], [ 139.703724057637089, 35.669186394807184 ] ] ] } },
{ "type": "Feature", "properties": { "識別id": 424, "利用時間": "09:00-20:00", "制限時間": 60, "手数料": 300, "制限事項1": null, "制限事項2": "１月１日〜３日を除く", "種別": "パーキング・メーター", "普通車": true, "貨物用有り": true, "二輪車": false, "標章車専用有り": false }, "geometry": { "type": "MultiLineString", "coordinates": [ [ [ 139.635554179295667, 35.699775039179478 ], [ 139.636427229578317, 35.70338411141352 ], [ 139.636570356761041, 35.704073222638421 ] ] ] } },
{ "type": "Feature", "properties": { "識別id": 425, "利用時間": "09:00-19:00", "制限時間": 60, "手数料": 300, "制限事項1": null, "制限事項2": "１月１日〜３日を除く", "種別": "パーキング・メーター", "普通車": true, "貨物用有り": true, "二輪車": false, "標章車専用有り": false }, "geometry": { "type": "MultiLineString", "coordinates": [ [ [ 139.762320965291337, 35.675024208467562 ], [ 139.761307617015518, 35.675258554954759 ] ] ] } },
{ "type": "Feature", "properties": { "識別id": 426, "利用時間": "09:00-19:00", "制限時間": 60, "手数料": 300, "制限事項1": "日曜・休日を除く", "制限事項2": "１月１日〜３日を除く", "種別": "パーキング・メーター", "普通車": true, "貨物用有り": true, "二輪車": false, "標章車専用有り": false }, "geometry": { "type": "MultiLineString", "coordinates": [ [ [ 139.75288213464961, 35.656874617285048 ], [ 139.752726802853971, 35.654848272068243 ], [ 139.752655685244491, 35.653811093592786 ] ] ] } },
{ "type": "Feature", "properties": { "識別id": 427, "利用時間": "09:00-19:00", "制限時間": 60, "手数料": 300, "制限事項1": "日曜・休日を除く", "制限事項2": "１月１日〜３日を除く", "種別": "パーキング・メーター", "普通車": true, "貨物用有り": false, "二輪車": false, "標章車専用有り": false }, "geometry": { "type": "MultiLineString", "coordinates": [ [ [ 139.781551509244139, 35.682419977796165 ], [ 139.780642516706763, 35.682333592690441 ], [ 139.780345487025926, 35.682258055253797 ] ] ] } },
{ "type": "Feature", "properties": { "識別id": 428, "利用時間": "09:00-19:00", "制限時間": 60, "手数料": 300, "制限事項1": "日曜・休日を除く", "制限事項2": "１月１日〜３日を除く", "種別": "パーキング・メーター", "普通車": true, "貨物用有り": true, "二輪車": false, "標章車専用有り": false }, "geometry": { "type": "MultiLineString", "coordinates": [ [ [ 139.771306796586003, 35.667270731408188 ], [ 139.770462408046455, 35.667936503491049 ] ] ] } },
{ "type": "Feature", "properties": { "識別id": 429, "利用時間": "09:00-19:00", "制限時間": 60, "手数料": 300, "制限事項1": "日曜・休日を除く", "制限事項2": "１月１日〜３日を除く", "種別": "パーキング・メーター", "普通車": true, "貨物用有り": false, "二輪車": false, "標章車専用有り": false }, "geometry": { "type": "MultiLineString", "coordinates": [ [ [ 139.771336585030781, 35.668648134107741 ], [ 139.772247421691418, 35.66792334391522 ] ] ] } },
{ "type": "Feature", "properties": { "識別id": 430, "利用時間": "09:00-19:00", "制限時間": 60, "手数料": 300, "制限事項1": "日曜・休日を除く", "制限事項2": "１月１日〜３日を除く", "種別": "パーキング・メーター", "普通車": true, "貨物用有り": false, "二輪車": false, "標章車専用有り": false }, "geometry": { "type": "MultiLineString", "coordinates": [ [ [ 139.772527111590961, 35.670686073740164 ], [ 139.772128642727751, 35.670208533409117 ] ] ] } },
{ "type": "Feature", "properties": { "識別id": 431, "利用時間": "07:00-20:00", "制限時間": 60, "手数料": 300, "制限事項1": null, "制限事項2": "１月１日〜３日を除く", "種別": "パーキング・メーター", "普通車": true, "貨物用有り": false, "二輪車": false, "標章車専用有り": false }, "geometry": { "type": "MultiLineString", "coordinates": [ [ [ 139.776625935604642, 35.695618201040695 ], [ 139.776390145604665, 35.696462388680558 ] ] ] } },
{ "type": "Feature", "properties": { "識別id": 434, "利用時間": "09:00-20:00", "制限時間": 60, "手数料": 300, "制限事項1": null, "制限事項2": "１月１日〜３日を除く", "種別": "パーキング・メーター", "普通車": true, "貨物用有り": false, "二輪車": false, "標章車専用有り": false }, "geometry": { "type": "MultiLineString", "coordinates": [ [ [ 139.709246762259482, 35.672164107842342 ], [ 139.710567565900305, 35.672621468067149 ], [ 139.710906830226492, 35.672685716118018 ], [ 139.711332107653391, 35.67264878179342 ], [ 139.713733535753221, 35.67223255563254 ] ] ] } },
{ "type": "Feature", "properties": { "識別id": 435, "利用時間": "09:00-19:00", "制限時間": 60, "手数料": 300, "制限事項1": "日曜・休日を除く", "制限事項2": "１月１日〜３日を除く", "種別": "パーキング・メーター", "普通車": true, "貨物用有り": true, "二輪車": false, "標章車専用有り": false }, "geometry": { "type": "MultiLineString", "coordinates": [ [ [ 139.744718340927449, 35.71721072758637 ], [ 139.744388602687906, 35.717387472750978 ], [ 139.744252351444288, 35.717482283570249 ], [ 139.744173757704772, 35.717551634936711 ], [ 139.743603117619813, 35.718025795048447 ], [ 139.743436672292916, 35.718166594818108 ], [ 139.743121070007305, 35.718426962198237 ], [ 139.742739012947936, 35.718645527253621 ], [ 139.742578472594005, 35.718732031880471 ], [ 139.742180829855698, 35.718955287600018 ], [ 139.741922667812247, 35.719118120336617 ], [ 139.741501588926695, 35.719474651273032 ], [ 139.741414471968739, 35.719553973674685 ], [ 139.741013906108464, 35.71989269505297 ], [ 139.740912514146771, 35.719987305920462 ], [ 139.740860899064614, 35.720042294743756 ], [ 139.740792335397401, 35.720125992717314 ], [ 139.740677997090955, 35.720258206814933 ], [ 139.740602075099758, 35.720335673639767 ], [ 139.740506975687907, 35.720449515438077 ], [ 139.740199267602293, 35.720801186512965 ], [ 139.74008078594531, 35.720935189766152 ], [ 139.739961814346572, 35.721072180554792 ], [ 139.739850482860078, 35.721195244088186 ], [ 139.739589582006886, 35.721493852696049 ], [ 139.739531309097799, 35.721560923288635 ], [ 139.739438146668022, 35.721659761237817 ], [ 139.739343514260355, 35.721760794862838 ], [ 139.739224978027011, 35.721852742574178 ], [ 139.739083685437976, 35.721963595175012 ], [ 139.738614952876077, 35.722326671994679 ], [ 139.738461046180362, 35.722442922432172 ], [ 139.738004675456779, 35.722796885666902 ], [ 139.737848695805326, 35.722914621894567 ], [ 139.73751452525849, 35.723176753637532 ], [ 139.737263507593667, 35.723409256132726 ], [ 139.737124834205957, 35.723567122460786 ], [ 139.736722850851635, 35.723981889340919 ], [ 139.736596562544264, 35.724121318595579 ], [ 139.736431844965381, 35.724291022760866 ], [ 139.73629222755676, 35.724449283962493 ], [ 139.736092078089598, 35.724669653348442 ], [ 139.736059272632758, 35.724720600170727 ], [ 139.736019674662003, 35.724755257825059 ], [ 139.735958796974302, 35.724826877304061 ], [ 139.735760097585882, 35.725056186001453 ], [ 139.735509811440238, 35.725379028152453 ], [ 139.735134664291792, 35.72586452423959 ], [ 139.735034328346131, 35.725983924053416 ], [ 139.734866454846525, 35.726144221344128 ], [ 139.734647606153288, 35.726330855639794 ], [ 139.734228312362347, 35.726692782551169 ], [ 139.73383993880887, 35.727034056091824 ], [ 139.733337706571632, 35.727464323572462 ], [ 139.73324638368814, 35.727542291978423 ], [ 139.733021761885595, 35.727738479820289 ], [ 139.73279528394022, 35.727935936452369 ], [ 139.732413298800253, 35.728266271361527 ], [ 139.732103008886156, 35.728528265502995 ], [ 139.731959279135594, 35.72865496610671 ], [ 139.731729694333694, 35.72885495061184 ], [ 139.731514000600271, 35.729032899367574 ], [ 139.73093869412557, 35.729527583965123 ], [ 139.73066013721575, 35.729774955423366 ], [ 139.730618969621332, 35.729811168449572 ] ], [ [ 139.730090671274922, 35.730835427318688 ], [ 139.730072160880127, 35.730701571762864 ], [ 139.730070946812077, 35.730598301166211 ], [ 139.730094065772846, 35.730496883146088 ], [ 139.730156139967136, 35.730365261119672 ], [ 139.73023958812999, 35.730254488322259 ], [ 139.730352175367358, 35.730143980058145 ], [ 139.730919624377066, 35.729655363820278 ], [ 139.731055085592743, 35.729543683449748 ], [ 139.731155110113463, 35.729465073921098 ], [ 139.731270898891864, 35.72936316681426 ], [ 139.731642146668577, 35.729040239170025 ], [ 139.732779324714755, 35.728051638416098 ], [ 139.733289138676298, 35.72760766500555 ], [ 139.734094374345034, 35.726912716127309 ], [ 139.734947064641489, 35.726177411182988 ], [ 139.735126053340849, 35.72600142107791 ], [ 139.735236160677033, 35.72586575730994 ], [ 139.735855610918378, 35.725069843002714 ], [ 139.736163553291618, 35.724725449996981 ], [ 139.736588126113588, 35.724243309533072 ], [ 139.737377508528056, 35.723418206328908 ], [ 139.737578551772316, 35.723216917211282 ], [ 139.73889503366496, 35.722206331738725 ], [ 139.739391383283731, 35.721827473109215 ], [ 139.739495920873878, 35.721718996977906 ], [ 139.74027159670365, 35.72084369276984 ], [ 139.740768877269545, 35.72027553652682 ], [ 139.741011293219458, 35.720005326694043 ], [ 139.741938405331865, 35.719206990333639 ], [ 139.74213958349938, 35.719069457350336 ], [ 139.743179938094102, 35.718480732872479 ], [ 139.74422309379031, 35.717610763141487 ], [ 139.744499985088765, 35.71741684051527 ], [ 139.744755151856594, 35.71728937386802 ], [ 139.745489288199451, 35.716984272109428 ], [ 139.745755333169967, 35.716858207611708 ], [ 139.74595667581292, 35.716699622963013 ], [ 139.746325464333495, 35.71639254018978 ], [ 139.7467093904026, 35.716078921818237 ], [ 139.746825787668826, 35.715987434500548 ], [ 139.747562023164704, 35.715487584257325 ], [ 139.748336295333928, 35.71493919558867 ], [ 139.749829866530632, 35.713863268991517 ], [ 139.750024686417959, 35.713743243559598 ] ], [ [ 139.749806569801791, 35.713785193321243 ], [ 139.748905934575248, 35.714433133396426 ], [ 139.748276289601364, 35.714880593039162 ], [ 139.747638337345194, 35.715340641273386 ], [ 139.746710686856318, 35.715977856438904 ], [ 139.746266818359231, 35.716339202746468 ], [ 139.74572939208403, 35.716774902248119 ] ], [ [ 139.730059536775627, 35.730336724946049 ], [ 139.730029599432299, 35.730393356756721 ], [ 139.729998388286077, 35.730495900328897 ], [ 139.729969426742031, 35.730651612213904 ], [ 139.729974422023844, 35.730802198686291 ], [ 139.729984908549312, 35.730874455147216 ] ] ] } },
{ "type": "Feature", "properties": { "識別id": 439, "利用時間": "09:00-19:00", "制限時間": 60, "手数料": 300, "制限事項1": "日曜・休日を除く", "制限事項2": "１月１日〜３日を除く", "種別": "パーキング・メーター", "普通車": true, "貨物用有り": true, "二輪車": false, "標章車専用有り": false }, "geometry": { "type": "MultiLineString", "coordinates": [ [ [ 139.729841439825719, 35.726329313881898 ], [ 139.729741217847334, 35.72664650384025 ], [ 139.729711302099105, 35.726801419929053 ], [ 139.729562956047999, 35.727301468097913 ], [ 139.729404441888647, 35.727757396216596 ], [ 139.729238997539028, 35.728492256832155 ], [ 139.729199671828553, 35.728675279352679 ], [ 139.729152832683354, 35.729016072319403 ], [ 139.729091655309134, 35.729467476005759 ], [ 139.729072888144458, 35.729783018824953 ], [ 139.729059208044646, 35.730185271295547 ], [ 139.729065113847639, 35.730338973057115 ], [ 139.729104675727427, 35.730581393544512 ] ], [ [ 139.729280252520397, 35.730616266055556 ], [ 139.729246255697632, 35.730426488443342 ], [ 139.72922950969965, 35.730228208517858 ], [ 139.729240263230082, 35.729786931430539 ], [ 139.729281828011409, 35.729347231938938 ], [ 139.729360966385997, 35.728722865905986 ], [ 139.729437506913087, 35.728218799219079 ], [ 139.729488053055434, 35.727785959367687 ], [ 139.729679873546331, 35.727243377175398 ], [ 139.729831858964786, 35.726691122798492 ], [ 139.729870610043889, 35.726489230215151 ], [ 139.730103207479999, 35.725981803560295 ] ] ] } },
{ "type": "Feature", "properties": { "識別id": 441, "利用時間": "09:00-19:00", "制限時間": 60, "手数料": 300, "制限事項1": "日曜・休日を除く", "制限事項2": "１月１日〜３日を除く", "種別": "パーキング・チケット", "普通車": true, "貨物用有り": true, "二輪車": false, "標章車専用有り": false }, "geometry": { "type": "MultiLineString", "coordinates": [ [ [ 139.726915389260711, 35.735171784571826 ], [ 139.72686618823252, 35.735223991504199 ], [ 139.726681057769724, 35.735400420948949 ], [ 139.726495413974448, 35.735546058046623 ], [ 139.726320575107536, 35.73564141442472 ], [ 139.726184223817427, 35.735702264051973 ], [ 139.726093342940146, 35.735745441703649 ], [ 139.725954326223331, 35.73579537564332 ], [ 139.72516500591783, 35.736043560988442 ], [ 139.724444200484555, 35.736278300115607 ], [ 139.724162642696143, 35.736427385057766 ], [ 139.7240596787166, 35.736500782854257 ], [ 139.723783662826492, 35.736741482600806 ], [ 139.723189833935805, 35.737480774901279 ], [ 139.722827197104777, 35.73793599176706 ], [ 139.722472607759386, 35.738436624367147 ] ], [ [ 139.722520602634887, 35.738530093278342 ], [ 139.722710252741479, 35.73823995016533 ], [ 139.723280475453151, 35.737492030536998 ], [ 139.723878665659555, 35.736758193740833 ], [ 139.724129010434098, 35.73654709318189 ], [ 139.724234954472792, 35.736476740654403 ], [ 139.724508264243525, 35.736326931160875 ], [ 139.726180839051125, 35.735797448254893 ], [ 139.726365117646566, 35.735709084313619 ], [ 139.726557352205162, 35.735601602919537 ], [ 139.726808157879191, 35.73540276838412 ], [ 139.726944952389573, 35.735267341379931 ], [ 139.726997513284658, 35.735210759385694 ] ] ] } },
{ "type": "Feature", "properties": { "識別id": 443, "利用時間": "09:00-19:00", "制限時間": 60, "手数料": 300, "制限事項1": "日曜・休日を除く", "制限事項2": "１月１日〜３日を除く", "種別": "パーキング・メーター", "普通車": true, "貨物用有り": true, "二輪車": false, "標章車専用有り": false }, "geometry": { "type": "MultiLineString", "coordinates": [ [ [ 139.730352061407416, 35.73192433869233 ], [ 139.730504233188725, 35.732511722829507 ], [ 139.730675926521997, 35.732909020983094 ], [ 139.730783774421951, 35.733053251842186 ] ], [ [ 139.730863757965039, 35.733018490150876 ], [ 139.730749767974061, 35.7328686256011 ], [ 139.730611289490525, 35.73255711097228 ], [ 139.730419414289855, 35.731892105669282 ] ] ] } },
{ "type": "Feature", "properties": { "識別id": 445, "利用時間": "09:00-20:00", "制限時間": 60, "手数料": 300, "制限事項1": null, "制限事項2": "１月１日〜３日を除く", "種別": "パーキング・メーター", "普通車": true, "貨物用有り": true, "二輪車": false, "標章車専用有り": true }, "geometry": { "type": "MultiLineString", "coordinates": [ [ [ 139.649345452697929, 35.698775536087794 ], [ 139.649278418501382, 35.699448165651198 ], [ 139.649267774506541, 35.69979512590195 ], [ 139.649555984231313, 35.701802702124183 ], [ 139.649587819984106, 35.702284239598519 ], [ 139.649613183536502, 35.704685705980282 ], [ 139.649602438334909, 35.70503908977787 ], [ 139.649586324622561, 35.705156854070573 ], [ 139.649564884013301, 35.705457186433144 ] ] ] } },
{ "type": "Feature", "properties": { "識別id": 446, "利用時間": "09:00-20:00", "制限時間": 60, "手数料": 300, "制限事項1": null, "制限事項2": "１月１日〜３日を除く", "種別": "パーキング・メーター", "普通車": true, "貨物用有り": true, "二輪車": false, "標章車専用有り": false }, "geometry": { "type": "MultiLineString", "coordinates": [ [ [ 139.649703737660758, 35.705469472196846 ], [ 139.649714458042638, 35.70516478677915 ], [ 139.649698370055575, 35.704637868988989 ], [ 139.649676808929541, 35.702696128869547 ], [ 139.649659046052278, 35.701836987144063 ], [ 139.649372390655373, 35.699860703347987 ], [ 139.649353083789748, 35.699636744962767 ], [ 139.649386731847017, 35.699278601910464 ] ] ] } },
{ "type": "Feature", "properties": { "識別id": 447, "利用時間": "09:00-19:00", "制限時間": 60, "手数料": 300, "制限事項1": "日曜・休日を除く", "制限事項2": "１月１日〜３日を除く", "種別": "パーキング・メーター", "普通車": true, "貨物用有り": false, "二輪車": false, "標章車専用有り": false }, "geometry": { "type": "MultiLineString", "coordinates": [ [ [ 139.725169836241804, 35.68856581962514 ], [ 139.726286550293707, 35.688058220058778 ], [ 139.727228510471122, 35.68766160778803 ], [ 139.727809532536241, 35.687451253210341 ], [ 139.727966433818921, 35.68740970470229 ], [ 139.729478882731229, 35.686797958835243 ] ] ] } },
{ "type": "Feature", "properties": { "識別id": 448, "利用時間": "09:00-19:00", "制限時間": 60, "手数料": 300, "制限事項1": null, "制限事項2": "１月１日〜３日を除く", "種別": "パーキング・チケット", "普通車": true, "貨物用有り": true, "二輪車": false, "標章車専用有り": false }, "geometry": { "type": "MultiLineString", "coordinates": [ [ [ 139.689317052993772, 35.686315016469862 ], [ 139.688917831040413, 35.688234431992448 ], [ 139.688795924154078, 35.68873489370884 ], [ 139.688680019965147, 35.689027269270198 ], [ 139.688621723863292, 35.689134126743269 ], [ 139.688453539554388, 35.689335081994273 ], [ 139.687556705808078, 35.6904523945676 ], [ 139.687409382760137, 35.690658095631569 ], [ 139.687266038384962, 35.690958814775101 ], [ 139.687188826824524, 35.691209831618174 ], [ 139.686930071123754, 35.692214035788417 ], [ 139.686942173690568, 35.692775809776251 ], [ 139.68701989682441, 35.693419535203134 ], [ 139.687117360333872, 35.6939647498642 ], [ 139.68730017404809, 35.694307006509504 ], [ 139.688274400879322, 35.695708048879453 ] ], [ [ 139.688407989910729, 35.69565359739039 ], [ 139.687405710997751, 35.694202621901489 ], [ 139.687240712950768, 35.693921589118098 ], [ 139.687078254987085, 35.692643232362627 ], [ 139.687092569715929, 35.692029708436912 ], [ 139.687404243074894, 35.690988605528673 ], [ 139.687580748165772, 35.690638744679262 ], [ 139.687865841526076, 35.690273339532339 ], [ 139.688592251959335, 35.689389760228735 ], [ 139.688743814457723, 35.689194274308925 ], [ 139.688845132040001, 35.689012276047393 ], [ 139.688902475723069, 35.68886830396503 ], [ 139.689061829976964, 35.68824266583092 ], [ 139.689431575696744, 35.686476471579034 ] ] ] } },
{ "type": "Feature", "properties": { "識別id": 450, "利用時間": "09:00-19:00", "制限時間": 60, "手数料": 300, "制限事項1": "日曜・休日を除く", "制限事項2": "１月１日〜３日を除く", "種別": "パーキング・メーター", "普通車": true, "貨物用有り": false, "二輪車": false, "標章車専用有り": false }, "geometry": { "type": "MultiLineString", "coordinates": [ [ [ 139.774283396616056, 35.684603621896763 ], [ 139.773076144777633, 35.684882496170822 ], [ 139.771476720077317, 35.685138278259139 ] ] ] } },
{ "type": "Feature", "properties": { "識別id": 453, "利用時間": "07:00-20:00", "制限時間": 40, "手数料": 200, "制限事項1": null, "制限事項2": "１月１日〜３日を除く", "種別": "パーキング・メーター", "普通車": true, "貨物用有り": true, "二輪車": false, "標章車専用有り": false }, "geometry": { "type": "MultiLineString", "coordinates": [ [ [ 139.714518898627574, 35.725050474026304 ], [ 139.715734883828873, 35.726366899447164 ], [ 139.71662225383534, 35.727323316684071 ] ] ] } },
{ "type": "Feature", "properties": { "識別id": 454, "利用時間": "07:00-20:00", "制限時間": 40, "手数料": 200, "制限事項1": null, "制限事項2": "１月１日〜３日を除く", "種別": "パーキング・メーター", "普通車": true, "貨物用有り": true, "二輪車": false, "標章車専用有り": false }, "geometry": { "type": "MultiLineString", "coordinates": [ [ [ 139.71392836717348, 35.727760455097858 ], [ 139.713315488189693, 35.72816246927119 ] ] ] } },
{ "type": "Feature", "properties": { "識別id": 455, "利用時間": "07:00-20:00", "制限時間": 40, "手数料": 200, "制限事項1": null, "制限事項2": "１月１日〜３日を除く", "種別": "パーキング・メーター", "普通車": true, "貨物用有り": true, "二輪車": false, "標章車専用有り": false }, "geometry": { "type": "MultiLineString", "coordinates": [ [ [ 139.712201498888675, 35.728828865585974 ], [ 139.713137229713197, 35.728266130517639 ] ] ] } },
{ "type": "Feature", "properties": { "識別id": 456, "利用時間": "09:00-19:00", "制限時間": 60, "手数料": 300, "制限事項1": "日曜・休日を除く", "制限事項2": "１月１日〜３日を除く", "種別": "パーキング・メーター", "普通車": true, "貨物用有り": false, "二輪車": false, "標章車専用有り": false }, "geometry": { "type": "MultiLineString", "coordinates": [ [ [ 139.779933912749186, 35.690951484442444 ], [ 139.778958822730715, 35.690290679476938 ] ] ] } },
{ "type": "Feature", "properties": { "識別id": 457, "利用時間": "09:00-19:00", "制限時間": 60, "手数料": 300, "制限事項1": "日曜・休日を除く", "制限事項2": "１月１日〜３日を除く", "種別": "パーキング・メーター", "普通車": true, "貨物用有り": false, "二輪車": false, "標章車専用有り": false }, "geometry": { "type": "MultiLineString", "coordinates": [ [ [ 139.755258454836309, 35.669619160957986 ], [ 139.754413129376246, 35.669921204225396 ], [ 139.753414837841319, 35.670239682970539 ], [ 139.752425880847994, 35.670528130942934 ], [ 139.752125287499922, 35.670535305355713 ] ] ] } },
{ "type": "Feature", "properties": { "識別id": 458, "利用時間": "09:00-19:00", "制限時間": 60, "手数料": 300, "制限事項1": "日曜・休日を除く", "制限事項2": "１月１日〜３日を除く", "種別": "パーキング・メーター", "普通車": true, "貨物用有り": true, "二輪車": false, "標章車専用有り": false }, "geometry": { "type": "MultiLineString", "coordinates": [ [ [ 139.789370108275364, 35.717947265284913 ], [ 139.789206247778992, 35.716637771974227 ], [ 139.78897059403883, 35.71424013362995 ], [ 139.788924802682914, 35.713824573138396 ], [ 139.788589950062857, 35.71241822719599 ], [ 139.78844545119577, 35.711655264910306 ], [ 139.788406256950765, 35.711085918269937 ], [ 139.788337125353365, 35.710455807856057 ] ], [ [ 139.788207756979205, 35.710465004244988 ], [ 139.788263754919029, 35.711068421272238 ], [ 139.788329137496703, 35.711782014679592 ], [ 139.788545670643174, 35.712817691123384 ], [ 139.788769010795619, 35.713788175704693 ], [ 139.788998316768243, 35.715828667967486 ], [ 139.789227535000322, 35.717962682084945 ] ] ] } },
{ "type": "Feature", "properties": { "識別id": 460, "利用時間": "09:00-19:00", "制限時間": 60, "手数料": 300, "制限事項1": "日曜・休日を除く", "制限事項2": "１月１日〜３日を除く", "種別": "パーキング・メーター", "普通車": true, "貨物用有り": true, "二輪車": false, "標章車専用有り": false }, "geometry": { "type": "MultiLineString", "coordinates": [ [ [ 139.751803458954583, 35.670610290723751 ], [ 139.751458811507206, 35.670729843274508 ] ] ] } },
{ "type": "Feature", "properties": { "識別id": 461, "利用時間": "09:00-19:00", "制限時間": 60, "手数料": 300, "制限事項1": "日曜・休日を除く", "制限事項2": "１月１日〜３日を除く", "種別": "パーキング・メーター", "普通車": true, "貨物用有り": true, "二輪車": false, "標章車専用有り": false }, "geometry": { "type": "MultiLineString", "coordinates": [ [ [ 139.758022892963965, 35.668861761811691 ], [ 139.758413185197583, 35.669568806360715 ] ] ] } },
{ "type": "Feature", "properties": { "識別id": 462, "利用時間": "09:00-19:00", "制限時間": 60, "手数料": 300, "制限事項1": "日曜・休日を除く", "制限事項2": "１月１日〜３日を除く", "種別": "パーキング・メーター", "普通車": true, "貨物用有り": true, "二輪車": false, "標章車専用有り": false }, "geometry": { "type": "MultiLineString", "coordinates": [ [ [ 139.782388278970188, 35.686287119789874 ], [ 139.78279715464771, 35.685836221356297 ], [ 139.784099689787354, 35.684369126399417 ] ], [ [ 139.783990306366064, 35.684332299040378 ], [ 139.783275476432578, 35.685125851399235 ], [ 139.782689749480909, 35.685771922243525 ], [ 139.782268208547009, 35.686236180280346 ] ] ] } },
{ "type": "Feature", "properties": { "識別id": 464, "利用時間": "07:00-20:00", "制限時間": 60, "手数料": 300, "制限事項1": null, "制限事項2": "１月１日〜３日を除く", "種別": "パーキング・メーター", "普通車": true, "貨物用有り": true, "二輪車": false, "標章車専用有り": false }, "geometry": { "type": "MultiLineString", "coordinates": [ [ [ 139.776380091331532, 35.69450259158549 ], [ 139.777202954760412, 35.692708663637589 ], [ 139.777529059038358, 35.691979843871302 ], [ 139.778473654681733, 35.690832195518809 ] ], [ [ 139.778374355538602, 35.690777641164992 ], [ 139.777674744780427, 35.69158667155223 ], [ 139.777483649610929, 35.691851962878808 ], [ 139.777384053950641, 35.692025968702694 ], [ 139.777084621176954, 35.692657129891359 ], [ 139.776264367179067, 35.694472237581444 ] ] ] } },
{ "type": "Feature", "properties": { "識別id": 466, "利用時間": "09:00-19:00", "制限時間": 60, "手数料": 300, "制限事項1": null, "制限事項2": "１月１日〜３日を除く", "種別": "パーキング・メーター", "普通車": true, "貨物用有り": true, "二輪車": false, "標章車専用有り": false }, "geometry": { "type": "MultiLineString", "coordinates": [ [ [ 139.759337882803919, 35.674533511970914 ], [ 139.759758345050955, 35.67422920685965 ] ] ] } },
{ "type": "Feature", "properties": { "識別id": 469, "利用時間": "09:00-20:00", "制限時間": 60, "手数料": 300, "制限事項1": null, "制限事項2": "１月１日〜３日を除く", "種別": "パーキング・メーター", "普通車": true, "貨物用有り": true, "二輪車": false, "標章車専用有り": false }, "geometry": { "type": "MultiLineString", "coordinates": [ [ [ 139.715283761901844, 35.66944276581485 ], [ 139.7139, 35.67034 ], [ 139.71359, 35.6706 ], [ 139.71295, 35.67131 ], [ 139.71266, 35.67171 ], [ 139.7125, 35.67235 ], [ 139.71247, 35.67313 ], [ 139.7125, 35.67355 ], [ 139.71252, 35.67438 ], [ 139.7126, 35.67575 ], [ 139.71253, 35.67699 ], [ 139.71252, 35.67699 ], [ 139.71254, 35.67697 ], [ 139.71254, 35.67698 ], [ 139.71253, 35.67698 ] ], [ [ 139.71267, 35.67695 ], [ 139.71267, 35.67695 ], [ 139.71267, 35.67695 ], [ 139.71267, 35.67695 ], [ 139.71275, 35.67546 ], [ 139.71259, 35.67338 ], [ 139.71265, 35.67235 ], [ 139.71278, 35.67182 ], [ 139.71314, 35.6713 ], [ 139.71389, 35.6705 ], [ 139.715294520168271, 35.669593777779241 ] ] ] } },
{ "type": "Feature", "properties": { "識別id": 472, "利用時間": "09:00-19:00", "制限時間": 60, "手数料": 300, "制限事項1": null, "制限事項2": "１月１日〜３日を除く", "種別": "パーキング・メーター", "普通車": true, "貨物用有り": true, "二輪車": false, "標章車専用有り": false }, "geometry": { "type": "MultiLineString", "coordinates": [ [ [ 139.696467655653265, 35.688376600558627 ], [ 139.696264344781895, 35.690901997327451 ] ], [ [ 139.696367377917738, 35.690868774542665 ], [ 139.696433848738849, 35.690004330358946 ] ], [ [ 139.696481757072519, 35.689381282997608 ], [ 139.69657206643933, 35.688357251191789 ] ] ] } },
{ "type": "Feature", "properties": { "識別id": 475, "利用時間": "09:00-19:00", "制限時間": 60, "手数料": 300, "制限事項1": "日曜・休日を除く", "制限事項2": "１月１日〜３日を除く", "種別": "パーキング・メーター", "普通車": true, "貨物用有り": false, "二輪車": false, "標章車専用有り": false }, "geometry": { "type": "MultiLineString", "coordinates": [ [ [ 139.750380561001663, 35.7023748168221 ], [ 139.749583618506989, 35.702421464206722 ], [ 139.748041108604866, 35.70252462653383 ], [ 139.746306537960464, 35.702632724755958 ], [ 139.746159133150996, 35.702607950389357 ], [ 139.74567360689008, 35.702461323992971 ], [ 139.745334154426814, 35.702272317136313 ] ] ] } },
{ "type": "Feature", "properties": { "識別id": 476, "利用時間": "09:00-19:00", "制限時間": 60, "手数料": 300, "制限事項1": "日曜・休日を除く", "制限事項2": "１月１日〜３日を除く", "種別": "パーキング・メーター", "普通車": true, "貨物用有り": false, "二輪車": false, "標章車専用有り": false }, "geometry": { "type": "MultiLineString", "coordinates": [ [ [ 139.711352650400812, 35.634172258416704 ], [ 139.712047512935158, 35.634494278847299 ], [ 139.71441902544916, 35.63481902235462 ] ] ] } },
{ "type": "Feature", "properties": { "識別id": 477, "利用時間": "09:00-19:00", "制限時間": 60, "手数料": 300, "制限事項1": "日曜・休日を除く", "制限事項2": "１月１日〜３日を除く", "種別": "パーキング・メーター", "普通車": true, "貨物用有り": true, "二輪車": false, "標章車専用有り": false }, "geometry": { "type": "MultiLineString", "coordinates": [ [ [ 139.714952936261881, 35.634787153829691 ], [ 139.713315334351506, 35.634573455431941 ] ] ] } },
{ "type": "Feature", "properties": { "識別id": 478, "利用時間": "09:00-19:00", "制限時間": 60, "手数料": 300, "制限事項1": "日曜・休日を除く", "制限事項2": "１月１日〜３日を除く", "種別": "パーキング・メーター", "普通車": true, "貨物用有り": false, "二輪車": false, "標章車専用有り": false }, "geometry": { "type": "MultiLineString", "coordinates": [ [ [ 139.771029760214304, 35.670073929253427 ], [ 139.769978279021501, 35.669214764194507 ] ] ] } },
{ "type": "Feature", "properties": { "識別id": 479, "利用時間": "08:00-20:00", "制限時間": 60, "手数料": 300, "制限事項1": null, "制限事項2": "１月１日〜３日を除く", "種別": "パーキング・メーター", "普通車": true, "貨物用有り": false, "二輪車": false, "標章車専用有り": false }, "geometry": { "type": "MultiLineString", "coordinates": [ [ [ 139.761709800523789, 35.691156731158785 ], [ 139.762162091980116, 35.690731325600964 ], [ 139.762279029176085, 35.690682741170932 ], [ 139.763945297983526, 35.690363367792145 ], [ 139.764085787962188, 35.690329636169494 ], [ 139.764345583485806, 35.690225929231119 ] ] ] } },
{ "type": "Feature", "properties": { "識別id": 480, "利用時間": "09:00-19:00", "制限時間": 60, "手数料": 300, "制限事項1": "日曜・休日を除く", "制限事項2": "１月１日〜３日を除く", "種別": "パーキング・メーター", "普通車": true, "貨物用有り": true, "二輪車": false, "標章車専用有り": false }, "geometry": { "type": "MultiLineString", "coordinates": [ [ [ 139.77416890333393, 35.67394144653364 ], [ 139.774176665964518, 35.67415496254177 ], [ 139.774291853796228, 35.674554359749472 ], [ 139.774426448487503, 35.674783655727637 ], [ 139.774992504743636, 35.675697677458068 ], [ 139.775237935589502, 35.676101001256335 ], [ 139.776992887213964, 35.678849560177838 ] ], [ [ 139.777076124902322, 35.678813045772984 ], [ 139.775315183116334, 35.676062908356243 ], [ 139.775077579526766, 35.675671196285272 ], [ 139.774533971861786, 35.674780201588767 ], [ 139.774427542267517, 35.674560320470285 ], [ 139.774370840672134, 35.674393796953353 ], [ 139.774313482305075, 35.674097924015221 ], [ 139.774300061597927, 35.673924478524285 ] ] ] } },
{ "type": "Feature", "properties": { "識別id": 483, "利用時間": "09:00-19:00", "制限時間": 60, "手数料": 300, "制限事項1": "日曜・休日を除く", "制限事項2": "１月１日〜３日を除く", "種別": "パーキング・メーター", "普通車": true, "貨物用有り": false, "二輪車": false, "標章車専用有り": false }, "geometry": { "type": "MultiLineString", "coordinates": [ [ [ 139.755169308136743, 35.661039816659041 ], [ 139.754716899909084, 35.660383225628927 ] ] ] } },
{ "type": "Feature", "properties": { "識別id": 484, "利用時間": "09:00-19:00", "制限時間": 60, "手数料": 300, "制限事項1": "日曜・休日を除く", "制限事項2": "１月１日〜３日を除く", "種別": "パーキング・メーター", "普通車": true, "貨物用有り": false, "二輪車": false, "標章車専用有り": false }, "geometry": { "type": "MultiLineString", "coordinates": [ [ [ 139.732496513791091, 35.658708976562053 ], [ 139.73264854927163, 35.658236219608426 ], [ 139.732794302025724, 35.657923583028527 ], [ 139.733131892969993, 35.657508526499186 ], [ 139.733607180085727, 35.657191324986428 ] ] ] } },
{ "type": "Feature", "properties": { "識別id": 485, "利用時間": "09:00-19:00", "制限時間": 60, "手数料": 300, "制限事項1": "日曜・休日を除く", "制限事項2": "１月１日〜３日を除く", "種別": "パーキング・メーター", "普通車": true, "貨物用有り": true, "二輪車": false, "標章車専用有り": false }, "geometry": { "type": "MultiLineString", "coordinates": [ [ [ 139.756692448610607, 35.666068279477862 ], [ 139.756199863963872, 35.665138527726619 ] ] ] } },
{ "type": "Feature", "properties": { "識別id": 486, "利用時間": "09:00-19:00", "制限時間": 60, "手数料": 300, "制限事項1": "日曜・休日を除く", "制限事項2": "１月１日〜３日を除く", "種別": "パーキング・チケット", "普通車": true, "貨物用有り": true, "二輪車": false, "標章車専用有り": false }, "geometry": { "type": "MultiLineString", "coordinates": [ [ [ 139.723601016596149, 35.659543078705887 ], [ 139.723772763327702, 35.658825508581828 ], [ 139.723759856363159, 35.658632008976504 ], [ 139.723859148041811, 35.658304047006048 ], [ 139.723972521970836, 35.657097826635486 ], [ 139.723979626453485, 35.656694976531853 ], [ 139.72383614081852, 35.656192635119616 ], [ 139.722543657197406, 35.653781047601633 ], [ 139.722288483195456, 35.652886683820789 ], [ 139.722330411102121, 35.651135385801631 ], [ 139.722721269793794, 35.649214201696701 ], [ 139.722985859801128, 35.648056336703775 ], [ 139.723012513637343, 35.647772322018817 ] ], [ [ 139.722764787618786, 35.647827283119867 ], [ 139.72266487827963, 35.648702650048136 ], [ 139.722195096759549, 35.650758129919168 ], [ 139.722127921070751, 35.651805730168235 ], [ 139.722113190289406, 35.652952786706926 ], [ 139.722309118346658, 35.65367086461179 ], [ 139.722413673033117, 35.653926760359312 ], [ 139.723726246427788, 35.656402552774281 ], [ 139.723791737609162, 35.656842768887863 ], [ 139.723697763523631, 35.658168122229945 ], [ 139.723624598292844, 35.658689474518155 ], [ 139.72340627417114, 35.659521801691454 ] ] ] } },
{ "type": "Feature", "properties": { "識別id": 488, "利用時間": "09:00-21:00", "制限時間": 60, "手数料": 300, "制限事項1": null, "制限事項2": "１月１日〜３日を除く", "種別": "パーキング・メーター", "普通車": true, "貨物用有り": true, "二輪車": false, "標章車専用有り": false }, "geometry": { "type": "MultiLineString", "coordinates": [ [ [ 139.766736112796792, 35.668111401142468 ], [ 139.766266926235858, 35.668539672620248 ] ] ] } },
{ "type": "Feature", "properties": { "識別id": 489, "利用時間": "10:00-20:00", "制限時間": 60, "手数料": 300, "制限事項1": "日曜・休日を除く", "制限事項2": "１月１日〜３日を除く", "種別": "パーキング・チケット", "普通車": true, "貨物用有り": false, "二輪車": false, "標章車専用有り": false }, "geometry": { "type": "MultiLineString", "coordinates": [ [ [ 139.792121065917343, 35.673709951984954 ], [ 139.793066047874674, 35.673285740083038 ] ] ] } },
{ "type": "Feature", "properties": { "識別id": 490, "利用時間": "10:00-20:00", "制限時間": 60, "手数料": 300, "制限事項1": "日曜・休日を除く", "制限事項2": "１月１日〜３日を除く", "種別": "パーキング・チケット", "普通車": true, "貨物用有り": true, "二輪車": false, "標章車専用有り": false }, "geometry": { "type": "MultiLineString", "coordinates": [ [ [ 139.795056706644743, 35.67240667132544 ], [ 139.80030024757329, 35.670119089929607 ], [ 139.800437998526263, 35.670063685861933 ], [ 139.80075126825821, 35.669989209002274 ] ], [ [ 139.800701396326929, 35.669821617257099 ], [ 139.800389016530346, 35.669900422638896 ], [ 139.800215941295448, 35.669968511888982 ], [ 139.794984415978149, 35.672243389360204 ] ] ] } },
{ "type": "Feature", "properties": { "識別id": 492, "利用時間": "09:00-19:00", "制限時間": 60, "手数料": 300, "制限事項1": "日曜・休日を除く", "制限事項2": "１月１日〜３日を除く", "種別": "パーキング・メーター", "普通車": true, "貨物用有り": true, "二輪車": false, "標章車専用有り": false }, "geometry": { "type": "MultiLineString", "coordinates": [ [ [ 139.797127076663713, 35.703684631908011 ], [ 139.80217684057618, 35.70381381011105 ], [ 139.804563819013737, 35.703948259644527 ] ], [ [ 139.804584812772447, 35.70382632678394 ], [ 139.802123584450925, 35.703704044193778 ], [ 139.797036884429531, 35.703550526607543 ] ] ] } },
{ "type": "Feature", "properties": { "識別id": 494, "利用時間": "09:00-19:00", "制限時間": 60, "手数料": 300, "制限事項1": "日曜・休日を除く", "制限事項2": "１月１日〜３日を除く", "種別": "パーキング・メーター", "普通車": true, "貨物用有り": true, "二輪車": false, "標章車専用有り": false }, "geometry": { "type": "MultiLineString", "coordinates": [ [ [ 139.804879280880812, 35.703945290155346 ], [ 139.807773232810774, 35.70409803342028 ], [ 139.812964549522064, 35.704354545205902 ], [ 139.814240051211243, 35.704427763034445 ] ], [ [ 139.814238647418904, 35.704293656760086 ], [ 139.808771422635544, 35.704024979523467 ], [ 139.807249858081775, 35.703957738217689 ], [ 139.804907807792176, 35.703847698546994 ] ] ] } },
{ "type": "Feature", "properties": { "識別id": 496, "利用時間": "09:00-20:00", "制限時間": 60, "手数料": 300, "制限事項1": "日曜・休日を除く", "制限事項2": "１月１日〜３日を除く", "種別": "パーキング・チケット", "普通車": true, "貨物用有り": true, "二輪車": false, "標章車専用有り": false }, "geometry": { "type": "MultiLineString", "coordinates": [ [ [ 139.705802930133785, 35.713019266369443 ], [ 139.707404568727242, 35.712113313126061 ], [ 139.707742362577704, 35.711978704533074 ], [ 139.70991638458753, 35.711567358886668 ] ], [ [ 139.709868862633186, 35.711461403620774 ], [ 139.708110893345946, 35.711787054493243 ], [ 139.707625511218595, 35.711877463561393 ], [ 139.706962022279441, 35.712219378888911 ], [ 139.705730237563387, 35.712937286107895 ] ] ] } },
{ "type": "Feature", "properties": { "識別id": 498, "利用時間": "09:00-19:00", "制限時間": 60, "手数料": 300, "制限事項1": "日曜・休日を除く", "制限事項2": "１月１日〜３日を除く", "種別": "パーキング・チケット", "普通車": true, "貨物用有り": true, "二輪車": false, "標章車専用有り": false }, "geometry": { "type": "MultiLineString", "coordinates": [ [ [ 139.725805235703376, 35.731906196454965 ], [ 139.727405832631291, 35.731494216934571 ], [ 139.728235811410883, 35.731301649969382 ] ], [ [ 139.728222324389719, 35.731233054911584 ], [ 139.727399150466368, 35.731430942506613 ], [ 139.726088581893805, 35.731762598068215 ] ] ] } },
{ "type": "Feature", "properties": { "識別id": 500, "利用時間": "07:00-20:00", "制限時間": 60, "手数料": 300, "制限事項1": null, "制限事項2": "１月１日〜３日を除く", "種別": "パーキング・メーター", "普通車": true, "貨物用有り": true, "二輪車": false, "標章車専用有り": false }, "geometry": { "type": "MultiLineString", "coordinates": [ [ [ 139.774982372230426, 35.691822199003767 ], [ 139.775633541955273, 35.692073804581725 ], [ 139.777507196789514, 35.69282091635835 ], [ 139.778095325561566, 35.693077586575505 ], [ 139.779849187622915, 35.694358840596813 ] ], [ [ 139.779912878613146, 35.694272558140291 ], [ 139.778155986205974, 35.692986101747117 ], [ 139.777079921666171, 35.692516167777086 ], [ 139.774982825421915, 35.69170941954728 ] ] ] } },
{ "type": "Feature", "properties": { "識別id": 502, "利用時間": "09:00-19:00", "制限時間": 60, "手数料": 300, "制限事項1": "日曜・休日を除く", "制限事項2": "１月１日〜３日を除く", "種別": "パーキング・メーター", "普通車": true, "貨物用有り": false, "二輪車": false, "標章車専用有り": false }, "geometry": { "type": "MultiLineString", "coordinates": [ [ [ 139.748452101978614, 35.661729177034083 ], [ 139.747721229409677, 35.661830091137418 ], [ 139.747267472464273, 35.661903082759999 ] ] ] } },
{ "type": "Feature", "properties": { "識別id": 503, "利用時間": "09:00-19:00", "制限時間": 60, "手数料": 300, "制限事項1": "日曜・休日を除く", "制限事項2": "１月１日〜３日を除く", "種別": "パーキング・メーター", "普通車": true, "貨物用有り": true, "二輪車": false, "標章車専用有り": false }, "geometry": { "type": "MultiLineString", "coordinates": [ [ [ 139.713322853188942, 35.634404874806933 ], [ 139.71381534997542, 35.634276755301634 ], [ 139.71469101851838, 35.633906979877885 ], [ 139.715231868063114, 35.633815996083271 ] ], [ [ 139.715177489509784, 35.633710092530961 ], [ 139.714560510605651, 35.633821981441891 ], [ 139.713482618265715, 35.634260628916486 ] ] ] } },
{ "type": "Feature", "properties": { "識別id": 505, "利用時間": "09:00-19:00", "制限時間": 60, "手数料": 300, "制限事項1": null, "制限事項2": "１月１日〜３日を除く", "種別": "パーキング・メーター", "普通車": true, "貨物用有り": false, "二輪車": false, "標章車専用有り": false }, "geometry": { "type": "MultiLineString", "coordinates": [ [ [ 139.689651992720684, 35.686427781169385 ], [ 139.690314816821001, 35.686787635811605 ], [ 139.690944311331151, 35.686970361636753 ], [ 139.691259438022882, 35.687029669817591 ] ] ] } },
{ "type": "Feature", "properties": { "識別id": 506, "利用時間": "09:00-19:00", "制限時間": 60, "手数料": 300, "制限事項1": null, "制限事項2": "１月１日〜３日を除く", "種別": "パーキング・メーター", "普通車": true, "貨物用有り": true, "二輪車": false, "標章車専用有り": false }, "geometry": { "type": "MultiLineString", "coordinates": [ [ [ 139.687349738551291, 35.69121707139665 ], [ 139.688581650407258, 35.691718256506277 ], [ 139.689015103409957, 35.691825240794593 ], [ 139.689369201035504, 35.691890575801608 ], [ 139.690150695033992, 35.692015037629481 ] ], [ [ 139.690128275088171, 35.69185172072644 ], [ 139.689073097219989, 35.691671538697527 ], [ 139.688711960884405, 35.691590323210974 ], [ 139.687398685093257, 35.691036214913041 ] ] ] } },
{ "type": "Feature", "properties": { "識別id": 508, "利用時間": "09:00-19:00", "制限時間": 60, "手数料": 300, "制限事項1": null, "制限事項2": "１月１日〜３日を除く", "種別": "パーキング・メーター", "普通車": true, "貨物用有り": true, "二輪車": false, "標章車専用有り": false }, "geometry": { "type": "MultiLineString", "coordinates": [ [ [ 139.690159422261331, 35.69202561214567 ], [ 139.689812876531249, 35.693473026290775 ], [ 139.689787084566262, 35.693728292813397 ], [ 139.68981502481526, 35.694059783144866 ], [ 139.689857232651036, 35.694208221866333 ], [ 139.689916869958893, 35.694364000448736 ], [ 139.689952555633397, 35.694445468208166 ], [ 139.690312310756212, 35.695089869221377 ] ], [ [ 139.6905819690719, 35.695017276601675 ], [ 139.690265813914721, 35.694471821401798 ], [ 139.690179345162846, 35.694292907959934 ], [ 139.690098614188798, 35.694030028095817 ], [ 139.690064346153008, 35.693728689945353 ], [ 139.690085862892261, 35.693478274083773 ], [ 139.690420083448856, 35.692098360044071 ] ] ] } },
{ "type": "Feature", "properties": { "識別id": 510, "利用時間": "09:00-20:00", "制限時間": 60, "手数料": 300, "制限事項1": null, "制限事項2": "１月１日〜３日を除く", "種別": "パーキング・メーター", "普通車": true, "貨物用有り": true, "二輪車": false, "標章車専用有り": false }, "geometry": { "type": "MultiLineString", "coordinates": [ [ [ 139.636469022393896, 35.705689575851693 ], [ 139.636295437013388, 35.706666639548047 ], [ 139.635577862050383, 35.709363855936232 ], [ 139.635252234293887, 35.710639174153471 ], [ 139.634885923187284, 35.712391606273492 ], [ 139.634745794732794, 35.713164315786976 ] ], [ [ 139.634835705344528, 35.713210197604567 ], [ 139.635035975916509, 35.712088436211268 ], [ 139.635415705331042, 35.710279618715916 ], [ 139.63589406325022, 35.708499534190622 ], [ 139.636438089690984, 35.706457476572211 ], [ 139.636591307519808, 35.705691898283945 ] ] ] } },
{ "type": "Feature", "properties": { "識別id": 512, "利用時間": "09:00-20:00", "制限時間": 60, "手数料": 300, "制限事項1": null, "制限事項2": "１月１日〜３日を除く", "種別": "パーキング・メーター", "普通車": true, "貨物用有り": true, "二輪車": false, "標章車専用有り": false }, "geometry": { "type": "MultiLineString", "coordinates": [ [ [ 139.636686873404841, 35.70406601723105 ], [ 139.63625671333466, 35.70234419309233 ], [ 139.635637817192702, 35.699769565185541 ] ] ] } },
{ "type": "Feature", "properties": { "識別id": 513, "利用時間": "09:00-19:00", "制限時間": 60, "手数料": 300, "制限事項1": null, "制限事項2": "１月１日〜３日を除く", "種別": "パーキング・チケット", "普通車": true, "貨物用有り": false, "二輪車": false, "標章車専用有り": false }, "geometry": { "type": "MultiLineString", "coordinates": [ [ [ 139.337774843937325, 35.64952554538781 ], [ 139.337820693032739, 35.649719550922825 ], [ 139.337928885231037, 35.651242084901114 ], [ 139.337984248754282, 35.651986119419341 ] ], [ [ 139.338082560915751, 35.651984139528587 ], [ 139.338026388665611, 35.651231726997992 ], [ 139.337921897068583, 35.649714743578613 ], [ 139.337879047789556, 35.649531746190647 ] ] ] } },
{ "type": "Feature", "properties": { "識別id": 515, "利用時間": "09:00-19:00", "制限時間": 60, "手数料": 300, "制限事項1": null, "制限事項2": "１月１日〜３日を除く", "種別": "パーキング・チケット", "普通車": true, "貨物用有り": false, "二輪車": false, "標章車専用有り": false }, "geometry": { "type": "MultiLineString", "coordinates": [ [ [ 139.336845505937788, 35.65410263883588 ], [ 139.333744238872612, 35.654519429089518 ] ], [ [ 139.333734460086504, 35.654608536682218 ], [ 139.336859767511385, 35.654195419569902 ] ] ] } },
{ "type": "Feature", "properties": { "識別id": 517, "利用時間": "09:00-20:00", "制限時間": 20, "手数料": 100, "制限事項1": null, "制限事項2": "１月１日〜３日を除く", "種別": "パーキング・チケット", "普通車": true, "貨物用有り": true, "二輪車": false, "標章車専用有り": false }, "geometry": { "type": "MultiLineString", "coordinates": [ [ [ 139.702587373563347, 35.659620160829533 ], [ 139.704781341549648, 35.65997615104763 ] ], [ [ 139.704782918138704, 35.659891571572899 ], [ 139.702613869817696, 35.659543668449274 ] ] ] } },
{ "type": "Feature", "properties": { "識別id": 519, "利用時間": "09:00-19:00", "制限時間": 60, "手数料": 300, "制限事項1": null, "制限事項2": "１月１日〜３日を除く", "種別": "パーキング・チケット", "普通車": true, "貨物用有り": false, "二輪車": false, "標章車専用有り": false }, "geometry": { "type": "MultiLineString", "coordinates": [ [ [ 139.690686920194025, 35.684262238090426 ], [ 139.690180368925979, 35.684769771866058 ], [ 139.689980651165968, 35.684999368472191 ], [ 139.68981824103227, 35.685199422273762 ], [ 139.689658203023697, 35.685464889836588 ], [ 139.689526694297626, 35.685685781048619 ], [ 139.689383918281379, 35.686029212165856 ] ], [ [ 139.689526550591012, 35.686068208371033 ], [ 139.689664413255514, 35.685725932007067 ], [ 139.689802828765778, 35.685478611592345 ], [ 139.689951770642011, 35.685249850934333 ], [ 139.690318352800915, 35.684817459717145 ], [ 139.69080840983537, 35.684334015170229 ] ] ] } },
{ "type": "Feature", "properties": { "識別id": 521, "利用時間": "09:00-19:00", "制限時間": 60, "手数料": 300, "制限事項1": null, "制限事項2": "１月１日〜３日を除く", "種別": "パーキング・メーター", "普通車": true, "貨物用有り": false, "二輪車": false, "標章車専用有り": false }, "geometry": { "type": "MultiLineString", "coordinates": [ [ [ 139.689051189098365, 35.688328647497272 ], [ 139.690900983111078, 35.688638632392774 ] ], [ [ 139.690930498841794, 35.688473341154605 ], [ 139.689085174277324, 35.688183573355452 ] ] ] } },
{ "type": "Feature", "properties": { "識別id": 523, "利用時間": "10:00-20:00", "制限時間": 60, "手数料": 300, "制限事項1": "日曜・休日を除く", "制限事項2": "１月１日〜３日を除く", "種別": "パーキング・チケット", "普通車": true, "貨物用有り": true, "二輪車": false, "標章車専用有り": false }, "geometry": { "type": "MultiLineString", "coordinates": [ [ [ 139.793216254981985, 35.673225046860495 ], [ 139.793890202314287, 35.672918295121626 ], [ 139.794798488564908, 35.672532535923217 ] ], [ [ 139.794683105379448, 35.672366012618603 ], [ 139.79310756051558, 35.673083773162077 ] ] ] } },
{ "type": "Feature", "properties": { "識別id": 525, "利用時間": "09:00-20:00", "制限時間": 60, "手数料": 300, "制限事項1": "日曜・休日を除く", "制限事項2": "１月１日〜３日を除く", "種別": "パーキング・チケット", "普通車": true, "貨物用有り": true, "二輪車": false, "標章車専用有り": false }, "geometry": { "type": "MultiLineString", "coordinates": [ [ [ 139.71057707313679, 35.711436213510702 ], [ 139.710953336987046, 35.711332782834667 ], [ 139.711457640021877, 35.711147869122414 ], [ 139.713187780735836, 35.710183147022057 ], [ 139.713579881826405, 35.709979200487368 ], [ 139.71400533330845, 35.709893207831591 ], [ 139.716149093781752, 35.709525101001638 ], [ 139.716331296896016, 35.709475217083366 ], [ 139.716596356669015, 35.709363545641757 ], [ 139.716689366994416, 35.709283429495891 ], [ 139.716808943727955, 35.709155740815604 ], [ 139.717278583527388, 35.708464355292186 ], [ 139.717849751332523, 35.707663652666696 ], [ 139.718742241460035, 35.706813119438635 ], [ 139.71880014887634, 35.706766848112792 ] ], [ [ 139.718637286731536, 35.706737014321419 ], [ 139.717776491553565, 35.707561334606595 ], [ 139.717275908734507, 35.708247121569961 ], [ 139.717193878628308, 35.708375878529878 ], [ 139.716727957224919, 35.709023531555964 ], [ 139.716555596565399, 35.709234396337799 ], [ 139.716381331357553, 35.709339153816856 ], [ 139.716194794922558, 35.709393284510405 ], [ 139.714574288257126, 35.709692483969164 ], [ 139.714034079291508, 35.709773229464844 ], [ 139.71354274158233, 35.709868209060993 ], [ 139.713118641634964, 35.710085345467448 ], [ 139.712549962960367, 35.710391250727334 ], [ 139.711475431540293, 35.711013294056066 ], [ 139.710716066675275, 35.711297785779578 ], [ 139.710543770515869, 35.711330028659006 ] ] ] } },
{ "type": "Feature", "properties": { "識別id": 527, "利用時間": "07:00-20:00", "制限時間": 60, "手数料": 300, "制限事項1": null, "制限事項2": "１月１日〜３日を除く", "種別": "パーキング・メーター", "普通車": true, "貨物用有り": true, "二輪車": false, "標章車専用有り": false }, "geometry": { "type": "MultiLineString", "coordinates": [ [ [ 139.770857660921735, 35.690626320520387 ], [ 139.771910759045795, 35.690932996926769 ] ], [ [ 139.771953846958269, 35.690818222658699 ], [ 139.77073357131016, 35.690490242565673 ] ] ] } },
{ "type": "Feature", "properties": { "識別id": 529, "利用時間": "07:00-20:00", "制限時間": 60, "手数料": 300, "制限事項1": null, "制限事項2": "１月１日〜３日を除く", "種別": "パーキング・メーター", "普通車": true, "貨物用有り": false, "二輪車": false, "標章車専用有り": false }, "geometry": { "type": "MultiLineString", "coordinates": [ [ [ 139.771325867026746, 35.693199390941544 ], [ 139.773964049719552, 35.693963665623905 ], [ 139.774897974768663, 35.694226148808255 ] ], [ [ 139.774927175664089, 35.694102456994536 ], [ 139.772622899172177, 35.693476884609439 ], [ 139.771244813920049, 35.693114243164509 ] ] ] } },
{ "type": "Feature", "properties": { "識別id": 531, "利用時間": "07:00-20:00", "制限時間": 60, "手数料": 300, "制限事項1": null, "制限事項2": "１月１日〜３日を除く", "種別": "パーキング・メーター", "普通車": true, "貨物用有り": false, "二輪車": false, "標章車専用有り": false }, "geometry": { "type": "MultiLineString", "coordinates": [ [ [ 139.775489876167825, 35.694407291319642 ], [ 139.77825472480859, 35.695133421326382 ] ], [ [ 139.778328344872193, 35.695030997874916 ], [ 139.77628650528257, 35.694487568888142 ], [ 139.775299536850412, 35.694216204109239 ] ] ] } },
{ "type": "Feature", "properties": { "識別id": 533, "利用時間": "09:30-20:00", "制限時間": 60, "手数料": 300, "制限事項1": null, "制限事項2": "１月１日〜３日を除く", "種別": "パーキング・メーター", "普通車": true, "貨物用有り": false, "二輪車": false, "標章車専用有り": false }, "geometry": { "type": "MultiLineString", "coordinates": [ [ [ 139.780080687244521, 35.695256757545621 ], [ 139.780052786914268, 35.694640915554487 ], [ 139.780130204611623, 35.69453865005265 ], [ 139.780692839740425, 35.694046087769394 ], [ 139.781853244247145, 35.693018645477501 ] ], [ [ 139.781712792765148, 35.692995162632307 ], [ 139.78083871772094, 35.693738334036851 ], [ 139.780349998196641, 35.69417487264117 ], [ 139.780009217820606, 35.694478038956348 ], [ 139.779923604684853, 35.694595123696367 ], [ 139.779926271673787, 35.695274689942963 ] ] ] } },
{ "type": "Feature", "properties": { "識別id": 535, "利用時間": "09:30-19:00", "制限時間": 60, "手数料": 300, "制限事項1": "日曜・休日を除く", "制限事項2": "１月１日〜３日を除く", "種別": "パーキング・メーター", "普通車": true, "貨物用有り": true, "二輪車": false, "標章車専用有り": false }, "geometry": { "type": "MultiLineString", "coordinates": [ [ [ 139.782000042900052, 35.692902784695157 ], [ 139.783322173470935, 35.691698744674007 ], [ 139.784322754060412, 35.690775012344417 ], [ 139.784944642894601, 35.690198718226441 ], [ 139.785387745071688, 35.689503284069815 ], [ 139.785825937076595, 35.68883297492296 ], [ 139.78586964945768, 35.688774663034344 ] ], [ [ 139.785694319810403, 35.688660458787567 ], [ 139.785023331074115, 35.689718083712414 ], [ 139.784603265402808, 35.690365261230177 ], [ 139.783620473915107, 35.69127389853297 ], [ 139.783477087271876, 35.691415639904733 ], [ 139.78309046946157, 35.691765336531773 ], [ 139.782962602758602, 35.691880172972525 ], [ 139.782571909975672, 35.692253997435415 ], [ 139.782262634119149, 35.692520487910343 ], [ 139.78191324350334, 35.692819401038989 ] ] ] } },
{ "type": "Feature", "properties": { "識別id": 537, "利用時間": "09:30-19:00", "制限時間": 60, "手数料": 300, "制限事項1": "日曜・休日を除く", "制限事項2": "１月１日〜３日を除く", "種別": "パーキング・メーター", "普通車": true, "貨物用有り": true, "二輪車": false, "標章車専用有り": false }, "geometry": { "type": "MultiLineString", "coordinates": [ [ [ 139.788067523982562, 35.68565449167167 ], [ 139.787085170179722, 35.686901264464304 ], [ 139.786294895958605, 35.687910274787704 ], [ 139.7857680254304, 35.688554345257067 ] ], [ [ 139.785960240614969, 35.688667335448471 ], [ 139.786368274178955, 35.688115336965545 ], [ 139.788255506518226, 35.685738795773354 ] ] ] } },
{ "type": "Feature", "properties": { "識別id": 539, "利用時間": "09:00-19:00", "制限時間": 60, "手数料": 300, "制限事項1": "日曜・休日を除く", "制限事項2": "１月１日〜３日を除く", "種別": "パーキング・メーター", "普通車": true, "貨物用有り": false, "二輪車": false, "標章車専用有り": false }, "geometry": { "type": "MultiLineString", "coordinates": [ [ [ 139.781715533796898, 35.682569201620758 ], [ 139.78326007685024, 35.683309098633373 ], [ 139.786114995563935, 35.684706044698942 ], [ 139.787601532000366, 35.685431275473213 ], [ 139.788969848162139, 35.686054513886042 ], [ 139.789376848780563, 35.686252389944876 ] ], [ [ 139.789453114785061, 35.686130224477317 ], [ 139.788434644866072, 35.685649424294446 ], [ 139.787294500629542, 35.685084252534821 ], [ 139.786070897646368, 35.684496037768668 ], [ 139.783446234314226, 35.683206561232112 ], [ 139.781887294569998, 35.682448977287848 ] ] ] } },
{ "type": "Feature", "properties": { "識別id": 541, "利用時間": "09:00-19:00", "制限時間": 60, "手数料": 300, "制限事項1": "日曜・休日を除く", "制限事項2": "１月１日〜３日を除く", "種別": "パーキング・メーター", "普通車": true, "貨物用有り": false, "二輪車": false, "標章車専用有り": false }, "geometry": { "type": "MultiLineString", "coordinates": [ [ [ 139.787893321829415, 35.691426194231646 ], [ 139.787010127584807, 35.690907315271652 ], [ 139.786257436026659, 35.690417779035869 ], [ 139.785240810862547, 35.689749577003262 ] ] ] } },
{ "type": "Feature", "properties": { "識別id": 542, "利用時間": "09:00-19:00", "制限時間": 60, "手数料": 300, "制限事項1": "日曜・休日を除く", "制限事項2": "１月１日〜３日を除く", "種別": "パーキング・メーター", "普通車": true, "貨物用有り": false, "二輪車": false, "標章車専用有り": false }, "geometry": { "type": "MultiLineString", "coordinates": [ [ [ 139.779419987527262, 35.676364149585744 ], [ 139.779989759475427, 35.676875053801112 ], [ 139.780529224069994, 35.677372760123355 ], [ 139.781767478347888, 35.678142196668418 ], [ 139.782518414950545, 35.678615373193288 ], [ 139.783011533643673, 35.678943944139732 ] ], [ [ 139.783098993428951, 35.678903585202036 ], [ 139.782614501224657, 35.678585455124065 ], [ 139.781819323659761, 35.678086299256023 ], [ 139.780589090627132, 35.677320499762601 ], [ 139.780075814113786, 35.676841290314734 ], [ 139.779527174661752, 35.676346670631624 ] ] ] } },
{ "type": "Feature", "properties": { "識別id": 544, "利用時間": "09:00-19:00", "制限時間": 60, "手数料": 300, "制限事項1": "日曜・休日を除く", "制限事項2": "１月１日〜３日を除く", "種別": "パーキング・メーター", "普通車": true, "貨物用有り": false, "二輪車": false, "標章車専用有り": false }, "geometry": { "type": "MultiLineString", "coordinates": [ [ [ 139.783803461316609, 35.679446389408405 ], [ 139.785453345209447, 35.680461807833261 ], [ 139.786316987102509, 35.680949495067523 ], [ 139.786546414429154, 35.681093053989713 ] ], [ [ 139.786590370385483, 35.681010519430103 ], [ 139.785496110613963, 35.680395393630022 ], [ 139.784385103540131, 35.679709797894247 ], [ 139.783864082133107, 35.679385257589956 ] ] ] } },
{ "type": "Feature", "properties": { "識別id": 546, "利用時間": "08:00-20:00", "制限時間": 60, "手数料": 300, "制限事項1": null, "制限事項2": "１月１日〜３日を除く", "種別": "パーキング・チケット", "普通車": true, "貨物用有り": false, "二輪車": false, "標章車専用有り": false }, "geometry": { "type": "MultiLineString", "coordinates": [ [ [ 139.762720450490917, 35.698769516769026 ], [ 139.761662317494512, 35.699134774646161 ], [ 139.760115403345054, 35.699657223922713 ], [ 139.759831873653468, 35.699774107661845 ], [ 139.759498538291979, 35.69994339634335 ], [ 139.759230076813992, 35.700156130911893 ], [ 139.758621441719839, 35.700716931760176 ], [ 139.758265686098269, 35.701090054864807 ] ] ] } },
{ "type": "Feature", "properties": { "識別id": 547, "利用時間": "08:00-20:00", "制限時間": 60, "手数料": 300, "制限事項1": null, "制限事項2": "１月１日〜３日を除く", "種別": "パーキング・メーター", "普通車": true, "貨物用有り": false, "二輪車": false, "標章車専用有り": false }, "geometry": { "type": "MultiLineString", "coordinates": [ [ [ 139.755764727667582, 35.693956382183934 ], [ 139.755456771765893, 35.694035184707609 ], [ 139.755091972174512, 35.694115420839026 ], [ 139.754191799686879, 35.694342119163935 ], [ 139.753868276451158, 35.694481499214042 ], [ 139.753579055492708, 35.694676274703333 ], [ 139.753421038941838, 35.694795935291154 ], [ 139.753284819289661, 35.694957239195794 ], [ 139.753104262300411, 35.695198714110703 ], [ 139.753031999076995, 35.695375376333729 ], [ 139.752998716744031, 35.695537684562304 ] ] ] } },
{ "type": "Feature", "properties": { "識別id": 548, "利用時間": "08:00-20:00", "制限時間": 60, "手数料": 300, "制限事項1": null, "制限事項2": "１月１日〜３日を除く", "種別": "パーキング・メーター", "普通車": true, "貨物用有り": false, "二輪車": false, "標章車専用有り": false }, "geometry": { "type": "MultiLineString", "coordinates": [ [ [ 139.768345505990311, 35.689302735396701 ], [ 139.768302037142576, 35.689322651895878 ], [ 139.766962466012274, 35.689511862528043 ] ] ] } },
{ "type": "Feature", "properties": { "識別id": 552, "利用時間": "08:00-20:00", "制限時間": 60, "手数料": 300, "制限事項1": null, "制限事項2": "１月１日〜３日を除く", "種別": "パーキング・メーター", "普通車": true, "貨物用有り": true, "二輪車": false, "標章車専用有り": false }, "geometry": { "type": "MultiLineString", "coordinates": [ [ [ 139.758295955248514, 35.701151182247372 ], [ 139.759191425368726, 35.701147831178062 ], [ 139.759832369764894, 35.700988297712499 ], [ 139.762033820338246, 35.700254665929982 ], [ 139.763247985295493, 35.699819113562334 ] ] ] } },
{ "type": "Feature", "properties": { "識別id": 553, "利用時間": "08:00-20:00", "制限時間": 60, "手数料": 300, "制限事項1": null, "制限事項2": "１月１日〜３日を除く", "種別": "パーキング・メーター", "普通車": true, "貨物用有り": true, "二輪車": false, "標章車専用有り": false }, "geometry": { "type": "MultiLineString", "coordinates": [ [ [ 139.764556949601968, 35.690129323988103 ], [ 139.764980088395561, 35.689941348486613 ], [ 139.76610015267724, 35.689765515958641 ], [ 139.766814410584317, 35.689666440446281 ] ], [ [ 139.766752849151004, 35.689540707926987 ], [ 139.764921838808704, 35.689803751217212 ], [ 139.76453983666454, 35.689945141522166 ] ] ] } },
{ "type": "Feature", "properties": { "識別id": 555, "利用時間": "09:00-21:00", "制限時間": 60, "手数料": 300, "制限事項1": null, "制限事項2": "１月１日〜３日を除く", "種別": "パーキング・メーター", "普通車": true, "貨物用有り": true, "二輪車": false, "標章車専用有り": false }, "geometry": { "type": "MultiLineString", "coordinates": [ [ [ 139.758997249925358, 35.66840745243131 ], [ 139.759348053518181, 35.668260042699572 ], [ 139.759839839295523, 35.668105728382471 ], [ 139.760673974612757, 35.667829837736846 ], [ 139.761118500844617, 35.667687585489482 ] ] ] } },
{ "type": "Feature", "properties": { "識別id": 556, "利用時間": "09:00-21:00", "制限時間": 60, "手数料": 300, "制限事項1": null, "制限事項2": "１月１日〜３日を除く", "種別": "パーキング・メーター", "普通車": true, "貨物用有り": true, "二輪車": false, "標章車専用有り": false }, "geometry": { "type": "MultiLineString", "coordinates": [ [ [ 139.761080206076457, 35.667650381119756 ], [ 139.760667308504196, 35.667759055850055 ], [ 139.760641624392576, 35.667767765419974 ] ], [ [ 139.760250912338847, 35.667900257211855 ], [ 139.760107093233501, 35.667949026761576 ], [ 139.759313833762292, 35.668202797936807 ], [ 139.758965246722539, 35.668344756593896 ] ] ] } },
{ "type": "Feature", "properties": { "識別id": 557, "利用時間": "09:00-19:00", "制限時間": 60, "手数料": 300, "制限事項1": "日曜・休日を除く", "制限事項2": "１月１日〜３日を除く", "種別": "パーキング・メーター", "普通車": true, "貨物用有り": true, "二輪車": false, "標章車専用有り": false }, "geometry": { "type": "MultiLineString", "coordinates": [ [ [ 139.769222377692415, 35.665648239717946 ], [ 139.76807770858133, 35.666740244497767 ] ], [ [ 139.768155128017241, 35.666805451990335 ], [ 139.76930486906673, 35.665717722326377 ] ] ] } },
{ "type": "Feature", "properties": { "識別id": 559, "利用時間": "09:00-19:00", "制限時間": 60, "手数料": 300, "制限事項1": "日曜・休日を除く", "制限事項2": "１月１日〜３日を除く", "種別": "パーキング・メーター", "普通車": true, "貨物用有り": true, "二輪車": false, "標章車専用有り": false }, "geometry": { "type": "MultiLineString", "coordinates": [ [ [ 139.780071472379575, 35.672742320801127 ], [ 139.778621079140066, 35.672799106399516 ], [ 139.778440573448194, 35.672810192523727 ], [ 139.776275875936108, 35.672934511215921 ] ] ] } },
{ "type": "Feature", "properties": { "識別id": 560, "利用時間": "09:00-19:00", "制限時間": 60, "手数料": 300, "制限事項1": "日曜・休日を除く", "制限事項2": "１月１日〜３日を除く", "種別": "パーキング・メーター", "普通車": true, "貨物用有り": true, "二輪車": false, "標章車専用有り": false }, "geometry": { "type": "MultiLineString", "coordinates": [ [ [ 139.735840692998266, 35.646701729449099 ], [ 139.73622853050756, 35.647331048763093 ], [ 139.736622126175291, 35.648630686059278 ], [ 139.736648104132541, 35.648980865082528 ], [ 139.736627609250178, 35.649607080063532 ], [ 139.736626062603023, 35.650890330345042 ], [ 139.736592651700079, 35.651265833430017 ], [ 139.736460376051809, 35.651850981617436 ], [ 139.736420603947067, 35.652191483948272 ], [ 139.7364267922068, 35.652490859457657 ], [ 139.73670147174056, 35.653696292955502 ], [ 139.736838677552782, 35.654518159659204 ], [ 139.736923342689778, 35.655237769139767 ] ], [ [ 139.737197428389067, 35.655186158998944 ], [ 139.737008426977724, 35.653769118799154 ], [ 139.73679254931028, 35.652851815024313 ], [ 139.736759740244452, 35.652706415728424 ], [ 139.73670098086771, 35.652195378069749 ], [ 139.736866551035746, 35.651345112681071 ], [ 139.736893576295131, 35.650733583090052 ], [ 139.736919649768765, 35.650373006098434 ], [ 139.736921697509359, 35.648668775589485 ], [ 139.736543010700274, 35.6473464807477 ], [ 139.736149691616475, 35.646627584939523 ] ] ] } },
{ "type": "Feature", "properties": { "識別id": 562, "利用時間": "09:00-19:00", "制限時間": 60, "手数料": 300, "制限事項1": "日曜・休日を除く", "制限事項2": "１月１日〜３日を除く", "種別": "パーキング・チケット", "普通車": true, "貨物用有り": false, "二輪車": false, "標章車専用有り": false }, "geometry": { "type": "MultiLineString", "coordinates": [ [ [ 139.723872176384873, 35.637073092121305 ], [ 139.722590068321182, 35.639251973540432 ], [ 139.722490074381852, 35.639622399574151 ], [ 139.72223150624373, 35.641464853473202 ], [ 139.722061489872601, 35.641854107224106 ], [ 139.721060186158752, 35.643015511543268 ] ], [ [ 139.721104417364643, 35.643183416097791 ], [ 139.722079187936743, 35.642094494439483 ], [ 139.722353274366554, 35.641628040577991 ], [ 139.722548459252152, 35.640270135120367 ], [ 139.72267466753425, 35.639429630066743 ], [ 139.723038377339947, 35.638756482994104 ], [ 139.724014525829546, 35.637090925451986 ] ] ] } },
{ "type": "Feature", "properties": { "識別id": 564, "利用時間": "09:00-21:00", "制限時間": 60, "手数料": 300, "制限事項1": null, "制限事項2": "１月１日〜３日を除く", "種別": "パーキング・メーター", "普通車": true, "貨物用有り": true, "二輪車": false, "標章車専用有り": false }, "geometry": { "type": "MultiLineString", "coordinates": [ [ [ 139.718135369450948, 35.659706812738854 ], [ 139.716516324383122, 35.660301138124034 ], [ 139.714996511734597, 35.660863129738466 ], [ 139.713325866237597, 35.661665840147748 ], [ 139.711805310664857, 35.662480180569418 ], [ 139.710791439140507, 35.663026720045821 ] ], [ [ 139.711793639536296, 35.662583229589387 ], [ 139.713188229097625, 35.661833489820722 ], [ 139.714828160386645, 35.661029478288008 ], [ 139.716888462928381, 35.660279820367784 ], [ 139.71727017575887, 35.660113793263619 ], [ 139.718198476771278, 35.659765628519203 ] ] ] } },
{ "type": "Feature", "properties": { "識別id": 566, "利用時間": "09:00-19:00", "制限時間": 60, "手数料": 300, "制限事項1": null, "制限事項2": "１月１日〜３日を除く", "種別": "パーキング・メーター", "普通車": true, "貨物用有り": true, "二輪車": false, "標章車専用有り": false }, "geometry": { "type": "MultiLineString", "coordinates": [ [ [ 139.71678, 35.67106 ], [ 139.71681, 35.67142 ], [ 139.71683, 35.67179 ], [ 139.71682, 35.67213 ], [ 139.71671, 35.67247 ], [ 139.716490669975286, 35.67282678596483 ], [ 139.716315070114149, 35.673160891953401 ] ], [ [ 139.716444807548498, 35.673221674455995 ], [ 139.71686, 35.67243 ], [ 139.71695, 35.67205 ], [ 139.71693, 35.67132 ], [ 139.71688, 35.67062 ], [ 139.71691, 35.67044 ], [ 139.71695, 35.67034 ] ] ] } },
{ "type": "Feature", "properties": { "識別id": 568, "利用時間": "09:00-19:00", "制限時間": 60, "手数料": 300, "制限事項1": "日曜・休日を除く", "制限事項2": "１月１日〜３日を除く", "種別": "パーキング・メーター", "普通車": true, "貨物用有り": true, "二輪車": false, "標章車専用有り": false }, "geometry": { "type": "MultiLineString", "coordinates": [ [ [ 139.788340657985401, 35.685591638761849 ], [ 139.789019122790222, 35.684795635060873 ] ] ] } },
{ "type": "Feature", "properties": { "識別id": 569, "利用時間": "09:00-19:00", "制限時間": 60, "手数料": 300, "制限事項1": "日曜・休日を除く", "制限事項2": "１月１日〜３日を除く", "種別": "パーキング・メーター", "普通車": true, "貨物用有り": true, "二輪車": false, "標章車専用有り": false }, "geometry": { "type": "MultiLineString", "coordinates": [ [ [ 139.789644549650234, 35.683852537145732 ], [ 139.788960325922432, 35.684650070193925 ] ], [ [ 139.789092566711787, 35.684714316219882 ], [ 139.789395129420058, 35.684351430743895 ], [ 139.789763613060273, 35.683926745828145 ] ] ] } },
{ "type": "Feature", "properties": { "識別id": 571, "利用時間": "09:00-19:00", "制限時間": 60, "手数料": 300, "制限事項1": "日曜・休日を除く", "制限事項2": "１月１日〜３日を除く", "種別": "パーキング・チケット", "普通車": true, "貨物用有り": false, "二輪車": false, "標章車専用有り": false }, "geometry": { "type": "MultiLineString", "coordinates": [ [ [ 139.718331375883537, 35.625301988698894 ], [ 139.718732508796819, 35.625861861103083 ], [ 139.719223420142185, 35.627579871379361 ], [ 139.719472140932396, 35.628110209224211 ], [ 139.720587422442975, 35.630111468895677 ], [ 139.720659849981814, 35.630343724526867 ], [ 139.720783861524467, 35.631188426431969 ], [ 139.720723894092401, 35.631537447983867 ], [ 139.719878283661615, 35.634038936067689 ], [ 139.71960764872091, 35.634558893018877 ] ], [ [ 139.719830379188579, 35.634755473969854 ], [ 139.720166328406805, 35.634122917792226 ], [ 139.721057117364381, 35.631437958361936 ], [ 139.720940585602648, 35.630321610058068 ], [ 139.720744618804105, 35.629796832197506 ], [ 139.719662333885935, 35.627891081264323 ], [ 139.719419683895694, 35.627227571265372 ], [ 139.718948763127173, 35.62568740517392 ], [ 139.718595183105606, 35.62518352242126 ] ] ] } },
{ "type": "Feature", "properties": { "識別id": 573, "利用時間": "09:00-19:00", "制限時間": 60, "手数料": 300, "制限事項1": "日曜・休日を除く", "制限事項2": "１月１日〜３日を除く", "種別": "パーキング・チケット", "普通車": true, "貨物用有り": true, "二輪車": false, "標章車専用有り": false }, "geometry": { "type": "MultiLineString", "coordinates": [ [ [ 139.719008328110249, 35.591763623448934 ], [ 139.72119111799168, 35.591966925510896 ], [ 139.722749180810382, 35.591854403275192 ], [ 139.723195381652175, 35.591834612183831 ], [ 139.723954149055857, 35.591825269069581 ], [ 139.724317430241285, 35.5917803672912 ], [ 139.724684474879894, 35.59167865606765 ], [ 139.725504404612025, 35.591404022706044 ], [ 139.726298540306743, 35.591254714947624 ], [ 139.726602236514253, 35.591177830858328 ], [ 139.728134489650586, 35.590718121787901 ] ], [ [ 139.728131962820441, 35.590632676270999 ], [ 139.726142010782979, 35.591210788155166 ], [ 139.725676480502841, 35.591283207341398 ], [ 139.72545963667261, 35.591332936524161 ], [ 139.724670968473134, 35.591592190867324 ], [ 139.724309364264798, 35.591699225577408 ], [ 139.723935848942034, 35.591745471313402 ], [ 139.723191647328036, 35.591762116825308 ], [ 139.722729720407528, 35.591775212380206 ], [ 139.721170610217541, 35.591893227072099 ], [ 139.718727422294137, 35.591664428001771 ] ] ] } },
{ "type": "Feature", "properties": { "識別id": 575, "利用時間": "09:00-19:00", "制限時間": 60, "手数料": 300, "制限事項1": "日曜・休日を除く", "制限事項2": "１月１日〜３日を除く", "種別": "パーキング・チケット", "普通車": true, "貨物用有り": false, "二輪車": false, "標章車専用有り": false }, "geometry": { "type": "MultiLineString", "coordinates": [ [ [ 139.709784985247438, 35.562732140790636 ], [ 139.710946541742061, 35.562777718406942 ], [ 139.711575929976135, 35.562800887162069 ], [ 139.712307691094281, 35.562779870255156 ], [ 139.713107833506513, 35.562759062625709 ], [ 139.714322859462754, 35.562733783479963 ], [ 139.714966044068518, 35.562713059259586 ] ] ] } },
{ "type": "Feature", "properties": { "識別id": 576, "利用時間": "09:00-19:00", "制限時間": 60, "手数料": 300, "制限事項1": "日曜・休日を除く", "制限事項2": "１月１日〜３日を除く", "種別": "パーキング・チケット", "普通車": true, "貨物用有り": false, "二輪車": false, "標章車専用有り": false }, "geometry": { "type": "MultiLineString", "coordinates": [ [ [ 139.7147824478605, 35.562639095134308 ], [ 139.713181349962525, 35.562679741712891 ], [ 139.711534743505382, 35.562709685469365 ], [ 139.710288682172319, 35.562666097749897 ], [ 139.709535237332659, 35.562635914818564 ] ] ] } },
{ "type": "Feature", "properties": { "識別id": 577, "利用時間": "09:00-19:00", "制限時間": 60, "手数料": 300, "制限事項1": "日曜・休日を除く", "制限事項2": "１月１日〜３日を除く", "種別": "パーキング・メーター", "普通車": true, "貨物用有り": false, "二輪車": false, "標章車専用有り": false }, "geometry": { "type": "MultiLineString", "coordinates": [ [ [ 139.731272464349388, 35.606443706927436 ], [ 139.733176741118285, 35.606455580848753 ] ], [ [ 139.733192505085611, 35.606369847240558 ], [ 139.731300280340406, 35.606356600123064 ] ] ] } },
{ "type": "Feature", "properties": { "識別id": 579, "利用時間": "08:00-20:00", "制限時間": 60, "手数料": 300, "制限事項1": null, "制限事項2": "１月１日〜３日を除く", "種別": "パーキング・メーター", "普通車": true, "貨物用有り": true, "二輪車": false, "標章車専用有り": false }, "geometry": { "type": "MultiLineString", "coordinates": [ [ [ 139.76408918309906, 35.697982313337221 ], [ 139.765600702063978, 35.697463716654823 ] ] ] } },
{ "type": "Feature", "properties": { "識別id": 580, "利用時間": "09:30-19:00", "制限時間": 60, "手数料": 300, "制限事項1": null, "制限事項2": "１月１日〜３日を除く", "種別": "パーキング・メーター", "普通車": true, "貨物用有り": false, "二輪車": false, "標章車専用有り": false }, "geometry": { "type": "MultiLineString", "coordinates": [ [ [ 139.666132693703787, 35.642993107013865 ], [ 139.665506677708152, 35.643123242227297 ], [ 139.665170446685806, 35.64319942380466 ], [ 139.664943579865223, 35.643232889567784 ], [ 139.663520636056489, 35.643258346854267 ], [ 139.663330834207869, 35.643243359722348 ], [ 139.663031703542742, 35.643201768356917 ], [ 139.662552426425862, 35.643120118999477 ], [ 139.662245686077171, 35.643046428941958 ], [ 139.661824499317049, 35.642891251600687 ], [ 139.661351133427104, 35.642718197627602 ], [ 139.661027214666404, 35.642581522777654 ] ], [ [ 139.66099577785954, 35.642642621606278 ], [ 139.661318685658216, 35.642787223804469 ], [ 139.661808518204793, 35.642964376677135 ], [ 139.66220801317948, 35.643100640396199 ], [ 139.662500888287042, 35.64318050640005 ], [ 139.662872980948492, 35.643249676749086 ], [ 139.663260534855254, 35.643310691182393 ], [ 139.663518553716131, 35.643333717631108 ], [ 139.664947764128499, 35.643302220578022 ], [ 139.665170266140649, 35.643270489806945 ], [ 139.665543658584596, 35.643183777647984 ], [ 139.666100263520434, 35.643074667723489 ] ] ] } },
{ "type": "Feature", "properties": { "識別id": 582, "利用時間": "09:00-19:00", "制限時間": 60, "手数料": 300, "制限事項1": "日曜・休日を除く", "制限事項2": "１月１日〜３日を除く", "種別": "パーキング・チケット", "普通車": true, "貨物用有り": false, "二輪車": false, "標章車専用有り": false }, "geometry": { "type": "MultiLineString", "coordinates": [ [ [ 139.679086777245118, 35.645042498034734 ], [ 139.678220662463815, 35.646695652248944 ] ], [ [ 139.67833660594485, 35.646674439029645 ], [ 139.679169460865126, 35.645095193225615 ] ] ] } },
{ "type": "Feature", "properties": { "識別id": 584, "利用時間": "09:00-19:00", "制限時間": 60, "手数料": 300, "制限事項1": "日曜・休日を除く", "制限事項2": "１月１日〜３日を除く", "種別": "パーキング・メーター", "普通車": true, "貨物用有り": false, "二輪車": false, "標章車専用有り": false }, "geometry": { "type": "MultiLineString", "coordinates": [ [ [ 139.716599930570368, 35.635137907406026 ], [ 139.717415183910674, 35.635256799497007 ] ] ] } },
{ "type": "Feature", "properties": { "識別id": 585, "利用時間": "09:00-19:00", "制限時間": 60, "手数料": 300, "制限事項1": "日曜・休日を除く", "制限事項2": "１月１日〜３日を除く", "種別": "パーキング・メーター", "普通車": true, "貨物用有り": false, "二輪車": false, "標章車専用有り": false }, "geometry": { "type": "MultiLineString", "coordinates": [ [ [ 139.728969294705081, 35.625503086708285 ], [ 139.731709995140534, 35.62476515635344 ], [ 139.731957720762949, 35.624589874910299 ], [ 139.732694467383254, 35.623866324115795 ] ], [ [ 139.732685207560422, 35.623722271497805 ], [ 139.731782212872389, 35.624576161927088 ], [ 139.731542844720821, 35.624695318327689 ], [ 139.729061967271775, 35.625386042399342 ] ] ] } },
{ "type": "Feature", "properties": { "識別id": 587, "利用時間": "09:00-19:00", "制限時間": 60, "手数料": 300, "制限事項1": "日曜・休日を除く", "制限事項2": "１月１日〜３日を除く", "種別": "パーキング・チケット", "普通車": true, "貨物用有り": false, "二輪車": false, "標章車専用有り": false }, "geometry": { "type": "MultiLineString", "coordinates": [ [ [ 139.653106845644572, 35.630407890184287 ], [ 139.652677822273972, 35.630453214299635 ], [ 139.652409441398078, 35.630518797350106 ], [ 139.651397085040799, 35.63081922088935 ], [ 139.651323103255237, 35.630864345899951 ], [ 139.650808574889311, 35.631034128944648 ], [ 139.649922323554506, 35.631399249368549 ], [ 139.649542652535843, 35.631522351118349 ], [ 139.648886648623005, 35.631658073354302 ], [ 139.648096819424438, 35.631743908543548 ], [ 139.646949944080916, 35.631734578437374 ], [ 139.645953542584209, 35.631721695842089 ], [ 139.645152518478028, 35.631681366748985 ], [ 139.644336667724701, 35.631564604098806 ], [ 139.643695971436841, 35.631448277294623 ], [ 139.642457840882912, 35.631167258287959 ], [ 139.640664410341572, 35.630596084200235 ], [ 139.640543655041796, 35.630541837740253 ] ], [ [ 139.640513909329314, 35.630605189359983 ], [ 139.640636430355386, 35.630656428575513 ], [ 139.642418526643041, 35.631224405144863 ], [ 139.643526875332782, 35.63150420906701 ], [ 139.644278099326186, 35.631643121877346 ], [ 139.645255000002152, 35.631752995573912 ], [ 139.645949642120769, 35.631791822804246 ], [ 139.646963797436797, 35.631811018171021 ], [ 139.648276995132562, 35.631795426593136 ], [ 139.649218353799029, 35.631666097999819 ], [ 139.649586439807194, 35.631582098266179 ], [ 139.64979439693272, 35.631514766760013 ], [ 139.650250561305512, 35.631345754226359 ], [ 139.650860676131146, 35.631049410453116 ], [ 139.651330428563085, 35.630890367129197 ], [ 139.651423136677749, 35.630885461933168 ], [ 139.651809170801869, 35.63076433556737 ], [ 139.652441422933208, 35.630584693764746 ], [ 139.652926133252635, 35.630504731587479 ], [ 139.653408216730554, 35.630481802586374 ] ] ] } },
{ "type": "Feature", "properties": { "識別id": 589, "利用時間": "09:00-19:00", "制限時間": 60, "手数料": 300, "制限事項1": "日曜・休日を除く", "制限事項2": "１月１日〜３日を除く", "種別": "パーキング・チケット", "普通車": true, "貨物用有り": true, "二輪車": false, "標章車専用有り": false }, "geometry": { "type": "MultiLineString", "coordinates": [ [ [ 139.692524341280773, 35.654882647760317 ], [ 139.691766198347722, 35.655911623813303 ], [ 139.691109301274366, 35.657219435881764 ] ], [ [ 139.691224843502624, 35.65727523999923 ], [ 139.691906142921255, 35.655929407185624 ], [ 139.692661980285806, 35.65490017548931 ] ] ] } },
{ "type": "Feature", "properties": { "識別id": 591, "利用時間": "09:00-19:00", "制限時間": 60, "手数料": 300, "制限事項1": "日曜・休日を除く", "制限事項2": "１月１日〜３日を除く", "種別": "パーキング・チケット", "普通車": true, "貨物用有り": true, "二輪車": false, "標章車専用有り": false }, "geometry": { "type": "MultiLineString", "coordinates": [ [ [ 139.701711349245386, 35.64744117087789 ], [ 139.70111052635815, 35.647800384759435 ], [ 139.700260272089253, 35.648328155075504 ], [ 139.700015344122676, 35.64843451272629 ], [ 139.699517540506776, 35.648601562730605 ], [ 139.699180897454141, 35.648767083186897 ], [ 139.69888114043988, 35.648961974747017 ], [ 139.698094690256028, 35.649565398632483 ], [ 139.696734625726151, 35.650790109324575 ], [ 139.695474494912759, 35.651919852160113 ], [ 139.694494794782173, 35.652789353361428 ], [ 139.693361174054388, 35.653808398764994 ] ], [ [ 139.693506384748787, 35.653844589610792 ], [ 139.693536194077438, 35.653805841492051 ], [ 139.698194210895053, 35.649628984666137 ], [ 139.698959507740653, 35.64905444766984 ], [ 139.699300761242228, 35.648831596698862 ], [ 139.699569454520997, 35.648703871972451 ], [ 139.700060395916779, 35.648539008804256 ], [ 139.700360605382087, 35.648406741537208 ], [ 139.700696203761453, 35.648200650401094 ], [ 139.701718391983007, 35.647570197959922 ] ] ] } },
{ "type": "Feature", "properties": { "識別id": 593, "利用時間": "09:00-19:00", "制限時間": 60, "手数料": 300, "制限事項1": "日曜・休日を除く", "制限事項2": "１月１日〜３日を除く", "種別": "パーキング・チケット", "普通車": true, "貨物用有り": true, "二輪車": false, "標章車専用有り": false }, "geometry": { "type": "MultiLineString", "coordinates": [ [ [ 139.711376013012597, 35.649174338181858 ], [ 139.712898302916244, 35.651570147903541 ], [ 139.713200615537517, 35.652039279826077 ], [ 139.713299444215664, 35.652298512072058 ], [ 139.713652032342452, 35.654233079423193 ], [ 139.713611690486204, 35.654822441578901 ], [ 139.713885506552913, 35.656226357087199 ], [ 139.714055388464601, 35.656609622005888 ], [ 139.714899305924774, 35.658002402098248 ] ], [ [ 139.714989588534053, 35.657931073522235 ], [ 139.71425215320653, 35.656730014250314 ], [ 139.714035034476325, 35.656343775460307 ], [ 139.713903998188556, 35.655800241320648 ], [ 139.713721025311514, 35.654876900305268 ], [ 139.713721362204211, 35.654650946660496 ], [ 139.713754820184505, 35.654233448501117 ], [ 139.713474479258537, 35.652677813640842 ], [ 139.713396411546086, 35.652239752340606 ], [ 139.713088892344189, 35.651650328474418 ], [ 139.712163822644982, 35.650207162582703 ], [ 139.711494556114474, 35.649116633565249 ] ] ] } },
{ "type": "Feature", "properties": { "識別id": 595, "利用時間": "09:00-19:00", "制限時間": 60, "手数料": 300, "制限事項1": "日曜・休日を除く", "制限事項2": "１月１日〜３日を除く", "種別": "パーキング・チケット", "普通車": true, "貨物用有り": false, "二輪車": false, "標章車専用有り": false }, "geometry": { "type": "MultiLineString", "coordinates": [ [ [ 139.720971152461601, 35.643673472231555 ], [ 139.721626317472072, 35.644495531209465 ], [ 139.722473190633849, 35.646684660042176 ], [ 139.722479319712846, 35.646776582028721 ], [ 139.722578551777843, 35.647076597394125 ], [ 139.722692024097228, 35.647489419553004 ] ], [ [ 139.722887706943453, 35.64744027013824 ], [ 139.722763262415242, 35.647066177663532 ], [ 139.721948353454593, 35.644919959426531 ], [ 139.721830579163424, 35.644512218395626 ], [ 139.721553232484894, 35.644102268848556 ], [ 139.721158755382675, 35.643607056524068 ] ] ] } },
{ "type": "Feature", "properties": { "識別id": 597, "利用時間": "07:00-20:00", "制限時間": 60, "手数料": 300, "制限事項1": null, "制限事項2": "１月１日〜３日を除く", "種別": "パーキング・メーター", "普通車": true, "貨物用有り": true, "二輪車": false, "標章車専用有り": false }, "geometry": { "type": "MultiLineString", "coordinates": [ [ [ 139.702297210407664, 35.66443950610374 ], [ 139.702426108925465, 35.664684172678967 ], [ 139.702677425472217, 35.665015458815752 ], [ 139.702999747435712, 35.665377939177795 ], [ 139.704041398521213, 35.666664377214623 ], [ 139.704303045315385, 35.667064818126484 ] ] ] } },
{ "type": "Feature", "properties": { "識別id": 598, "利用時間": "07:00-20:00", "制限時間": 60, "手数料": 300, "制限事項1": null, "制限事項2": "１月１日〜３日を除く", "種別": "パーキング・メーター", "普通車": true, "貨物用有り": true, "二輪車": false, "標章車専用有り": false }, "geometry": { "type": "MultiLineString", "coordinates": [ [ [ 139.704409003720997, 35.667008384359534 ], [ 139.704102378195273, 35.66654355951578 ], [ 139.703106307875544, 35.665322768453244 ], [ 139.702579047561159, 35.664620958121532 ], [ 139.702310752853407, 35.66404233496214 ], [ 139.7022401161679, 35.663719056464053 ] ] ] } },
{ "type": "Feature", "properties": { "識別id": 599, "利用時間": "09:00-19:00", "制限時間": 60, "手数料": 300, "制限事項1": "日曜・休日を除く", "制限事項2": "１月１日〜３日を除く", "種別": "パーキング・チケット", "普通車": true, "貨物用有り": true, "二輪車": false, "標章車専用有り": false }, "geometry": { "type": "MultiLineString", "coordinates": [ [ [ 139.739864702619968, 35.715504444444143 ], [ 139.739969903061052, 35.715568383370581 ], [ 139.741925423125878, 35.716680296767507 ], [ 139.742682796582017, 35.716997334125544 ], [ 139.742849087717275, 35.717048816563299 ], [ 139.744096825097387, 35.717362187030517 ] ], [ [ 139.744186044133045, 35.717150295292306 ], [ 139.743075229880191, 35.716867882165062 ], [ 139.742862941187298, 35.716807618785175 ], [ 139.74207865108221, 35.716494907762034 ], [ 139.740154180673613, 35.715393232501462 ], [ 139.740044821484673, 35.715332976090536 ] ] ] } },
{ "type": "Feature", "properties": { "識別id": 601, "利用時間": "09:00-19:00", "制限時間": 60, "手数料": 300, "制限事項1": null, "制限事項2": "１月１日〜３日を除く", "種別": "パーキング・メーター", "普通車": true, "貨物用有り": true, "二輪車": false, "標章車専用有り": false }, "geometry": { "type": "MultiLineString", "coordinates": [ [ [ 139.766777403375841, 35.702873476471716 ], [ 139.769477787393328, 35.703047970745693 ] ], [ [ 139.769378549509241, 35.702898353190847 ], [ 139.766867142163846, 35.702740466568464 ], [ 139.766695835065434, 35.702740371852101 ] ] ] } },
{ "type": "Feature", "properties": { "識別id": 605, "利用時間": "09:00-19:00", "制限時間": 60, "手数料": 300, "制限事項1": "日曜・休日を除く", "制限事項2": "１月１日〜３日を除く", "種別": "パーキング・チケット", "普通車": true, "貨物用有り": true, "二輪車": false, "標章車専用有り": false }, "geometry": { "type": "MultiLineString", "coordinates": [ [ [ 139.720520458619461, 35.689234784813522 ], [ 139.720677511540714, 35.689427449976691 ], [ 139.721833796304253, 35.690372899173425 ], [ 139.723201035403662, 35.691619798328006 ] ] ] } },
{ "type": "Feature", "properties": { "識別id": 606, "利用時間": "09:00-19:00", "制限時間": 60, "手数料": 300, "制限事項1": "日曜・休日を除く", "制限事項2": "１月１日〜３日を除く", "種別": "パーキング・チケット", "普通車": true, "貨物用有り": true, "二輪車": false, "標章車専用有り": false }, "geometry": { "type": "MultiLineString", "coordinates": [ [ [ 139.722987716735304, 35.691229025340547 ], [ 139.721798299962956, 35.690149044445484 ], [ 139.720713954728495, 35.689251130619759 ] ] ] } },
{ "type": "Feature", "properties": { "識別id": 607, "利用時間": "09:00-20:00", "制限時間": 60, "手数料": 300, "制限事項1": "日曜・休日を除く", "制限事項2": "１月１日〜３日を除く", "種別": "パーキング・チケット", "普通車": true, "貨物用有り": true, "二輪車": false, "標章車専用有り": false }, "geometry": { "type": "MultiLineString", "coordinates": [ [ [ 139.705074030986026, 35.713556173542358 ], [ 139.70524734895082, 35.714575502095286 ] ], [ [ 139.705309714274819, 35.71453937858859 ], [ 139.705144516209856, 35.713546857875997 ] ] ] } },
{ "type": "Feature", "properties": { "識別id": 609, "利用時間": "09:00-19:00", "制限時間": 60, "手数料": 300, "制限事項1": "日曜・休日を除く", "制限事項2": "１月１日〜３日を除く", "種別": "パーキング・チケット", "普通車": true, "貨物用有り": false, "二輪車": false, "標章車専用有り": false }, "geometry": { "type": "MultiLineString", "coordinates": [ [ [ 139.703506603485607, 35.709328633890841 ], [ 139.704903102713644, 35.708997161035064 ], [ 139.706107646247034, 35.708821322682581 ], [ 139.707161464315334, 35.708527110256334 ], [ 139.70745285057356, 35.708495013330307 ], [ 139.709046390175132, 35.708475187199546 ] ], [ [ 139.708981113221398, 35.708396513744425 ], [ 139.708065953312996, 35.708411673901608 ], [ 139.707441501176277, 35.708400299809114 ], [ 139.70698241704693, 35.708463993011769 ], [ 139.706218548837541, 35.708656460868212 ], [ 139.704756849151892, 35.708848191971612 ], [ 139.703368105860648, 35.709157935291017 ] ] ] } },
{ "type": "Feature", "properties": { "識別id": 611, "利用時間": "09:00-19:00", "制限時間": 60, "手数料": 300, "制限事項1": "日曜・休日を除く", "制限事項2": "１月１日〜３日を除く", "種別": "パーキング・チケット", "普通車": true, "貨物用有り": true, "二輪車": false, "標章車専用有り": false }, "geometry": { "type": "MultiLineString", "coordinates": [ [ [ 139.709252126269746, 35.708460912458079 ], [ 139.710297803879939, 35.708424440621819 ], [ 139.712054606734881, 35.70812041262559 ], [ 139.714779871763568, 35.707581021412317 ], [ 139.715140232236479, 35.707490562944514 ], [ 139.715717878401847, 35.707186196574249 ], [ 139.716298169195227, 35.706762325104854 ], [ 139.716801280993167, 35.70655775986971 ], [ 139.717389676689862, 35.706455901010706 ], [ 139.718044285731395, 35.706451136769488 ], [ 139.718644782315124, 35.706618625517436 ] ], [ [ 139.718768283219163, 35.706582004812738 ], [ 139.718426464765514, 35.706474401431265 ], [ 139.718020671222945, 35.706367206346229 ], [ 139.717247206313061, 35.706387847070872 ], [ 139.716624229829819, 35.706526263016933 ], [ 139.716205612520952, 35.706712748960065 ], [ 139.715553394412126, 35.707184466732024 ], [ 139.71510327042418, 35.707394439978522 ], [ 139.712462132696146, 35.707966571593715 ], [ 139.710466651837635, 35.708340565330865 ], [ 139.709307099807745, 35.708371615790284 ] ] ] } },
{ "type": "Feature", "properties": { "識別id": 613, "利用時間": "09:00-19:00", "制限時間": 60, "手数料": 300, "制限事項1": "日曜・休日を除く", "制限事項2": "１月１日〜３日を除く", "種別": "パーキング・メーター", "普通車": true, "貨物用有り": true, "二輪車": false, "標章車専用有り": false }, "geometry": { "type": "MultiLineString", "coordinates": [ [ [ 139.742707125346328, 35.707826548009436 ], [ 139.742608363715675, 35.707859024715539 ], [ 139.742300123710237, 35.707925532698354 ], [ 139.741439059988096, 35.708061106282059 ], [ 139.740736498793069, 35.708150894952368 ], [ 139.73977081610434, 35.708303826683036 ], [ 139.73963683025849, 35.70831998447504 ], [ 139.738660811991224, 35.708451189686897 ], [ 139.735905187565834, 35.708880863144529 ], [ 139.735719458366077, 35.708906310796507 ], [ 139.735286099818609, 35.708941998913623 ], [ 139.734875321961709, 35.708994546775351 ], [ 139.734708454797868, 35.709033142021141 ], [ 139.734565230951432, 35.709073273971114 ], [ 139.734346907982228, 35.709150761192539 ], [ 139.73422460500953, 35.709200012236742 ], [ 139.733984120428346, 35.709295212934457 ], [ 139.733837303715546, 35.709352440841421 ], [ 139.733578427663332, 35.709465132308672 ], [ 139.733473043208164, 35.709503505530712 ], [ 139.733337271616222, 35.70956172167957 ], [ 139.733226102831395, 35.709607153122029 ], [ 139.732697383024913, 35.709825431450277 ], [ 139.732397091690189, 35.709946824212146 ], [ 139.732113720043969, 35.71002259515118 ], [ 139.73192144802286, 35.710055292762611 ], [ 139.731736764542205, 35.710058902561066 ] ] ] } },
{ "type": "Feature", "properties": { "識別id": 614, "利用時間": "09:00-19:00", "制限時間": 60, "手数料": 300, "制限事項1": "日曜・休日を除く", "制限事項2": "１月１日〜３日を除く", "種別": "パーキング・メーター", "普通車": true, "貨物用有り": true, "二輪車": false, "標章車専用有り": false }, "geometry": { "type": "MultiLineString", "coordinates": [ [ [ 139.72679998032865, 35.704660735353947 ], [ 139.725132340359806, 35.70531480774396 ], [ 139.721760148469798, 35.705682343998824 ], [ 139.720292131172528, 35.705825926684923 ] ], [ [ 139.720151007588754, 35.705958217157345 ], [ 139.721967857107273, 35.705772019180912 ], [ 139.725066642981488, 35.705458284854522 ], [ 139.726796967874947, 35.70481620015201 ] ] ] } },
{ "type": "Feature", "properties": { "識別id": 616, "利用時間": "09:00-19:00", "制限時間": 60, "手数料": 300, "制限事項1": "日曜・休日を除く", "制限事項2": "１月１日〜３日を除く", "種別": "パーキング・メーター", "普通車": true, "貨物用有り": true, "二輪車": false, "標章車専用有り": false }, "geometry": { "type": "MultiLineString", "coordinates": [ [ [ 139.727235766572562, 35.704772834197669 ], [ 139.730207950994242, 35.704867215998078 ] ], [ [ 139.730391477722065, 35.704778019444376 ], [ 139.727061279276796, 35.704662390086995 ] ] ] } },
{ "type": "Feature", "properties": { "識別id": 618, "利用時間": "09:00-19:00", "制限時間": 60, "手数料": 300, "制限事項1": "日曜・休日を除く", "制限事項2": "１月１日〜３日を除く", "種別": "パーキング・メーター", "普通車": true, "貨物用有り": true, "二輪車": false, "標章車専用有り": false }, "geometry": { "type": "MultiLineString", "coordinates": [ [ [ 139.726921751380615, 35.704893952933084 ], [ 139.726979346010211, 35.706150796884096 ], [ 139.72683282558981, 35.707391352829596 ] ], [ [ 139.727034678166689, 35.707346788353846 ], [ 139.72720083422692, 35.70606992875895 ], [ 139.727138669054085, 35.704829912019392 ] ] ] } },
{ "type": "Feature", "properties": { "識別id": 620, "利用時間": "09:00-19:00", "制限時間": 60, "手数料": 300, "制限事項1": null, "制限事項2": "１月１日〜３日を除く", "種別": "パーキング・メーター", "普通車": true, "貨物用有り": true, "二輪車": false, "標章車専用有り": false }, "geometry": { "type": "MultiLineString", "coordinates": [ [ [ 139.707756328381237, 35.730202344546043 ], [ 139.707253785327623, 35.729219100545862 ] ] ] } },
{ "type": "Feature", "properties": { "識別id": 621, "利用時間": "09:00-19:00", "制限時間": 60, "手数料": 300, "制限事項1": "日曜・休日を除く", "制限事項2": "１月１日〜３日を除く", "種別": "パーキング・チケット", "普通車": true, "貨物用有り": false, "二輪車": false, "標章車専用有り": false }, "geometry": { "type": "MultiLineString", "coordinates": [ [ [ 139.788058769461486, 35.690972626792039 ], [ 139.787828144280979, 35.691670148021167 ], [ 139.787683211303403, 35.692254539261235 ], [ 139.787597399675946, 35.692924609776078 ], [ 139.787609975685399, 35.693938717939922 ] ] ] } },
{ "type": "Feature", "properties": { "識別id": 622, "利用時間": "09:00-19:00", "制限時間": 60, "手数料": 300, "制限事項1": "日曜・休日を除く", "制限事項2": "１月１日〜３日を除く", "種別": "パーキング・メーター", "普通車": true, "貨物用有り": false, "二輪車": false, "標章車専用有り": false }, "geometry": { "type": "MultiLineString", "coordinates": [ [ [ 139.718003051681933, 35.635258992041841 ], [ 139.716780186814191, 35.635069921014185 ] ] ] } },
{ "type": "Feature", "properties": { "識別id": 625, "利用時間": "09:00-19:00", "制限時間": 60, "手数料": 300, "制限事項1": "日曜・休日を除く", "制限事項2": "１月１日〜３日を除く", "種別": "パーキング・チケット", "普通車": true, "貨物用有り": true, "二輪車": false, "標章車専用有り": false }, "geometry": { "type": "MultiLineString", "coordinates": [ [ [ 139.730757019088088, 35.704938596540323 ], [ 139.730774239242947, 35.705038492419185 ], [ 139.730816774219676, 35.705290715882107 ], [ 139.731147893890437, 35.707279072264853 ], [ 139.731165320237665, 35.707500335991796 ], [ 139.731225592109382, 35.707846549973915 ], [ 139.731241598457586, 35.707948620926793 ], [ 139.731303985893106, 35.708325002116574 ], [ 139.731333267770253, 35.708498622964122 ], [ 139.731364388437385, 35.708652793173719 ], [ 139.731476517524811, 35.709299280622197 ], [ 139.731510851991487, 35.709520334499246 ], [ 139.731513299071622, 35.709612352495014 ] ], [ [ 139.731679086904364, 35.709726565150731 ], [ 139.731677782728298, 35.709616665361828 ], [ 139.731669906679201, 35.709554946031517 ], [ 139.731626427623581, 35.709222985312088 ], [ 139.731582357595016, 35.709018922169179 ], [ 139.731563434879064, 35.708915952915 ], [ 139.731541861542695, 35.708759378757129 ], [ 139.731477367975799, 35.708389104632367 ], [ 139.731463171488286, 35.708335444973315 ], [ 139.731410196482614, 35.708004382339453 ], [ 139.731387373895586, 35.707842147480129 ], [ 139.731328872905834, 35.707515789929985 ], [ 139.731317055981862, 35.707443905444443 ], [ 139.731296609145915, 35.707279934523413 ], [ 139.731268362824579, 35.707125899310391 ], [ 139.731250246124318, 35.707041871680097 ], [ 139.73115268004085, 35.70645161803639 ], [ 139.73100646798602, 35.705600715344247 ], [ 139.730991868590934, 35.705522957129624 ], [ 139.730908230162242, 35.70502559445692 ] ] ] } },
{ "type": "Feature", "properties": { "識別id": 627, "利用時間": "09:00-19:00", "制限時間": 60, "手数料": 300, "制限事項1": "日曜・休日を除く", "制限事項2": "１月１日〜３日を除く", "種別": "パーキング・チケット", "普通車": true, "貨物用有り": true, "二輪車": false, "標章車専用有り": false }, "geometry": { "type": "MultiLineString", "coordinates": [ [ [ 139.69422, 35.70957 ], [ 139.69504, 35.70933 ], [ 139.69599, 35.70905 ], [ 139.69647, 35.70891 ], [ 139.6967, 35.70885 ], [ 139.69682, 35.70882 ], [ 139.69689, 35.70881 ], [ 139.69695, 35.7088 ], [ 139.69719, 35.70875 ], [ 139.69736, 35.70873 ], [ 139.6975, 35.70872 ], [ 139.69784, 35.70871 ], [ 139.69813, 35.70873 ], [ 139.69828, 35.70874 ], [ 139.69843, 35.70877 ], [ 139.69877, 35.70884 ], [ 139.69909, 35.70895 ], [ 139.69909, 35.70895 ] ], [ [ 139.69888, 35.7088 ], [ 139.6988, 35.70878 ], [ 139.69874, 35.70876 ], [ 139.698718658895501, 35.708754355877275 ], [ 139.6987, 35.70875 ], [ 139.69867, 35.70874 ], [ 139.69862, 35.70873 ], [ 139.69856, 35.70872 ], [ 139.69852, 35.70871 ], [ 139.69848, 35.7087 ], [ 139.69833, 35.70868 ], [ 139.69796, 35.70865 ], [ 139.6978, 35.70864 ], [ 139.69764, 35.70864 ], [ 139.69733, 35.70867 ], [ 139.69712, 35.70869 ], [ 139.69672, 35.70877 ], [ 139.69557, 35.70909 ], [ 139.69427, 35.70945 ] ] ] } },
{ "type": "Feature", "properties": { "識別id": 631, "利用時間": "09:00-19:00", "制限時間": 60, "手数料": 300, "制限事項1": "日曜・休日を除く", "制限事項2": "１月１日〜３日を除く", "種別": "パーキング・チケット", "普通車": true, "貨物用有り": false, "二輪車": false, "標章車専用有り": false }, "geometry": { "type": "MultiLineString", "coordinates": [ [ [ 139.721976365937707, 35.723806306067544 ], [ 139.721480009058837, 35.724120772288082 ], [ 139.720896386891098, 35.724494680759307 ], [ 139.720145159107574, 35.724961062107418 ] ], [ [ 139.720328733092515, 35.725247599641442 ], [ 139.72215395279099, 35.724084373944393 ] ] ] } },
{ "type": "Feature", "properties": { "識別id": 633, "利用時間": "09:00-19:00", "制限時間": 60, "手数料": 300, "制限事項1": "土・日曜、休日を除く", "制限事項2": "１月１日〜３日を除く", "種別": "パーキング・チケット", "普通車": true, "貨物用有り": true, "二輪車": false, "標章車専用有り": false }, "geometry": { "type": "MultiLineString", "coordinates": [ [ [ 139.715217939781212, 35.74666656560273 ], [ 139.716032708047692, 35.747859062826301 ], [ 139.716295191212879, 35.748229188873772 ], [ 139.716512903907727, 35.748464040606052 ] ] ] } },
{ "type": "Feature", "properties": { "識別id": 634, "利用時間": "09:00-19:00", "制限時間": 60, "手数料": 300, "制限事項1": "土・日曜、休日を除く", "制限事項2": "１月１日〜３日を除く", "種別": "パーキング・チケット", "普通車": true, "貨物用有り": false, "二輪車": false, "標章車専用有り": false }, "geometry": { "type": "MultiLineString", "coordinates": [ [ [ 139.717124762559735, 35.748991027759011 ], [ 139.717020119370574, 35.748841334346729 ], [ 139.716401973442004, 35.748244857975223 ], [ 139.71539603714271, 35.746809824780108 ] ] ] } },
{ "type": "Feature", "properties": { "識別id": 635, "利用時間": "09:00-19:00", "制限時間": 60, "手数料": 300, "制限事項1": "日曜・休日を除く", "制限事項2": "１月１日〜３日を除く", "種別": "パーキング・チケット", "普通車": true, "貨物用有り": true, "二輪車": false, "標章車専用有り": false }, "geometry": { "type": "MultiLineString", "coordinates": [ [ [ 139.738746873835623, 35.759154022339239 ], [ 139.74198453147406, 35.759047830266994 ], [ 139.743340203434883, 35.758922063798998 ] ], [ [ 139.743305650449628, 35.758813134870429 ], [ 139.741764019498476, 35.758938823673979 ], [ 139.738762747575123, 35.759039181218817 ] ] ] } },
{ "type": "Feature", "properties": { "識別id": 637, "利用時間": "09:00-19:00", "制限時間": 60, "手数料": 300, "制限事項1": "日曜・休日を除く", "制限事項2": "１月１日〜３日を除く", "種別": "パーキング・チケット", "普通車": true, "貨物用有り": true, "二輪車": false, "標章車専用有り": false }, "geometry": { "type": "MultiLineString", "coordinates": [ [ [ 139.780685750452761, 35.717358945028913 ], [ 139.780640362038469, 35.717443426914372 ], [ 139.780481639402126, 35.719077147490545 ], [ 139.780907994453798, 35.719982587598651 ], [ 139.781216948761028, 35.72059999275718 ] ], [ [ 139.781321642577666, 35.72050489526039 ], [ 139.78064345704837, 35.719165883124155 ], [ 139.780776204529815, 35.717821752230968 ], [ 139.780802939599994, 35.717502693135756 ], [ 139.780883629457605, 35.717404102014903 ] ] ] } },
{ "type": "Feature", "properties": { "識別id": 639, "利用時間": "09:00-19:00", "制限時間": 60, "手数料": 300, "制限事項1": "土・日曜、休日を除く", "制限事項2": "１月１日〜３日を除く", "種別": "パーキング・チケット", "普通車": true, "貨物用有り": true, "二輪車": false, "標章車専用有り": false }, "geometry": { "type": "MultiLineString", "coordinates": [ [ [ 139.701702640691963, 35.74976977404269 ], [ 139.702511211422888, 35.750162157556531 ], [ 139.703497261731826, 35.750474189525576 ], [ 139.704024616703066, 35.750603774228708 ], [ 139.706809099418535, 35.751863283160461 ], [ 139.7073406473815, 35.752077950176499 ], [ 139.708307047987745, 35.752234407477829 ] ], [ [ 139.708290373459533, 35.752123320312677 ], [ 139.707538468409069, 35.752036497072467 ], [ 139.707115322030972, 35.751901247527996 ], [ 139.70406857315885, 35.750529170512927 ], [ 139.702666487011413, 35.750125022472616 ], [ 139.701737806252453, 35.749699534475866 ] ] ] } },
{ "type": "Feature", "properties": { "識別id": 641, "利用時間": "09:00-19:00", "制限時間": 60, "手数料": 300, "制限事項1": "土・日曜、休日を除く", "制限事項2": "１月１日〜３日を除く", "種別": "パーキング・チケット", "普通車": true, "貨物用有り": true, "二輪車": false, "標章車専用有り": false }, "geometry": { "type": "MultiLineString", "coordinates": [ [ [ 139.747853924083614, 35.743000670542322 ], [ 139.750079518917147, 35.742433364884029 ], [ 139.752516259259778, 35.741517260402979 ], [ 139.753154634165583, 35.741287058552416 ], [ 139.753457856227385, 35.741136860978337 ], [ 139.753623383238391, 35.741083008703015 ] ], [ [ 139.753533142450806, 35.740949312450695 ], [ 139.753410538578493, 35.740991303091199 ], [ 139.753325007473791, 35.741076982888991 ], [ 139.750990716912327, 35.741972831002187 ], [ 139.749942642394927, 35.742353512651626 ], [ 139.7478343102743, 35.742889021161453 ] ] ] } },
{ "type": "Feature", "properties": { "識別id": 643, "利用時間": "09:00-19:00", "制限時間": 60, "手数料": 300, "制限事項1": "日曜・休日を除く", "制限事項2": "１月１日〜３日を除く", "種別": "パーキング・チケット", "普通車": true, "貨物用有り": false, "二輪車": false, "標章車専用有り": false }, "geometry": { "type": "MultiLineString", "coordinates": [ [ [ 139.708031587788696, 35.697958779539377 ], [ 139.708920759834371, 35.697825416440317 ], [ 139.709507062423228, 35.697783036482534 ] ] ] } },
{ "type": "Feature", "properties": { "識別id": 644, "利用時間": "09:00-19:00", "制限時間": 60, "手数料": 300, "制限事項1": "日曜・休日を除く", "制限事項2": "１月１日〜３日を除く", "種別": "パーキング・チケット", "普通車": true, "貨物用有り": true, "二輪車": false, "標章車専用有り": false }, "geometry": { "type": "MultiLineString", "coordinates": [ [ [ 139.712653559608981, 35.697670007122717 ], [ 139.712008765529049, 35.697647889712044 ], [ 139.710574462813469, 35.697624967401268 ], [ 139.709114390693344, 35.69765029330015 ], [ 139.707963202516169, 35.697799316424977 ] ] ] } },
{ "type": "Feature", "properties": { "識別id": 645, "利用時間": "09:00-19:00", "制限時間": 60, "手数料": 300, "制限事項1": "日曜・休日を除く", "制限事項2": "１月１日〜３日を除く", "種別": "パーキング・メーター", "普通車": true, "貨物用有り": true, "二輪車": false, "標章車専用有り": false }, "geometry": { "type": "MultiLineString", "coordinates": [ [ [ 139.787995760960541, 35.706494860170565 ], [ 139.788073748356936, 35.708250275694752 ], [ 139.788191137206667, 35.710172123946677 ] ], [ [ 139.788307293771283, 35.710156935401976 ], [ 139.788183463052775, 35.707971945155798 ], [ 139.788111893533198, 35.706495594672596 ] ] ] } },
{ "type": "Feature", "properties": { "識別id": 647, "利用時間": "09:00-19:00", "制限時間": 60, "手数料": 300, "制限事項1": null, "制限事項2": "１月１日〜３日を除く", "種別": "パーキング・メーター", "普通車": true, "貨物用有り": true, "二輪車": false, "標章車専用有り": false }, "geometry": { "type": "MultiLineString", "coordinates": [ [ [ 139.798666883542381, 35.715651511273464 ], [ 139.798430279258724, 35.714765607142951 ], [ 139.798075456171176, 35.713342926461983 ], [ 139.797910984103567, 35.712747434753837 ], [ 139.797852061520672, 35.711909753141221 ] ] ] } },
{ "type": "Feature", "properties": { "識別id": 648, "利用時間": "09:00-19:00", "制限時間": 60, "手数料": 300, "制限事項1": "日曜・休日を除く", "制限事項2": "１月１日〜３日を除く", "種別": "パーキング・チケット", "普通車": true, "貨物用有り": false, "二輪車": false, "標章車専用有り": false }, "geometry": { "type": "MultiLineString", "coordinates": [ [ [ 139.766065031448534, 35.682759684105569 ], [ 139.766834671943741, 35.683106115485664 ], [ 139.766914542747202, 35.683192421361504 ], [ 139.767008262710362, 35.683331102548479 ], [ 139.767446652409717, 35.684198254058288 ] ], [ [ 139.767651238237619, 35.684121789639001 ], [ 139.767156304946383, 35.683165477244238 ], [ 139.767078417767408, 35.683066632449538 ], [ 139.7669925290175, 35.6829843179219 ], [ 139.76678771880583, 35.682861877227175 ], [ 139.76625008906052, 35.682608840386365 ], [ 139.766125035765072, 35.682569309542366 ] ] ] } },
{ "type": "Feature", "properties": { "識別id": 650, "利用時間": "09:00-19:00", "制限時間": 60, "手数料": 300, "制限事項1": "日曜・休日を除く", "制限事項2": "１月１日〜３日を除く", "種別": "パーキング・チケット", "普通車": true, "貨物用有り": true, "二輪車": false, "標章車専用有り": false }, "geometry": { "type": "MultiLineString", "coordinates": [ [ [ 139.767719320903211, 35.684539236216942 ], [ 139.768328200142975, 35.686203167281704 ] ], [ [ 139.768460888806942, 35.686236790849698 ], [ 139.768334706314562, 35.685858207381543 ], [ 139.76814051773755, 35.685358459388858 ], [ 139.767818045318592, 35.684490267628853 ] ] ] } },
{ "type": "Feature", "properties": { "識別id": 652, "利用時間": "09:00-19:00", "制限時間": 60, "手数料": 300, "制限事項1": "日曜・休日を除く", "制限事項2": "１月１日〜３日を除く", "種別": "パーキング・メーター", "普通車": true, "貨物用有り": true, "二輪車": false, "標章車専用有り": false }, "geometry": { "type": "MultiLineString", "coordinates": [ [ [ 139.78738074754429, 35.68472715072523 ], [ 139.787925009404717, 35.68396562092682 ], [ 139.788174619213464, 35.683649202855015 ], [ 139.788639627690202, 35.68305891060141 ] ] ] } },
{ "type": "Feature", "properties": { "識別id": 653, "利用時間": "09:00-19:00", "制限時間": 60, "手数料": 300, "制限事項1": "日曜・休日を除く", "制限事項2": "１月１日〜３日を除く", "種別": "パーキング・メーター", "普通車": true, "貨物用有り": false, "二輪車": false, "標章車専用有り": false }, "geometry": { "type": "MultiLineString", "coordinates": [ [ [ 139.78844261918465, 35.682979672821475 ], [ 139.787703333088217, 35.683911641765789 ], [ 139.786940344997646, 35.684903833080689 ] ] ] } },
{ "type": "Feature", "properties": { "識別id": 654, "利用時間": "09:30-19:00", "制限時間": 60, "手数料": 300, "制限事項1": "日曜・休日を除く", "制限事項2": "１月１日〜３日を除く", "種別": "パーキング・メーター", "普通車": true, "貨物用有り": true, "二輪車": false, "標章車専用有り": false }, "geometry": { "type": "MultiLineString", "coordinates": [ [ [ 139.779405125162953, 35.660638264667668 ], [ 139.781134429635529, 35.661852318564783 ], [ 139.782916345657412, 35.663136142570472 ], [ 139.784318698396618, 35.664135325460698 ] ], [ [ 139.784425147535444, 35.663984758670132 ], [ 139.782323286415163, 35.662483754791154 ], [ 139.78087084004045, 35.66143092897007 ], [ 139.779569017688459, 35.660501647444796 ] ] ] } },
{ "type": "Feature", "properties": { "識別id": 660, "利用時間": "09:00-19:00", "制限時間": 60, "手数料": 300, "制限事項1": "日曜・休日を除く", "制限事項2": "１月１日〜３日を除く", "種別": "パーキング・チケット", "普通車": true, "貨物用有り": false, "二輪車": false, "標章車専用有り": false }, "geometry": { "type": "MultiLineString", "coordinates": [ [ [ 139.719554220674013, 35.562894855255493 ], [ 139.720731328976171, 35.562877109162883 ], [ 139.721221925479057, 35.562856619256749 ], [ 139.724233499255689, 35.562773111201025 ] ], [ [ 139.724140035589215, 35.562647665657373 ], [ 139.722634750137871, 35.56269783336738 ], [ 139.721144689385369, 35.56273956503999 ], [ 139.720444133069122, 35.562769862867029 ], [ 139.719806117441919, 35.562768652266278 ] ] ] } },
{ "type": "Feature", "properties": { "識別id": 662, "利用時間": "09:00-19:00", "制限時間": 60, "手数料": 300, "制限事項1": "日曜・休日を除く", "制限事項2": "１月１日〜３日を除く", "種別": "パーキング・チケット", "普通車": true, "貨物用有り": false, "二輪車": false, "標章車専用有り": false }, "geometry": { "type": "MultiLineString", "coordinates": [ [ [ 139.700791198905648, 35.643115977923948 ], [ 139.701239080344862, 35.644253536841902 ], [ 139.701307333228641, 35.644631823031894 ], [ 139.701398862901186, 35.645889988730524 ], [ 139.701473096074949, 35.646103145766332 ] ], [ [ 139.701676926896283, 35.646063099120816 ], [ 139.701589282427079, 35.645868114834258 ], [ 139.701485515676211, 35.644420587893819 ], [ 139.700858089889977, 35.642795411872775 ] ] ] } },
{ "type": "Feature", "properties": { "識別id": 664, "利用時間": "09:00-19:00", "制限時間": 60, "手数料": 300, "制限事項1": null, "制限事項2": "１月１日〜３日を除く", "種別": "パーキング・メーター", "普通車": true, "貨物用有り": true, "二輪車": false, "標章車専用有り": false }, "geometry": { "type": "MultiLineString", "coordinates": [ [ [ 139.699656202931408, 35.733141491371178 ], [ 139.70064506822979, 35.73293839990442 ], [ 139.701160167606787, 35.732906663365874 ], [ 139.703425388145973, 35.732949983497747 ], [ 139.703747251067824, 35.732918814369846 ], [ 139.704074517151867, 35.732862002977207 ], [ 139.704459295184478, 35.732742205473741 ], [ 139.70481746261251, 35.732582503732054 ], [ 139.705818530468889, 35.732118006741452 ], [ 139.706082118217552, 35.732038619192771 ], [ 139.706313542717311, 35.731983848976917 ], [ 139.706880027947562, 35.731855591981464 ] ], [ [ 139.706772185486187, 35.731771770038677 ], [ 139.706122961098771, 35.731929422410417 ] ], [ [ 139.705616482272205, 35.732093029908214 ], [ 139.704516633262386, 35.732605249249943 ], [ 139.704255204898971, 35.732702681253926 ], [ 139.703893528817957, 35.73279611714662 ], [ 139.703503530163601, 35.732846688351458 ], [ 139.703053067420456, 35.732847676505457 ], [ 139.702544834588821, 35.732836820257056 ], [ 139.701313840008794, 35.732813090074821 ], [ 139.700819251606077, 35.732822308045584 ], [ 139.700491176484491, 35.732864736676646 ], [ 139.699615659867135, 35.73304082941187 ] ] ] } },
{ "type": "Feature", "properties": { "識別id": 667, "利用時間": "09:00-19:00", "制限時間": 60, "手数料": 300, "制限事項1": "日曜・休日を除く", "制限事項2": "１月１日〜３日を除く", "種別": "パーキング・チケット", "普通車": true, "貨物用有り": true, "二輪車": false, "標章車専用有り": false }, "geometry": { "type": "MultiLineString", "coordinates": [ [ [ 139.652707464942921, 35.792003134486365 ], [ 139.65001, 35.79253 ] ], [ [ 139.65003, 35.79261 ], [ 139.652844753303526, 35.792062675123795 ] ] ] } },
{ "type": "Feature", "properties": { "識別id": 669, "利用時間": "09:00-19:00", "制限時間": 60, "手数料": 300, "制限事項1": "土・日曜、休日を除く", "制限事項2": "１月１日〜３日を除く", "種別": "パーキング・メーター", "普通車": true, "貨物用有り": true, "二輪車": false, "標章車専用有り": false }, "geometry": { "type": "MultiLineString", "coordinates": [ [ [ 139.797936751512367, 35.732632025360132 ], [ 139.797614280488204, 35.733867013120232 ], [ 139.797438417485409, 35.734453973940091 ], [ 139.797028079321905, 35.735899718676237 ], [ 139.796839467363725, 35.736528239320087 ], [ 139.796783193880287, 35.736558801751471 ] ], [ [ 139.796845032090175, 35.736631063583069 ], [ 139.796925205072284, 35.736561080474758 ], [ 139.797018148310912, 35.736300952518668 ], [ 139.797651137120312, 35.734094006224979 ], [ 139.798014584453057, 35.732714178135723 ] ] ] } },
{ "type": "Feature", "properties": { "識別id": 671, "利用時間": "09:00-19:00", "制限時間": 60, "手数料": 300, "制限事項1": "日曜・休日を除く", "制限事項2": "１月１日〜３日を除く", "種別": "パーキング・メーター", "普通車": true, "貨物用有り": false, "二輪車": false, "標章車専用有り": false }, "geometry": { "type": "MultiLineString", "coordinates": [ [ [ 139.872911138219422, 35.663755180387433 ], [ 139.871630399348021, 35.663812057772205 ] ] ] } },
{ "type": "Feature", "properties": { "識別id": 672, "利用時間": "09:00-19:00", "制限時間": 60, "手数料": 300, "制限事項1": null, "制限事項2": "１月１日〜３日を除く", "種別": "パーキング・チケット", "普通車": true, "貨物用有り": false, "二輪車": false, "標章車専用有り": false }, "geometry": { "type": "MultiLineString", "coordinates": [ [ [ 139.494532252105273, 35.66974044018221 ], [ 139.493907725741366, 35.669918624000751 ], [ 139.493814056348555, 35.669920736160151 ], [ 139.492779768846702, 35.670209187737484 ] ], [ [ 139.492803805827151, 35.670286730767458 ], [ 139.493830544671823, 35.670000679089299 ], [ 139.493917709650674, 35.669952194871193 ], [ 139.49453341464374, 35.669775930763407 ] ] ] } },
{ "type": "Feature", "properties": { "識別id": 674, "利用時間": "09:00-19:00", "制限時間": 60, "手数料": 300, "制限事項1": "日曜・休日を除く", "制限事項2": "１月１日〜３日を除く", "種別": "パーキング・メーター", "普通車": true, "貨物用有り": true, "二輪車": false, "標章車専用有り": false }, "geometry": { "type": "MultiLineString", "coordinates": [ [ [ 139.739714451811011, 35.655866592361342 ], [ 139.741879331844189, 35.655277694541873 ], [ 139.742031844703064, 35.655239937538312 ], [ 139.745006291073651, 35.655000490511327 ] ], [ [ 139.744989247023852, 35.654825126414238 ], [ 139.743035353596184, 35.655027687571071 ], [ 139.741872123828443, 35.655128710327325 ], [ 139.739695388745758, 35.6557387022076 ] ] ] } },
{ "type": "Feature", "properties": { "識別id": 676, "利用時間": "09:30-19:00", "制限時間": 60, "手数料": 300, "制限事項1": "日曜・休日を除く", "制限事項2": "１月１日〜３日を除く", "種別": "パーキング・メーター", "普通車": true, "貨物用有り": true, "二輪車": false, "標章車専用有り": false }, "geometry": { "type": "MultiLineString", "coordinates": [ [ [ 139.710269934885815, 35.691661828469122 ], [ 139.710769739091091, 35.691598086182807 ], [ 139.713407781427861, 35.691272306488457 ], [ 139.713728460295016, 35.69126293660797 ], [ 139.713888795296441, 35.691268661991955 ], [ 139.71444636104124, 35.691365792111242 ] ], [ [ 139.714505272974321, 35.691241071442377 ], [ 139.714245097867689, 35.69119401396393 ], [ 139.713840576780086, 35.691147182804571 ], [ 139.713694030636731, 35.691134571437601 ], [ 139.713115352888877, 35.69115347758482 ], [ 139.712440188097474, 35.691229842614227 ], [ 139.710751786431672, 35.691421345934117 ], [ 139.710261840322829, 35.691485288400401 ] ] ] } },
{ "type": "Feature", "properties": { "識別id": 678, "利用時間": "09:00-19:00", "制限時間": 60, "手数料": 300, "制限事項1": "日曜・休日を除く", "制限事項2": "１月１日〜３日を除く", "種別": "パーキング・メーター", "普通車": true, "貨物用有り": true, "二輪車": false, "標章車専用有り": false }, "geometry": { "type": "MultiLineString", "coordinates": [ [ [ 139.749105831297726, 35.650075859343126 ], [ 139.749501605599789, 35.652456265139477 ] ], [ [ 139.749695579279148, 35.652607617036359 ], [ 139.749400386907809, 35.650860870798546 ], [ 139.749279642419197, 35.650133513973913 ] ] ] } },
{ "type": "Feature", "properties": { "識別id": 680, "利用時間": "09:00-20:00", "制限時間": 60, "手数料": 300, "制限事項1": null, "制限事項2": "１月１日〜３日を除く", "種別": "パーキング・メーター", "普通車": true, "貨物用有り": true, "二輪車": false, "標章車専用有り": false }, "geometry": { "type": "MultiLineString", "coordinates": [ [ [ 139.773703135044883, 35.678666728929315 ], [ 139.775040608181513, 35.68081494264618 ], [ 139.775525454737448, 35.681609259779314 ] ], [ [ 139.775800515495291, 35.681458046989896 ], [ 139.775622568167393, 35.681178648129581 ], [ 139.77526595173984, 35.680597178557413 ], [ 139.774981009755066, 35.680151484242543 ], [ 139.774543588820706, 35.679414427573846 ], [ 139.774342439680453, 35.679097038202336 ], [ 139.774078427908421, 35.678686603062296 ], [ 139.773978763792798, 35.678512456659078 ] ] ] } },
{ "type": "Feature", "properties": { "識別id": 682, "利用時間": "09:00-20:00", "制限時間": 60, "手数料": 300, "制限事項1": null, "制限事項2": "１月１日〜３日を除く", "種別": "パーキング・メーター", "普通車": true, "貨物用有り": true, "二輪車": false, "標章車専用有り": false }, "geometry": { "type": "MultiLineString", "coordinates": [ [ [ 139.770744703231287, 35.67391936282182 ], [ 139.771345249194923, 35.674848809270649 ], [ 139.771908170150652, 35.675762664910756 ], [ 139.773073601616034, 35.677637989026181 ], [ 139.773492815520029, 35.678323997286874 ] ], [ [ 139.773810692331381, 35.678222129023546 ], [ 139.773612126233417, 35.677896938596163 ], [ 139.772989196262614, 35.676913581481372 ], [ 139.772777201656083, 35.676586801264357 ], [ 139.771441358267111, 35.674432227182265 ], [ 139.771070748346574, 35.673830709381811 ] ] ] } },
{ "type": "Feature", "properties": { "識別id": 684, "利用時間": "09:00-21:00", "制限時間": 60, "手数料": 300, "制限事項1": null, "制限事項2": "１月１日〜３日を除く", "種別": "パーキング・メーター", "普通車": true, "貨物用有り": true, "二輪車": false, "標章車専用有り": false }, "geometry": { "type": "MultiLineString", "coordinates": [ [ [ 139.76265804860364, 35.666677867681983 ], [ 139.762920387370315, 35.666716278181354 ], [ 139.763012410144285, 35.666740765798153 ], [ 139.763196772522633, 35.666830314022448 ], [ 139.763801565844545, 35.667158767499068 ], [ 139.764212410348023, 35.667429965328182 ], [ 139.765001800464574, 35.66806667190059 ], [ 139.765978490920929, 35.668847742515162 ], [ 139.766406867051984, 35.669217502008458 ], [ 139.767070238805701, 35.669821255539468 ], [ 139.767807300440865, 35.670636367708482 ], [ 139.769574968565678, 35.672599935250787 ], [ 139.77025054546823, 35.673348636335319 ], [ 139.770653147546312, 35.67380983371207 ] ], [ [ 139.770991478471473, 35.673729645304654 ], [ 139.769492189301161, 35.672065540464466 ], [ 139.768202147681137, 35.670613821020659 ], [ 139.767053846821625, 35.669373471972463 ], [ 139.766478917415725, 35.668889014484208 ], [ 139.765666440281365, 35.668233803056403 ], [ 139.764486405746794, 35.667273808596256 ], [ 139.764047580665022, 35.666972479390786 ], [ 139.763632390517984, 35.66674450018192 ], [ 139.763394209641717, 35.66662719490698 ], [ 139.763169047385361, 35.666503124669731 ] ] ] } },
{ "type": "Feature", "properties": { "識別id": 688, "利用時間": "09:00-19:00", "制限時間": 60, "手数料": 300, "制限事項1": "日曜・休日を除く", "制限事項2": "１月１日〜３日を除く", "種別": "パーキング・メーター", "普通車": true, "貨物用有り": false, "二輪車": false, "標章車専用有り": false }, "geometry": { "type": "MultiLineString", "coordinates": [ [ [ 139.723261594986781, 35.710686836831457 ], [ 139.724187828288478, 35.71042130036858 ], [ 139.724360460933696, 35.710374937151478 ], [ 139.724721880594217, 35.710274786577486 ], [ 139.724847454377453, 35.710236807219992 ], [ 139.725214339458745, 35.710134673881178 ], [ 139.725438760935816, 35.710082711485931 ], [ 139.725925360491402, 35.709978445705751 ], [ 139.726369940418806, 35.709890956939411 ] ], [ [ 139.726428779613485, 35.70969381596273 ], [ 139.726118791698184, 35.709763248326837 ], [ 139.725954767090826, 35.709794009439896 ], [ 139.725349248118846, 35.70993569979688 ], [ 139.725212150311336, 35.709961839891974 ], [ 139.724915088675857, 35.710038268097314 ], [ 139.724734667142002, 35.71009063826952 ], [ 139.724356266462138, 35.710198742507728 ], [ 139.724273758306254, 35.710227096212812 ], [ 139.724104071269778, 35.710271178140765 ], [ 139.723626491681074, 35.710404100007494 ], [ 139.72335776190431, 35.710478681922524 ] ] ] } },
{ "type": "Feature", "properties": { "識別id": 690, "利用時間": "09:00-19:00", "制限時間": 60, "手数料": 300, "制限事項1": "日曜・休日を除く", "制限事項2": "１月１日〜３日を除く", "種別": "パーキング・チケット", "普通車": true, "貨物用有り": false, "二輪車": false, "標章車専用有り": false }, "geometry": { "type": "MultiLineString", "coordinates": [ [ [ 139.826780529946291, 35.747767745645319 ], [ 139.827094371111087, 35.748297562162698 ], [ 139.827578305462453, 35.749136707873625 ] ], [ [ 139.827682519850612, 35.749107346035068 ], [ 139.827444618742021, 35.748718431371238 ], [ 139.82718812012277, 35.748277811956484 ], [ 139.826884323153223, 35.747736868726598 ] ] ] } },
{ "type": "Feature", "properties": { "識別id": 692, "利用時間": "09:00-19:00", "制限時間": 60, "手数料": 300, "制限事項1": "日曜・休日を除く", "制限事項2": "１月１日〜３日を除く", "種別": "パーキング・チケット", "普通車": true, "貨物用有り": false, "二輪車": false, "標章車専用有り": false }, "geometry": { "type": "MultiLineString", "coordinates": [ [ [ 139.702894811167567, 35.619780236970186 ], [ 139.699734954968307, 35.622171086879995 ] ], [ [ 139.700088343055171, 35.622029440992115 ], [ 139.703017797772588, 35.61980475360933 ] ] ] } },
{ "type": "Feature", "properties": { "識別id": 694, "利用時間": "09:00-19:00", "制限時間": 60, "手数料": 300, "制限事項1": "日曜・休日を除く", "制限事項2": "１月１日〜３日を除く", "種別": "パーキング・メーター", "普通車": true, "貨物用有り": true, "二輪車": false, "標章車専用有り": false }, "geometry": { "type": "MultiLineString", "coordinates": [ [ [ 139.727152824235134, 35.584888634558332 ], [ 139.727667110411574, 35.584749099848722 ], [ 139.728359151641769, 35.584728169575563 ], [ 139.730758196223263, 35.584794666926364 ] ], [ [ 139.730703558345681, 35.584703903968503 ], [ 139.727965302435365, 35.584643868619494 ], [ 139.727579339184189, 35.584670247382903 ], [ 139.727159752394158, 35.584776952773133 ] ] ] } },
{ "type": "Feature", "properties": { "識別id": 696, "利用時間": "09:00-19:00", "制限時間": 60, "手数料": 300, "制限事項1": "日曜・休日を除く", "制限事項2": "１月１日〜３日を除く", "種別": "パーキング・メーター", "普通車": true, "貨物用有り": true, "二輪車": false, "標章車専用有り": false }, "geometry": { "type": "MultiLineString", "coordinates": [ [ [ 139.73108044328913, 35.584775904942589 ], [ 139.732988310636756, 35.58460336288767 ], [ 139.734585857638621, 35.584373795708032 ], [ 139.735053140779883, 35.584352673661151 ] ], [ [ 139.735061331141878, 35.584268663562341 ], [ 139.734496551085812, 35.584305751360183 ], [ 139.732807377632355, 35.584529819591673 ], [ 139.730900145105721, 35.584675813923134 ] ] ] } },
{ "type": "Feature", "properties": { "識別id": 698, "利用時間": "09:00-19:00", "制限時間": 60, "手数料": 300, "制限事項1": "日曜・休日を除く", "制限事項2": "１月１日〜３日を除く", "種別": "パーキング・チケット", "普通車": true, "貨物用有り": true, "二輪車": false, "標章車専用有り": false }, "geometry": { "type": "MultiLineString", "coordinates": [ [ [ 139.66061, 35.79039 ], [ 139.660440932540865, 35.789862174579198 ] ] ] } },
{ "type": "Feature", "properties": { "識別id": 699, "利用時間": "09:00-19:00", "制限時間": 60, "手数料": 300, "制限事項1": "日曜・休日を除く", "制限事項2": "１月１日〜３日を除く", "種別": "パーキング・チケット", "普通車": true, "貨物用有り": true, "二輪車": false, "標章車専用有り": false }, "geometry": { "type": "MultiLineString", "coordinates": [ [ [ 139.660050095534672, 35.788702301672771 ], [ 139.658982178196084, 35.7856392338023 ], [ 139.658157254593476, 35.783263110316796 ] ], [ [ 139.657961737601084, 35.783273396647338 ], [ 139.658937400320013, 35.786012649603222 ], [ 139.65988683572175, 35.788723940729902 ] ] ] } },
{ "type": "Feature", "properties": { "識別id": 701, "利用時間": "09:00-20:00", "制限時間": 60, "手数料": 300, "制限事項1": null, "制限事項2": "１月１日〜３日を除く", "種別": "パーキング・メーター", "普通車": true, "貨物用有り": true, "二輪車": false, "標章車専用有り": false }, "geometry": { "type": "MultiLineString", "coordinates": [ [ [ 139.705564437418104, 35.66850207809275 ], [ 139.710600741833701, 35.666172074587713 ] ], [ [ 139.710467078813423, 35.666064146074454 ], [ 139.708268307733647, 35.667076486093869 ], [ 139.705496672175713, 35.668378070703618 ] ] ] } },
{ "type": "Feature", "properties": { "識別id": 704, "利用時間": "09:00-19:00", "制限時間": 60, "手数料": 300, "制限事項1": "日曜・休日を除く", "制限事項2": "１月１日〜３日を除く", "種別": "パーキング・メーター", "普通車": true, "貨物用有り": false, "二輪車": false, "標章車専用有り": false }, "geometry": { "type": "MultiLineString", "coordinates": [ [ [ 139.718150674163496, 35.716959278561077 ], [ 139.720471312093707, 35.717799274504273 ], [ 139.721542525981249, 35.718184795986176 ], [ 139.722177323762622, 35.718425927974657 ], [ 139.722517224636675, 35.718533148279136 ], [ 139.722978980991968, 35.718707087187965 ], [ 139.723324132344061, 35.718866122857619 ], [ 139.724464456088612, 35.719413150425517 ], [ 139.724637758331369, 35.719506120281814 ] ], [ [ 139.725242516494347, 35.719230385922756 ], [ 139.724989208680114, 35.719315536853202 ], [ 139.724837319775276, 35.71937199521274 ], [ 139.724791749640048, 35.719371025040687 ], [ 139.724744560341179, 35.719368233496844 ], [ 139.724536754541532, 35.71928898010043 ], [ 139.724427145954536, 35.719253005943763 ], [ 139.724073658657858, 35.719090204189023 ], [ 139.723768929735797, 35.718946146706351 ], [ 139.72337165161747, 35.718739230530048 ], [ 139.72307389201174, 35.718608469532619 ], [ 139.722566028469544, 35.718417273899412 ], [ 139.722219794194729, 35.718303176371009 ], [ 139.721573161892536, 35.718059307264809 ], [ 139.721342424324433, 35.717980652046577 ], [ 139.718424714754434, 35.71692378702663 ] ] ] } },
{ "type": "Feature", "properties": { "識別id": 706, "利用時間": "09:00-19:00", "制限時間": 60, "手数料": 300, "制限事項1": "日曜・休日を除く", "制限事項2": "１月１日〜３日を除く", "種別": "パーキング・チケット", "普通車": true, "貨物用有り": false, "二輪車": false, "標章車専用有り": false }, "geometry": { "type": "MultiLineString", "coordinates": [ [ [ 139.765482500712409, 35.700157687384049 ], [ 139.765530723924059, 35.70036497613372 ], [ 139.765739774147193, 35.700825611107689 ], [ 139.765788161070134, 35.701018694540068 ], [ 139.765984791778607, 35.701426654345525 ] ], [ [ 139.766158501794649, 35.701326664160689 ], [ 139.76567341465946, 35.700238700708454 ], [ 139.765639971002287, 35.700104308667051 ] ] ] } },
{ "type": "Feature", "properties": { "識別id": 710, "利用時間": "09:00-19:00", "制限時間": 60, "手数料": 300, "制限事項1": "日曜・休日を除く", "制限事項2": "１月１日〜３日を除く", "種別": "パーキング・チケット", "普通車": true, "貨物用有り": true, "二輪車": false, "標章車専用有り": false }, "geometry": { "type": "MultiLineString", "coordinates": [ [ [ 139.728069577134164, 35.646916540434987 ], [ 139.728987336731535, 35.647173458544238 ], [ 139.729261942267755, 35.647227077120938 ], [ 139.730582085562531, 35.647271142674256 ], [ 139.731753156787875, 35.647417150615944 ], [ 139.732171413082739, 35.647465744545215 ], [ 139.732558032823704, 35.647476766400452 ], [ 139.733068539057911, 35.647429118115241 ], [ 139.733281551415786, 35.647349576343082 ], [ 139.734124002815491, 35.646936865833524 ], [ 139.734336382220363, 35.64686123213535 ], [ 139.735694527722586, 35.646657883782069 ], [ 139.73583244995001, 35.646674313530575 ] ], [ [ 139.735756678281007, 35.646499327917176 ], [ 139.734698003396375, 35.646648724363772 ], [ 139.734225873566572, 35.646744655811389 ], [ 139.733839182928449, 35.646899401772892 ], [ 139.733127251884952, 35.647259085694294 ], [ 139.732663442667757, 35.647339805112388 ], [ 139.731813585573633, 35.647301418672448 ], [ 139.730649470724813, 35.647133983250946 ], [ 139.73007227338806, 35.647090606873093 ], [ 139.729262421448823, 35.647079161154537 ], [ 139.728854977949879, 35.646993081739758 ], [ 139.72811423839579, 35.646776154776241 ] ] ] } },
{ "type": "Feature", "properties": { "識別id": 713, "利用時間": "09:30-19:00", "制限時間": 60, "手数料": 300, "制限事項1": "日曜・休日を除く", "制限事項2": "１月１日〜３日を除く", "種別": "パーキング・メーター", "普通車": true, "貨物用有り": true, "二輪車": false, "標章車専用有り": false }, "geometry": { "type": "MultiLineString", "coordinates": [ [ [ 139.688860292859374, 35.719130674882486 ], [ 139.686094731081027, 35.721102895567824 ], [ 139.684172857506638, 35.722446217261542 ] ], [ [ 139.684404098991678, 35.722490121697106 ], [ 139.686701044622538, 35.720870440661486 ], [ 139.688892297725744, 35.719403289688692 ] ] ] } },
{ "type": "Feature", "properties": { "識別id": 717, "利用時間": "09:00-19:00", "制限時間": 60, "手数料": 300, "制限事項1": null, "制限事項2": "１月１日〜３日を除く", "種別": "パーキング・メーター", "普通車": true, "貨物用有り": true, "二輪車": false, "標章車専用有り": false }, "geometry": { "type": "MultiLineString", "coordinates": [ [ [ 139.709046767947058, 35.733058734336879 ], [ 139.70914682630081, 35.733248282926745 ], [ 139.709244260989578, 35.733482899051836 ], [ 139.709303413839962, 35.733714793488055 ], [ 139.709377959824735, 35.734314808941868 ], [ 139.709549756143872, 35.735489567812301 ], [ 139.709667081890046, 35.736310893307831 ], [ 139.70969234175314, 35.736617980760379 ], [ 139.709779428628366, 35.737068408368955 ], [ 139.709814062324909, 35.737172047705883 ], [ 139.709875296426674, 35.737323694683433 ], [ 139.710040674268441, 35.737651781817092 ], [ 139.710290205865476, 35.738177873655076 ], [ 139.710506764923821, 35.738704383323963 ] ], [ [ 139.710624445534847, 35.738602809232404 ], [ 139.710191724294759, 35.737712896025961 ], [ 139.709942159839699, 35.737180611616459 ], [ 139.709897277846409, 35.737034027867125 ], [ 139.709825730516116, 35.736616135426445 ], [ 139.70966725682436, 35.735471870802236 ], [ 139.709555901038584, 35.734600291989608 ], [ 139.709515733298758, 35.734317739288016 ], [ 139.709421165465528, 35.733658110400889 ], [ 139.70932703343891, 35.733335298739156 ], [ 139.709196853527033, 35.73305165168987 ] ] ] } },
{ "type": "Feature", "properties": { "識別id": 721, "利用時間": "09:00-19:00", "制限時間": 60, "手数料": 300, "制限事項1": "日曜・休日を除く", "制限事項2": "１月１日〜３日を除く", "種別": "パーキング・メーター", "普通車": true, "貨物用有り": true, "二輪車": false, "標章車専用有り": false }, "geometry": { "type": "MultiLineString", "coordinates": [ [ [ 139.782289831145761, 35.686395962553568 ], [ 139.783399892203505, 35.687122026415011 ], [ 139.784484281329583, 35.687841824455944 ], [ 139.785691512739646, 35.688649345319789 ] ], [ [ 139.785751775092479, 35.68855627511261 ], [ 139.784573451930726, 35.687757690439454 ], [ 139.783465758209047, 35.687020003484371 ], [ 139.783114115702233, 35.686807705038191 ], [ 139.782389954426463, 35.686299312889723 ] ] ] } },
{ "type": "Feature", "properties": { "識別id": 723, "利用時間": "09:00-19:00", "制限時間": 60, "手数料": 300, "制限事項1": "日曜・休日を除く", "制限事項2": "１月１日〜３日を除く", "種別": "パーキング・メーター", "普通車": true, "貨物用有り": false, "二輪車": false, "標章車専用有り": false }, "geometry": { "type": "MultiLineString", "coordinates": [ [ [ 139.788298557007039, 35.690171789950206 ], [ 139.78701389128571, 35.689383700573146 ], [ 139.786651685409538, 35.689148381819287 ], [ 139.785962619770686, 35.688678908564462 ] ] ] } },
{ "type": "Feature", "properties": { "識別id": 724, "利用時間": "09:00-19:00", "制限時間": 60, "手数料": 300, "制限事項1": "日曜・休日を除く", "制限事項2": "１月１日〜３日を除く", "種別": "パーキング・メーター", "普通車": true, "貨物用有り": false, "二輪車": false, "標章車専用有り": false }, "geometry": { "type": "MultiLineString", "coordinates": [ [ [ 139.785886060645083, 35.688772382021476 ], [ 139.786845158995476, 35.689410842920054 ] ] ] } },
{ "type": "Feature", "properties": { "識別id": 725, "利用時間": "09:00-19:00", "制限時間": 60, "手数料": 300, "制限事項1": "日曜・休日を除く", "制限事項2": "１月１日〜３日を除く", "種別": "パーキング・メーター", "普通車": true, "貨物用有り": false, "二輪車": false, "標章車専用有り": false }, "geometry": { "type": "MultiLineString", "coordinates": [ [ [ 139.690151532375836, 35.655455165202028 ], [ 139.690375603316028, 35.655981369017205 ], [ 139.690743548764118, 35.656783751360855 ] ], [ [ 139.69091688400502, 35.656521243678291 ], [ 139.690643993166219, 35.65593745157355 ], [ 139.690412318567809, 35.655454273039211 ] ] ] } },
{ "type": "Feature", "properties": { "識別id": 727, "利用時間": "09:00-19:00", "制限時間": 60, "手数料": 300, "制限事項1": null, "制限事項2": "１月１日〜３日を除く", "種別": "パーキング・メーター", "普通車": true, "貨物用有り": true, "二輪車": false, "標章車専用有り": false }, "geometry": { "type": "MultiLineString", "coordinates": [ [ [ 139.668659893078541, 35.716504601370652 ], [ 139.66852260732324, 35.716311928013397 ], [ 139.666274460925422, 35.714240923761217 ], [ 139.665451677053738, 35.711110414601478 ] ] ] } },
{ "type": "Feature", "properties": { "識別id": 728, "利用時間": "09:00-19:00", "制限時間": 60, "手数料": 300, "制限事項1": "日曜・休日を除く", "制限事項2": "１月１日〜３日を除く", "種別": "パーキング・チケット", "普通車": true, "貨物用有り": true, "二輪車": false, "標章車専用有り": false }, "geometry": { "type": "MultiLineString", "coordinates": [ [ [ 139.753415137631151, 35.708640414593837 ], [ 139.752677279264304, 35.711052485870894 ], [ 139.752626415540504, 35.711267247119878 ], [ 139.752164533818188, 35.713537181039577 ], [ 139.751722533442575, 35.71615505061154 ], [ 139.751221692006055, 35.718889887871043 ], [ 139.751201517423652, 35.718975038525308 ], [ 139.751162860338951, 35.719097005825745 ], [ 139.751103746937105, 35.719235688127888 ], [ 139.750944764904261, 35.71950954556663 ], [ 139.750833588405015, 35.719656366038812 ], [ 139.750704428189579, 35.719802089480929 ], [ 139.750565318698818, 35.719936514266905 ], [ 139.749838016185748, 35.720629889241053 ], [ 139.747816454796919, 35.722576726536388 ] ], [ [ 139.748020326933016, 35.722756171287031 ], [ 139.748092000171482, 35.722685343034158 ], [ 139.749803498253442, 35.721035492725811 ], [ 139.750164271552848, 35.720685838514797 ], [ 139.750876601773768, 35.719994471677992 ], [ 139.751060830269239, 35.719798308723611 ], [ 139.751190661137798, 35.719638850636372 ], [ 139.75123514012256, 35.719569779142304 ], [ 139.75133559791206, 35.719383881772394 ], [ 139.751486437797126, 35.71899302897998 ], [ 139.752123757906247, 35.715452185073914 ], [ 139.752277175373962, 35.714623507260995 ], [ 139.752335899927999, 35.714198837503346 ], [ 139.752476861347958, 35.71337271920185 ], [ 139.752612715855633, 35.712678462027306 ], [ 139.752896198552804, 35.711357881610013 ], [ 139.752969010494041, 35.711072845269925 ], [ 139.753656775212335, 35.708809545989453 ] ] ] } },
{ "type": "Feature", "properties": { "識別id": 730, "利用時間": "09:00-19:00", "制限時間": 60, "手数料": 300, "制限事項1": "日曜・休日を除く", "制限事項2": "１月１日〜３日を除く", "種別": "パーキング・チケット", "普通車": true, "貨物用有り": true, "二輪車": false, "標章車専用有り": false }, "geometry": { "type": "MultiLineString", "coordinates": [ [ [ 139.725962352387342, 35.732755517045774 ], [ 139.726382741086894, 35.733852177540022 ] ], [ [ 139.726486834406103, 35.733798665978554 ], [ 139.726072156080164, 35.732738918093439 ] ] ] } },
{ "type": "Feature", "properties": { "識別id": 732, "利用時間": "09:00-19:00", "制限時間": 60, "手数料": 300, "制限事項1": "日曜・休日を除く", "制限事項2": "１月１日〜３日を除く", "種別": "パーキング・メーター", "普通車": true, "貨物用有り": true, "二輪車": false, "標章車専用有り": false }, "geometry": { "type": "MultiLineString", "coordinates": [ [ [ 139.725019688387164, 35.729303820156993 ], [ 139.725235775668637, 35.730173678715914 ], [ 139.725595939286592, 35.731618075688395 ] ], [ [ 139.725712505752114, 35.731648657895576 ], [ 139.725273731452774, 35.729914323939077 ], [ 139.725149292331395, 35.729436457397469 ] ] ] } },
{ "type": "Feature", "properties": { "識別id": 734, "利用時間": "09:00-19:00", "制限時間": 60, "手数料": 300, "制限事項1": "日曜・休日を除く", "制限事項2": "１月１日〜３日を除く", "種別": "パーキング・チケット", "普通車": true, "貨物用有り": true, "二輪車": false, "標章車専用有り": false }, "geometry": { "type": "MultiLineString", "coordinates": [ [ [ 139.778426966979936, 35.712189590770272 ], [ 139.779039499556063, 35.712050227876205 ], [ 139.782015327929997, 35.711509282135658 ], [ 139.784694690399789, 35.711016493882781 ], [ 139.787708550041202, 35.710504479063225 ], [ 139.789577881079992, 35.710145534771485 ], [ 139.791285842428209, 35.70979833503614 ], [ 139.793320279076653, 35.70931043487353 ], [ 139.794860677786943, 35.709074617833863 ], [ 139.795808740018714, 35.70895679031949 ] ], [ [ 139.795765679239253, 35.708797407433579 ], [ 139.79357416506295, 35.709113367873073 ], [ 139.791705708954879, 35.709520103946595 ], [ 139.789070427478322, 35.710072135051895 ], [ 139.786147392335096, 35.71063474320934 ], [ 139.783725227512264, 35.711055181394471 ], [ 139.782112339071148, 35.711355141451094 ], [ 139.780854894981644, 35.711563980558644 ], [ 139.779196194662404, 35.711847728755977 ], [ 139.778215488157855, 35.712045872834182 ] ] ] } },
{ "type": "Feature", "properties": { "識別id": 737, "利用時間": "09:00-19:00", "制限時間": 60, "手数料": 300, "制限事項1": "日曜・休日を除く", "制限事項2": "１月１日〜３日を除く", "種別": "パーキング・メーター", "普通車": true, "貨物用有り": false, "二輪車": false, "標章車専用有り": false }, "geometry": { "type": "MultiLineString", "coordinates": [ [ [ 139.799896748826399, 35.703764826028639 ], [ 139.799746301130824, 35.706377808069512 ], [ 139.798646321033118, 35.707433107268592 ] ], [ [ 139.79876654290851, 35.707507422663021 ], [ 139.799881207573321, 35.706449902234645 ], [ 139.80005368323819, 35.703770064100084 ] ] ] } },
{ "type": "Feature", "properties": { "識別id": 739, "利用時間": "09:30-19:00", "制限時間": 60, "手数料": 300, "制限事項1": "日曜・休日を除く", "制限事項2": "１月１日〜３日を除く", "種別": "パーキング・メーター", "普通車": true, "貨物用有り": true, "二輪車": false, "標章車専用有り": false }, "geometry": { "type": "MultiLineString", "coordinates": [ [ [ 139.796220094045509, 35.67494657537415 ], [ 139.796110445327116, 35.674254336386674 ] ] ] } },
{ "type": "Feature", "properties": { "識別id": 740, "利用時間": "09:30-19:00", "制限時間": 60, "手数料": 300, "制限事項1": "日曜・休日を除く", "制限事項2": "１月１日〜３日を除く", "種別": "パーキング・メーター", "普通車": true, "貨物用有り": false, "二輪車": false, "標章車専用有り": false }, "geometry": { "type": "MultiLineString", "coordinates": [ [ [ 139.796886120376598, 35.676954349321782 ], [ 139.79688200992581, 35.676954600595067 ], [ 139.79888, 35.67943 ] ], [ [ 139.79903, 35.67936 ], [ 139.797198569450416, 35.677096109830245 ], [ 139.797200989093767, 35.67709802439915 ], [ 139.79720072652816, 35.677095581361641 ] ] ] } },
{ "type": "Feature", "properties": { "識別id": 744, "利用時間": "09:00-19:00", "制限時間": 60, "手数料": 300, "制限事項1": "日曜・休日を除く", "制限事項2": "１月１日〜３日を除く", "種別": "パーキング・チケット", "普通車": true, "貨物用有り": false, "二輪車": false, "標章車専用有り": false }, "geometry": { "type": "MultiLineString", "coordinates": [ [ [ 139.826801802347916, 35.746860298709109 ], [ 139.828808268829789, 35.74633227059396 ] ] ] } },
{ "type": "Feature", "properties": { "識別id": 747, "利用時間": "09:00-19:00", "制限時間": 60, "手数料": 300, "制限事項1": null, "制限事項2": "１月１日〜３日を除く", "種別": "パーキング・メーター", "普通車": true, "貨物用有り": false, "二輪車": false, "標章車専用有り": false }, "geometry": { "type": "MultiLineString", "coordinates": [ [ [ 139.57889604572307, 35.630411439963126 ], [ 139.578751835748164, 35.63053146955292 ], [ 139.577430660610673, 35.631422534650113 ] ], [ [ 139.577460380436833, 35.631453754986019 ], [ 139.577945717721292, 35.631127828487557 ], [ 139.5786356034682, 35.630679163536321 ], [ 139.578976081789563, 35.630446794643639 ] ] ] } },
{ "type": "Feature", "properties": { "識別id": 751, "利用時間": "09:00-19:00", "制限時間": 60, "手数料": 300, "制限事項1": "日曜・休日を除く", "制限事項2": "１月１日〜３日を除く", "種別": "パーキング・メーター", "普通車": true, "貨物用有り": false, "二輪車": false, "標章車専用有り": false }, "geometry": { "type": "MultiLineString", "coordinates": [ [ [ 139.730302283295771, 35.753075575710916 ], [ 139.733279754846279, 35.753802809053902 ] ], [ [ 139.733339937986557, 35.753747600043546 ], [ 139.732584634388189, 35.753547713934537 ], [ 139.730346124438597, 35.753015904931111 ] ] ] } },
{ "type": "Feature", "properties": { "識別id": 753, "利用時間": "09:00-19:00", "制限時間": 60, "手数料": 300, "制限事項1": "日曜・休日を除く", "制限事項2": "１月１日〜３日を除く", "種別": "パーキング・メーター", "普通車": true, "貨物用有り": false, "二輪車": false, "標章車専用有り": false }, "geometry": { "type": "MultiLineString", "coordinates": [ [ [ 139.783329252103414, 35.663442368812454 ], [ 139.781606384277126, 35.66503691712775 ] ] ] } },
{ "type": "Feature", "properties": { "識別id": 755, "利用時間": "09:00-19:00", "制限時間": 60, "手数料": 300, "制限事項1": "日曜・休日を除く", "制限事項2": "１月１日〜３日を除く", "種別": "パーキング・メーター", "普通車": true, "貨物用有り": false, "二輪車": false, "標章車専用有り": true }, "geometry": { "type": "MultiLineString", "coordinates": [ [ [ 139.782517772241505, 35.662609956484935 ], [ 139.784266613549846, 35.660972109083716 ] ] ] } },
{ "type": "Feature", "properties": { "識別id": 756, "利用時間": "09:00-19:00", "制限時間": 60, "手数料": 300, "制限事項1": "日曜・休日を除く", "制限事項2": "１月１日〜３日を除く", "種別": "パーキング・メーター", "普通車": true, "貨物用有り": false, "二輪車": false, "標章車専用有り": true }, "geometry": { "type": "MultiLineString", "coordinates": [ [ [ 139.781526131976761, 35.661893920209664 ], [ 139.782381327529066, 35.661102340495709 ] ] ] } },
{ "type": "Feature", "properties": { "識別id": 757, "利用時間": "09:00-19:00", "制限時間": 60, "手数料": 300, "制限事項1": "日曜・休日を除く", "制限事項2": "１月１日〜３日を除く", "種別": "パーキング・メーター", "普通車": true, "貨物用有り": false, "二輪車": false, "標章車専用有り": false }, "geometry": { "type": "MultiLineString", "coordinates": [ [ [ 139.781333003334908, 35.662007332052077 ], [ 139.779629244847655, 35.663603726794442 ] ] ] } },
{ "type": "Feature", "properties": { "識別id": 758, "利用時間": "09:00-19:00", "制限時間": 60, "手数料": 300, "制限事項1": "日曜・休日を除く", "制限事項2": "１月１日〜３日を除く", "種別": "パーキング・メーター", "普通車": true, "貨物用有り": false, "二輪車": false, "標章車専用有り": false }, "geometry": { "type": "MultiLineString", "coordinates": [ [ [ 139.778651567908696, 35.662927379492082 ], [ 139.780374924160611, 35.661330867618226 ] ] ] } },
{ "type": "Feature", "properties": { "識別id": 759, "利用時間": "09:00-19:00", "制限時間": 60, "手数料": 300, "制限事項1": "日曜・休日を除く", "制限事項2": "１月１日〜３日を除く", "種別": "パーキング・メーター", "普通車": true, "貨物用有り": true, "二輪車": false, "標章車専用有り": false }, "geometry": { "type": "MultiLineString", "coordinates": [ [ [ 139.749315119305862, 35.650107928715066 ], [ 139.750481372480408, 35.650009703146033 ], [ 139.752195453875146, 35.649421711814959 ], [ 139.752891366486864, 35.649240241117674 ] ], [ [ 139.752729762980294, 35.649141514549463 ], [ 139.752061651240922, 35.649333800851181 ], [ 139.750521282715113, 35.649872963003972 ], [ 139.750161765608482, 35.649928072783972 ], [ 139.749297162098429, 35.649993626508873 ] ] ] } },
{ "type": "Feature", "properties": { "識別id": 761, "利用時間": "09:00-19:00", "制限時間": 60, "手数料": 300, "制限事項1": "日曜・休日を除く", "制限事項2": "１月１日〜３日を除く", "種別": "パーキング・メーター", "普通車": true, "貨物用有り": true, "二輪車": false, "標章車専用有り": false }, "geometry": { "type": "MultiLineString", "coordinates": [ [ [ 139.749770647144743, 35.652750405299109 ], [ 139.750649972107198, 35.653104139088633 ], [ 139.750886655596588, 35.653171639818275 ], [ 139.751030934163168, 35.653181915746821 ], [ 139.752281251822353, 35.653121627102166 ], [ 139.752379163999535, 35.653111614801276 ], [ 139.752596217438821, 35.653014124249701 ], [ 139.752881079521245, 35.652895086798416 ], [ 139.753916242951675, 35.65280093330616 ] ], [ [ 139.753894464970358, 35.652720679030089 ], [ 139.752866394224981, 35.652821180887464 ], [ 139.752681504694095, 35.652887270727774 ], [ 139.752529025404584, 35.65295051314002 ], [ 139.752424007777876, 35.653001066694834 ], [ 139.75229922301429, 35.653039101264739 ], [ 139.75101392471899, 35.653104480765144 ], [ 139.750842337585198, 35.653087556209876 ], [ 139.750145638064566, 35.652810929395173 ], [ 139.749761001735777, 35.65265638619023 ] ] ] } },
{ "type": "Feature", "properties": { "識別id": 763, "利用時間": "09:00-19:00", "制限時間": 60, "手数料": 300, "制限事項1": "日曜・休日を除く", "制限事項2": "１月１日〜３日を除く", "種別": "パーキング・メーター", "普通車": true, "貨物用有り": true, "二輪車": false, "標章車専用有り": false }, "geometry": { "type": "MultiLineString", "coordinates": [ [ [ 139.745463345649341, 35.63980235263606 ], [ 139.748741335687441, 35.639126959787667 ] ], [ [ 139.748746831572305, 35.639057810848421 ], [ 139.745443869128167, 35.639738281422964 ] ] ] } },
{ "type": "Feature", "properties": { "識別id": 765, "利用時間": "09:00-19:00", "制限時間": 60, "手数料": 300, "制限事項1": "日曜・休日を除く", "制限事項2": "１月１日〜３日を除く", "種別": "パーキング・メーター", "普通車": true, "貨物用有り": false, "二輪車": false, "標章車専用有り": false }, "geometry": { "type": "MultiLineString", "coordinates": [ [ [ 139.733230639600265, 35.590610857592551 ], [ 139.733449559357155, 35.591369295861455 ], [ 139.734576735788494, 35.595122738247682 ] ], [ [ 139.734683838644884, 35.595092701742864 ], [ 139.734451938257422, 35.594320936895208 ], [ 139.734184742541743, 35.593482750322849 ], [ 139.733523552551333, 35.59131529550784 ], [ 139.733298806619985, 35.590591316799454 ] ] ] } },
{ "type": "Feature", "properties": { "識別id": 767, "利用時間": "09:00-19:00", "制限時間": 60, "手数料": 300, "制限事項1": "日曜・休日を除く", "制限事項2": "１月１日〜３日を除く", "種別": "パーキング・メーター", "普通車": true, "貨物用有り": true, "二輪車": false, "標章車専用有り": false }, "geometry": { "type": "MultiLineString", "coordinates": [ [ [ 139.73161297711485, 35.593463084684203 ], [ 139.732311664147403, 35.593291760577074 ], [ 139.732588978939987, 35.593230765533434 ], [ 139.732980406658584, 35.593177405146704 ], [ 139.735220397630826, 35.592728242962046 ], [ 139.735394436209674, 35.592699275930144 ], [ 139.735830461670645, 35.592643948995942 ], [ 139.735896959984956, 35.592644557023448 ] ], [ [ 139.735857110718172, 35.592558590948137 ], [ 139.735365507408318, 35.592618962299589 ], [ 139.735196464499211, 35.592649583600029 ], [ 139.732969135543158, 35.593103629475259 ], [ 139.732614128374365, 35.593194590236699 ], [ 139.732302157100065, 35.593259495319032 ], [ 139.731592814303355, 35.593435632681278 ] ] ] } },
{ "type": "Feature", "properties": { "識別id": 769, "利用時間": "09:00-19:00", "制限時間": 60, "手数料": 300, "制限事項1": "日曜・休日を除く", "制限事項2": "１月１日〜３日を除く", "種別": "パーキング・メーター", "普通車": true, "貨物用有り": true, "二輪車": false, "標章車専用有り": false }, "geometry": { "type": "MultiLineString", "coordinates": [ [ [ 139.59967, 35.72557 ], [ 139.6002, 35.72556 ], [ 139.60142, 35.7257 ], [ 139.60221, 35.72593 ], [ 139.60354, 35.7265 ], [ 139.60416, 35.72682 ], [ 139.605, 35.72708 ], [ 139.60749, 35.72769 ], [ 139.60833, 35.728 ] ], [ [ 139.60864, 35.72803 ], [ 139.60745, 35.7276 ], [ 139.60455, 35.72689 ], [ 139.60411, 35.72671 ], [ 139.60261, 35.72601 ], [ 139.60177, 35.72572 ], [ 139.60112, 35.72557 ], [ 139.60012, 35.7255 ], [ 139.59967, 35.7255 ] ] ] } },
{ "type": "Feature", "properties": { "識別id": 771, "利用時間": "09:00-19:00", "制限時間": 60, "手数料": 300, "制限事項1": null, "制限事項2": "１月１日〜３日を除く", "種別": "パーキング・メーター", "普通車": true, "貨物用有り": false, "二輪車": false, "標章車専用有り": false }, "geometry": { "type": "MultiLineString", "coordinates": [ [ [ 139.803880536147318, 35.71775547389705 ], [ 139.804011831281116, 35.718743287468662 ], [ 139.804136554555072, 35.719698859539236 ], [ 139.804261283547334, 35.720597937333139 ], [ 139.804300732061762, 35.720827907815455 ], [ 139.804464589222476, 35.722771069086193 ], [ 139.804523743088282, 35.72302714035127 ], [ 139.804615531683112, 35.724073975685286 ], [ 139.804858745708685, 35.725113884427486 ], [ 139.804950580167201, 35.726182736026161 ] ] ] } },
{ "type": "Feature", "properties": { "識別id": 772, "利用時間": "09:00-19:00", "制限時間": 60, "手数料": 300, "制限事項1": null, "制限事項2": "１月１日〜３日を除く", "種別": "パーキング・メーター", "普通車": true, "貨物用有り": true, "二輪車": false, "標章車専用有り": false }, "geometry": { "type": "MultiLineString", "coordinates": [ [ [ 139.808533107456896, 35.727989738190367 ], [ 139.808565982966115, 35.727711683973787 ], [ 139.808474196226655, 35.72720292356415 ], [ 139.808395419270312, 35.726855557855771 ], [ 139.807961364803674, 35.725540355721293 ], [ 139.807757400694555, 35.724768414067903 ], [ 139.807448496051734, 35.723168567494781 ], [ 139.806916273464935, 35.721110475811365 ], [ 139.806706606636197, 35.72075919460368 ], [ 139.806569193803028, 35.720583532749842 ], [ 139.805318749877046, 35.71940267485224 ], [ 139.804120587753516, 35.717791544635745 ], [ 139.803909900028742, 35.717464315881081 ] ] ] } },
{ "type": "Feature", "properties": { "識別id": 775, "利用時間": "09:00-19:00", "制限時間": 60, "手数料": 300, "制限事項1": "日曜・休日を除く", "制限事項2": "１月１日〜３日を除く", "種別": "パーキング・メーター", "普通車": true, "貨物用有り": true, "二輪車": false, "標章車専用有り": false }, "geometry": { "type": "MultiLineString", "coordinates": [ [ [ 139.705611669004384, 35.573339965168252 ], [ 139.705428797490498, 35.573752978841114 ], [ 139.705150644045972, 35.574374446766448 ], [ 139.704875016257461, 35.574860065839353 ], [ 139.70483029895189, 35.574979336806145 ], [ 139.704807349487595, 35.575110799947737 ] ], [ [ 139.704890723633355, 35.575129600621118 ], [ 139.704910337561131, 35.57498512198147 ], [ 139.704966033672548, 35.574845504405637 ], [ 139.705172494249496, 35.574494071807351 ], [ 139.705224653233074, 35.57439859490826 ], [ 139.705686758260669, 35.573361834747267 ] ] ] } },
{ "type": "Feature", "properties": { "識別id": 777, "利用時間": "09:00-19:00", "制限時間": 60, "手数料": 300, "制限事項1": "日曜・休日を除く", "制限事項2": "１月１日〜３日を除く", "種別": "パーキング・メーター", "普通車": true, "貨物用有り": false, "二輪車": false, "標章車専用有り": false }, "geometry": { "type": "MultiLineString", "coordinates": [ [ [ 139.691378627959921, 35.649194458342521 ], [ 139.691014960743644, 35.649463065076887 ], [ 139.690555265786458, 35.649883448453359 ], [ 139.690356636304415, 35.650069923009589 ], [ 139.689871599589452, 35.650544081322145 ], [ 139.689586661652868, 35.650898975799294 ], [ 139.689539803195345, 35.651579924078796 ], [ 139.689500271898538, 35.652272086452783 ] ] ] } },
{ "type": "Feature", "properties": { "識別id": 778, "利用時間": "09:00-19:00", "制限時間": 60, "手数料": 300, "制限事項1": "日曜・休日を除く", "制限事項2": "１月１日〜３日を除く", "種別": "パーキング・メーター", "普通車": true, "貨物用有り": false, "二輪車": false, "標章車専用有り": false }, "geometry": { "type": "MultiLineString", "coordinates": [ [ [ 139.689736883811662, 35.652136043332732 ], [ 139.689802837307212, 35.651246606179384 ], [ 139.689857497106942, 35.651017949721385 ], [ 139.6900368857861, 35.650706716701578 ], [ 139.690324475295029, 35.650404131849385 ], [ 139.690702331413377, 35.650038950827472 ], [ 139.691181429946255, 35.649598272957881 ], [ 139.69151315852946, 35.649334077022658 ] ] ] } },
{ "type": "Feature", "properties": { "識別id": 781, "利用時間": "09:00-19:00", "制限時間": 60, "手数料": 300, "制限事項1": null, "制限事項2": "１月１日〜３日を除く", "種別": "パーキング・メーター", "普通車": true, "貨物用有り": true, "二輪車": false, "標章車専用有り": false }, "geometry": { "type": "MultiLineString", "coordinates": [ [ [ 139.669308066464566, 35.717661039290888 ], [ 139.67015509385763, 35.71894054061891 ], [ 139.670580977614378, 35.719982854343662 ], [ 139.670685046147639, 35.720168247953623 ], [ 139.671420551432789, 35.720877518134138 ], [ 139.67217487588951, 35.721934565479287 ], [ 139.673613152727256, 35.723384856211815 ] ], [ [ 139.673734146537385, 35.723401689004788 ], [ 139.672275177023579, 35.721906844990357 ], [ 139.671553060109034, 35.720898225781873 ], [ 139.670711444075351, 35.720028256732519 ], [ 139.670286097185198, 35.718953257468442 ], [ 139.669374383649938, 35.717573083094642 ] ] ] } },
{ "type": "Feature", "properties": { "識別id": 783, "利用時間": "09:00-19:00", "制限時間": 60, "手数料": 300, "制限事項1": "日曜・休日を除く", "制限事項2": "１月１日〜３日を除く", "種別": "パーキング・メーター", "普通車": true, "貨物用有り": false, "二輪車": false, "標章車専用有り": false }, "geometry": { "type": "MultiLineString", "coordinates": [ [ [ 139.637030813415038, 35.680351464887828 ], [ 139.640193738885586, 35.681145728421981 ] ], [ [ 139.640207141525224, 35.68106634209915 ], [ 139.637096869592796, 35.680266796387237 ] ] ] } },
{ "type": "Feature", "properties": { "識別id": 785, "利用時間": "09:00-19:00", "制限時間": 60, "手数料": 300, "制限事項1": "日曜・休日を除く", "制限事項2": "１月１日〜３日を除く", "種別": "パーキング・メーター", "普通車": true, "貨物用有り": true, "二輪車": false, "標章車専用有り": false }, "geometry": { "type": "MultiLineString", "coordinates": [ [ [ 139.746426179425271, 35.710664264920837 ], [ 139.746499000411205, 35.710936573746075 ], [ 139.746500130351421, 35.711059085938984 ], [ 139.746503583706414, 35.711149854017833 ], [ 139.746658261681631, 35.711810122858438 ] ], [ [ 139.746779438218738, 35.711771280604587 ], [ 139.746496386537075, 35.710619931964395 ] ] ] } },
{ "type": "Feature", "properties": { "識別id": 789, "利用時間": "09:00-19:00", "制限時間": 60, "手数料": 300, "制限事項1": "日曜・休日を除く", "制限事項2": "１月１日〜３日を除く", "種別": "パーキング・メーター", "普通車": true, "貨物用有り": true, "二輪車": false, "標章車専用有り": false }, "geometry": { "type": "MultiLineString", "coordinates": [ [ [ 139.734866328572366, 35.719285286849278 ], [ 139.734702422749166, 35.719584943887355 ], [ 139.734609845160747, 35.719801266925586 ], [ 139.734409993777433, 35.720418926281205 ], [ 139.734163792891763, 35.72116269795729 ], [ 139.734016602747801, 35.721657843728906 ] ], [ [ 139.734110636952465, 35.721680659921972 ], [ 139.734235826823124, 35.721269726588744 ], [ 139.734362163074763, 35.720880273884298 ], [ 139.734576131479201, 35.720205380471818 ] ] ] } },
{ "type": "Feature", "properties": { "識別id": 791, "利用時間": "09:00-19:00", "制限時間": 60, "手数料": 300, "制限事項1": "日曜・休日を除く", "制限事項2": "１月１日〜３日を除く", "種別": "パーキング・メーター", "普通車": true, "貨物用有り": false, "二輪車": false, "標章車専用有り": false }, "geometry": { "type": "MultiLineString", "coordinates": [ [ [ 139.680269148093373, 35.733072557024968 ], [ 139.680480848196623, 35.733267353798126 ], [ 139.680527831226925, 35.733371368674945 ], [ 139.681310994165585, 35.733980301787405 ], [ 139.682376155003936, 35.734851453681735 ], [ 139.683755962717868, 35.736026115523174 ], [ 139.684103112804962, 35.736224350172535 ], [ 139.684438042814861, 35.736369450690667 ] ], [ [ 139.684459969284035, 35.736288399055169 ], [ 139.683834034890623, 35.735959611976298 ], [ 139.683011390748817, 35.735276071785243 ], [ 139.681703249223688, 35.734173952447264 ], [ 139.680690897323302, 35.733345973092099 ], [ 139.680303021886743, 35.733023354721617 ] ] ] } },
{ "type": "Feature", "properties": { "識別id": 793, "利用時間": "09:00-19:00", "制限時間": 60, "手数料": 300, "制限事項1": "日曜・休日を除く", "制限事項2": "１月１日〜３日を除く", "種別": "パーキング・メーター", "普通車": true, "貨物用有り": false, "二輪車": false, "標章車専用有り": false }, "geometry": { "type": "MultiLineString", "coordinates": [ [ [ 139.65299, 35.79066 ], [ 139.653544694442758, 35.792458526434558 ] ], [ [ 139.653735889549239, 35.792724413996744 ], [ 139.65314, 35.79062 ] ] ] } },
{ "type": "Feature", "properties": { "識別id": 795, "利用時間": "09:00-19:00", "制限時間": 60, "手数料": 300, "制限事項1": "日曜・休日を除く", "制限事項2": "１月１日〜３日を除く", "種別": "パーキング・メーター", "普通車": true, "貨物用有り": false, "二輪車": false, "標章車専用有り": false }, "geometry": { "type": "MultiLineString", "coordinates": [ [ [ 139.673653057064939, 35.78685555596855 ], [ 139.672453655320652, 35.786972065378009 ], [ 139.670641433944439, 35.787130680761031 ] ] ] } },
{ "type": "Feature", "properties": { "識別id": 796, "利用時間": "09:00-19:00", "制限時間": 60, "手数料": 300, "制限事項1": null, "制限事項2": "１月１日〜３日を除く", "種別": "パーキング・メーター", "普通車": true, "貨物用有り": false, "二輪車": false, "標章車専用有り": false }, "geometry": { "type": "MultiLineString", "coordinates": [ [ [ 139.474317737354767, 35.535507264050224 ], [ 139.474365263672013, 35.535659934576145 ], [ 139.474403175861909, 35.535883951339592 ], [ 139.474417577941352, 35.53614341504074 ], [ 139.474399572629892, 35.536343041568024 ], [ 139.474362723754695, 35.536585715949116 ], [ 139.474247544279507, 35.536956077417265 ] ], [ [ 139.4743408081018, 35.536968842074131 ], [ 139.474446208010022, 35.536634536940802 ], [ 139.474496958852797, 35.536344130578009 ], [ 139.474511736759041, 35.536146038942029 ], [ 139.474502017769623, 35.535901138543387 ], [ 139.474455314801531, 35.535639739888161 ], [ 139.474406545919209, 35.535489317535877 ] ] ] } },
{ "type": "Feature", "properties": { "識別id": 800, "利用時間": "09:00-21:00", "制限時間": 60, "手数料": 300, "制限事項1": null, "制限事項2": "１月１日〜３日を除く", "種別": "パーキング・メーター", "普通車": true, "貨物用有り": true, "二輪車": false, "標章車専用有り": false }, "geometry": { "type": "MultiLineString", "coordinates": [ [ [ 139.768421892056239, 35.668592201211531 ], [ 139.770551899271624, 35.6703614769227 ], [ 139.771137085868389, 35.670882699343004 ], [ 139.771472953096094, 35.671207198880701 ], [ 139.771517334658341, 35.671301107292457 ], [ 139.771526358624868, 35.671364569448954 ] ] ] } },
{ "type": "Feature", "properties": { "識別id": 801, "利用時間": "09:00-19:00", "制限時間": 60, "手数料": 300, "制限事項1": "日曜・休日を除く", "制限事項2": "１月１日〜３日を除く", "種別": "パーキング・メーター", "普通車": true, "貨物用有り": true, "二輪車": false, "標章車専用有り": false }, "geometry": { "type": "MultiLineString", "coordinates": [ [ [ 139.808455149957581, 35.711582194124638 ], [ 139.811219429594587, 35.713198700031448 ], [ 139.811424258072179, 35.713328088283227 ], [ 139.813543850106214, 35.715132637843908 ], [ 139.814471742312463, 35.715893957559764 ] ], [ [ 139.814482271734789, 35.71581528762848 ], [ 139.811501756021812, 35.713276179139562 ], [ 139.808560794092045, 35.71157058456668 ] ] ] } },
{ "type": "Feature", "properties": { "識別id": 803, "利用時間": "09:00-19:00", "制限時間": 60, "手数料": 300, "制限事項1": "日曜・休日を除く", "制限事項2": "１月１日〜３日を除く", "種別": "パーキング・メーター", "普通車": true, "貨物用有り": false, "二輪車": false, "標章車専用有り": false }, "geometry": { "type": "MultiLineString", "coordinates": [ [ [ 139.796211092300297, 35.70016960289658 ], [ 139.7961817484817, 35.699802459051838 ], [ 139.795342056736985, 35.699256507396669 ], [ 139.794923817258308, 35.698829718244909 ] ] ] } },
{ "type": "Feature", "properties": { "識別id": 804, "利用時間": "09:30-19:00", "制限時間": 60, "手数料": 300, "制限事項1": "日曜・休日を除く", "制限事項2": "１月１日〜３日を除く", "種別": "パーキング・メーター", "普通車": true, "貨物用有り": false, "二輪車": false, "標章車専用有り": false }, "geometry": { "type": "MultiLineString", "coordinates": [ [ [ 139.798068678534349, 35.689421738720917 ], [ 139.797724007249883, 35.693096204043592 ], [ 139.797656504352716, 35.69396550224792 ] ], [ [ 139.797783602802667, 35.694000775611222 ], [ 139.798000878963649, 35.691737670298778 ], [ 139.798210680015387, 35.689486729197775 ] ] ] } },
{ "type": "Feature", "properties": { "識別id": 806, "利用時間": "09:30-19:00", "制限時間": 60, "手数料": 300, "制限事項1": "日曜・休日を除く", "制限事項2": "１月１日〜３日を除く", "種別": "パーキング・メーター", "普通車": true, "貨物用有り": true, "二輪車": false, "標章車専用有り": false }, "geometry": { "type": "MultiLineString", "coordinates": [ [ [ 139.79705275832157, 35.700343177259526 ], [ 139.79682017843237, 35.703611409471527 ], [ 139.797929666077806, 35.706299127214677 ] ], [ [ 139.798072064728132, 35.706280548215268 ], [ 139.796953796511559, 35.703524442062893 ], [ 139.797179107381226, 35.700367119438226 ] ] ] } },
{ "type": "Feature", "properties": { "識別id": 808, "利用時間": "09:00-19:00", "制限時間": 60, "手数料": 300, "制限事項1": "日曜・休日を除く", "制限事項2": "１月１日〜３日を除く", "種別": "パーキング・メーター", "普通車": true, "貨物用有り": true, "二輪車": false, "標章車専用有り": false }, "geometry": { "type": "MultiLineString", "coordinates": [ [ [ 139.773302496686512, 35.670952794982796 ], [ 139.773794065160217, 35.670737474860324 ], [ 139.774498062287989, 35.670434404171715 ] ] ] } },
{ "type": "Feature", "properties": { "識別id": 809, "利用時間": "09:00-19:00", "制限時間": 60, "手数料": 300, "制限事項1": "日曜・休日を除く", "制限事項2": "１月１日〜３日を除く", "種別": "パーキング・メーター", "普通車": true, "貨物用有り": false, "二輪車": false, "標章車専用有り": false }, "geometry": { "type": "MultiLineString", "coordinates": [ [ [ 139.745075821705342, 35.604940946249826 ], [ 139.745297535641612, 35.60662183918933 ], [ 139.745303762433878, 35.606953356121302 ], [ 139.744957696776424, 35.610769918729169 ] ], [ [ 139.745047439138403, 35.610768669062431 ], [ 139.74540669886926, 35.606808355133772 ], [ 139.745178745085894, 35.604959548215213 ] ] ] } },
{ "type": "Feature", "properties": { "識別id": 811, "利用時間": "09:00-19:00", "制限時間": 60, "手数料": 300, "制限事項1": "日曜・休日を除く", "制限事項2": "１月１日〜３日を除く", "種別": "パーキング・メーター", "普通車": true, "貨物用有り": false, "二輪車": false, "標章車専用有り": false }, "geometry": { "type": "MultiLineString", "coordinates": [ [ [ 139.74499114521214, 35.614631379047673 ], [ 139.745141076742954, 35.615051600631283 ], [ 139.745615774048588, 35.61624510500144 ], [ 139.745642058040232, 35.616408300405091 ], [ 139.745636463580695, 35.61653671198281 ] ], [ [ 139.745777391742308, 35.616427142065795 ], [ 139.745244700983761, 35.61505036971225 ], [ 139.745140638686848, 35.614770209989878 ] ] ] } },
{ "type": "Feature", "properties": { "識別id": 813, "利用時間": "09:00-19:00", "制限時間": 60, "手数料": 300, "制限事項1": "日曜・休日を除く", "制限事項2": "１月１日〜３日を除く", "種別": "パーキング・メーター", "普通車": true, "貨物用有り": false, "二輪車": false, "標章車専用有り": false }, "geometry": { "type": "MultiLineString", "coordinates": [ [ [ 139.744893935057746, 35.612848444724875 ], [ 139.745020874217545, 35.611001800011991 ] ] ] } },
{ "type": "Feature", "properties": { "識別id": 814, "利用時間": "09:00-19:00", "制限時間": 60, "手数料": 300, "制限事項1": "日曜・休日を除く", "制限事項2": "１月１日〜３日を除く", "種別": "パーキング・メーター", "普通車": true, "貨物用有り": false, "二輪車": false, "標章車専用有り": false }, "geometry": { "type": "MultiLineString", "coordinates": [ [ [ 139.744695951091472, 35.619159269959916 ], [ 139.744229690954825, 35.619463902338168 ], [ 139.743719827780751, 35.619684580425677 ], [ 139.74346959797515, 35.619844093529338 ], [ 139.743153847055027, 35.620063880941267 ], [ 139.742873590376718, 35.620276845907114 ], [ 139.742514164944851, 35.620614726101827 ], [ 139.741370769574985, 35.62173419128893 ] ], [ [ 139.741379949801143, 35.621878334248585 ], [ 139.74278857934209, 35.620505177024697 ], [ 139.74303936092906, 35.620284501671755 ], [ 139.743482404544864, 35.619964214009414 ], [ 139.743705773380469, 35.619813585655265 ], [ 139.744379017823093, 35.619462469404624 ], [ 139.744767265672181, 35.619193571702887 ] ] ] } },
{ "type": "Feature", "properties": { "識別id": 816, "利用時間": "09:00-19:00", "制限時間": 60, "手数料": 300, "制限事項1": "土・日曜、休日を除く", "制限事項2": "１月１日〜３日を除く", "種別": "パーキング・メーター", "普通車": true, "貨物用有り": true, "二輪車": false, "標章車専用有り": false }, "geometry": { "type": "MultiLineString", "coordinates": [ [ [ 139.888935549341369, 35.724907330300574 ], [ 139.888098243194889, 35.727231291837043 ], [ 139.887539947878992, 35.728698090018881 ] ], [ [ 139.887596513841345, 35.728761678206958 ], [ 139.888166272116422, 35.727267318721097 ], [ 139.888711429495231, 35.725784502729425 ], [ 139.889010841149656, 35.724931985086442 ] ] ] } },
{ "type": "Feature", "properties": { "識別id": 818, "利用時間": "09:00-20:00", "制限時間": 60, "手数料": 300, "制限事項1": "日曜・休日を除く", "制限事項2": "１月１日〜３日を除く", "種別": "パーキング・チケット", "普通車": true, "貨物用有り": true, "二輪車": false, "標章車専用有り": false }, "geometry": { "type": "MultiLineString", "coordinates": [ [ [ 139.691889575990643, 35.667964168305382 ], [ 139.692665517122691, 35.668161340989194 ], [ 139.692949045279391, 35.668229974028399 ], [ 139.69310647042289, 35.668258903576643 ], [ 139.693336365331248, 35.668286660857859 ], [ 139.693514240854995, 35.668298523260965 ], [ 139.694373203514061, 35.668339341296495 ], [ 139.700032840785013, 35.668553417096994 ], [ 139.700243746875969, 35.668581449551795 ], [ 139.700634000149165, 35.668675643075062 ], [ 139.700836177652263, 35.668738923590602 ], [ 139.701899540692665, 35.669193027630463 ] ], [ [ 139.701756386562522, 35.668953255580327 ], [ 139.7008799054571, 35.668569943029006 ], [ 139.700614714268909, 35.668467067953209 ], [ 139.700292523748715, 35.668389813104369 ], [ 139.700092267881615, 35.668360440879731 ], [ 139.69440331893037, 35.668143465751832 ], [ 139.693696266234866, 35.668131922994249 ], [ 139.693463040036988, 35.668124077039131 ], [ 139.693229951284621, 35.668099385821421 ], [ 139.693014915601054, 35.668059037667739 ], [ 139.691973461208022, 35.667793535396072 ] ] ] } },
{ "type": "Feature", "properties": { "識別id": 820, "利用時間": "09:00-19:00", "制限時間": 60, "手数料": 300, "制限事項1": "日曜・休日を除く", "制限事項2": "１月１日〜３日を除く", "種別": "パーキング・チケット", "普通車": true, "貨物用有り": false, "二輪車": false, "標章車専用有り": false }, "geometry": { "type": "MultiLineString", "coordinates": [ [ [ 139.709696551880171, 35.700871284189688 ], [ 139.710137964543804, 35.700952368473772 ], [ 139.71162389378992, 35.701367009388314 ], [ 139.712371803261448, 35.701405258532063 ], [ 139.712943601610618, 35.701419435728312 ] ], [ [ 139.712916543520606, 35.701300967064185 ], [ 139.712582081539779, 35.70128928810027 ], [ 139.712101071150499, 35.70130492779748 ], [ 139.71139505485678, 35.701223469213254 ], [ 139.709690254410901, 35.70077592216149 ] ] ] } },
{ "type": "Feature", "properties": { "識別id": 822, "利用時間": "09:00-19:00", "制限時間": 60, "手数料": 300, "制限事項1": "日曜・休日を除く", "制限事項2": "１月１日〜３日を除く", "種別": "パーキング・チケット", "普通車": true, "貨物用有り": false, "二輪車": false, "標章車専用有り": false }, "geometry": { "type": "MultiLineString", "coordinates": [ [ [ 139.690243590271677, 35.791682389753355 ], [ 139.689432905110635, 35.792083808004826 ], [ 139.688794073041834, 35.792475918038981 ], [ 139.68839866993298, 35.792790157055762 ] ] ] } },
{ "type": "Feature", "properties": { "識別id": 823, "利用時間": "09:00-19:00", "制限時間": 60, "手数料": 300, "制限事項1": "日曜・休日を除く", "制限事項2": "１月１日〜３日を除く", "種別": "パーキング・メーター", "普通車": true, "貨物用有り": false, "二輪車": false, "標章車専用有り": false }, "geometry": { "type": "MultiLineString", "coordinates": [ [ [ 139.784860196744717, 35.704745613246118 ], [ 139.786808299249913, 35.704767854563535 ], [ 139.787913954168147, 35.704768276857351 ] ] ] } },
{ "type": "Feature", "properties": { "識別id": 824, "利用時間": "09:00-19:00", "制限時間": 60, "手数料": 300, "制限事項1": "日曜・休日を除く", "制限事項2": "１月１日〜３日を除く", "種別": "パーキング・メーター", "普通車": true, "貨物用有り": false, "二輪車": false, "標章車専用有り": false }, "geometry": { "type": "MultiLineString", "coordinates": [ [ [ 139.782017405553432, 35.673302224447845 ], [ 139.780779644130348, 35.674649151398391 ] ], [ [ 139.780873769594649, 35.674675986526367 ], [ 139.78211811928216, 35.673312956304983 ] ] ] } },
{ "type": "Feature", "properties": { "識別id": 826, "利用時間": "09:00-19:00", "制限時間": 60, "手数料": 300, "制限事項1": "日曜・休日を除く", "制限事項2": "１月１日〜３日を除く", "種別": "パーキング・メーター", "普通車": true, "貨物用有り": false, "二輪車": false, "標章車専用有り": false }, "geometry": { "type": "MultiLineString", "coordinates": [ [ [ 139.782991748915805, 35.672261733404888 ], [ 139.782142464850295, 35.673179366773702 ] ] ] } },
{ "type": "Feature", "properties": { "識別id": 827, "利用時間": "09:00-19:00", "制限時間": 60, "手数料": 300, "制限事項1": "日曜・休日を除く", "制限事項2": "１月１日〜３日を除く", "種別": "パーキング・メーター", "普通車": true, "貨物用有り": true, "二輪車": false, "標章車専用有り": false }, "geometry": { "type": "MultiLineString", "coordinates": [ [ [ 139.776925208158389, 35.665254852267189 ], [ 139.777156794492385, 35.665439484967088 ], [ 139.777387875710787, 35.665572379709509 ], [ 139.777478986052216, 35.665643341241015 ], [ 139.77785339923588, 35.665960992764859 ], [ 139.777880751942149, 35.666008500358934 ], [ 139.777890450788874, 35.666039218047828 ], [ 139.777893487004405, 35.666114829684304 ], [ 139.777870236197941, 35.666185469198318 ] ], [ [ 139.777924122228626, 35.666193093601407 ], [ 139.777942579797411, 35.666141894685758 ], [ 139.777947653471045, 35.666065291131495 ], [ 139.777931789436366, 35.666000704153888 ], [ 139.777890046198536, 35.665931125610129 ], [ 139.777555659161607, 35.665647667821837 ], [ 139.77739931280999, 35.665523036370708 ], [ 139.77727129379744, 35.665454805338364 ], [ 139.777201422479664, 35.665406272341919 ], [ 139.776985830513325, 35.665241144974466 ] ] ] } },
{ "type": "Feature", "properties": { "識別id": 829, "利用時間": "09:00-19:00", "制限時間": 60, "手数料": 300, "制限事項1": "日曜・休日を除く", "制限事項2": "１月１日〜３日を除く", "種別": "パーキング・チケット", "普通車": true, "貨物用有り": true, "二輪車": false, "標章車専用有り": false }, "geometry": { "type": "MultiLineString", "coordinates": [ [ [ 139.776551853158395, 35.66555393937859 ], [ 139.776654061900217, 35.665567591299251 ], [ 139.776744909036609, 35.665593266691694 ], [ 139.776861021040787, 35.665654434580169 ], [ 139.777408388192669, 35.66616303792842 ], [ 139.777611393170247, 35.66642822769326 ] ], [ [ 139.777631247523601, 35.666302358023003 ], [ 139.777486723235342, 35.666107572111898 ], [ 139.776946393136853, 35.665608068426167 ], [ 139.776890870049556, 35.665571574286666 ], [ 139.776801830753755, 35.665526752618298 ], [ 139.776653562825572, 35.665477707418866 ] ] ] } },
{ "type": "Feature", "properties": { "識別id": 831, "利用時間": "09:00-19:00", "制限時間": 60, "手数料": 300, "制限事項1": "日曜・休日を除く", "制限事項2": "１月１日〜３日を除く", "種別": "パーキング・メーター", "普通車": true, "貨物用有り": false, "二輪車": false, "標章車専用有り": false }, "geometry": { "type": "MultiLineString", "coordinates": [ [ [ 139.722771104134551, 35.661301188333773 ], [ 139.72261898421354, 35.661440668420113 ], [ 139.722065007467023, 35.661800432723467 ], [ 139.721295895998992, 35.662260692202281 ], [ 139.721060769385645, 35.662520710312364 ], [ 139.720876589060339, 35.662980575672847 ], [ 139.720651857030276, 35.663683880732059 ], [ 139.720387709747058, 35.664231710843346 ] ] ] } },
{ "type": "Feature", "properties": { "識別id": 832, "利用時間": "09:00-19:00", "制限時間": 60, "手数料": 300, "制限事項1": "日曜・休日を除く", "制限事項2": "１月１日〜３日を除く", "種別": "パーキング・メーター", "普通車": true, "貨物用有り": true, "二輪車": false, "標章車専用有り": false }, "geometry": { "type": "MultiLineString", "coordinates": [ [ [ 139.730620843821811, 35.586055234699806 ], [ 139.730015509740753, 35.587036249975149 ], [ 139.729976209751641, 35.58716408937714 ] ], [ [ 139.730008505355869, 35.587162822132512 ], [ 139.73013347418825, 35.586984881076326 ], [ 139.730726046655292, 35.586040729542667 ] ] ] } },
{ "type": "Feature", "properties": { "識別id": 834, "利用時間": "09:00-19:00", "制限時間": 60, "手数料": 300, "制限事項1": "日曜・休日を除く", "制限事項2": "１月１日〜３日を除く", "種別": "パーキング・メーター", "普通車": true, "貨物用有り": false, "二輪車": false, "標章車専用有り": false }, "geometry": { "type": "MultiLineString", "coordinates": [ [ [ 139.71383203271543, 35.701332929948926 ], [ 139.712916543520606, 35.701300967064185 ] ], [ [ 139.712943601610618, 35.701419435728312 ], [ 139.713951113678092, 35.701444409410421 ] ] ] } },
{ "type": "Feature", "properties": { "識別id": 836, "利用時間": "09:00-19:00", "制限時間": 60, "手数料": 300, "制限事項1": "日曜・休日を除く", "制限事項2": "１月１日〜３日を除く", "種別": "パーキング・メーター", "普通車": true, "貨物用有り": false, "二輪車": false, "標章車専用有り": false }, "geometry": { "type": "MultiLineString", "coordinates": [ [ [ 139.714094605637314, 35.701444014758245 ], [ 139.714548197997942, 35.701433739383504 ], [ 139.716555303135323, 35.701226394158361 ] ] ] } },
{ "type": "Feature", "properties": { "識別id": 837, "利用時間": "09:00-19:00", "制限時間": 60, "手数料": 300, "制限事項1": "土・日曜、休日を除く", "制限事項2": "１月１日〜３日を除く", "種別": "パーキング・チケット", "普通車": true, "貨物用有り": false, "二輪車": false, "標章車専用有り": false }, "geometry": { "type": "MultiLineString", "coordinates": [ [ [ 139.758284382776139, 35.732305364698988 ], [ 139.75700307176831, 35.733060385676858 ], [ 139.756367229956169, 35.73344486456952 ] ], [ [ 139.756445593518976, 35.733522316860025 ], [ 139.758354889136513, 35.732393458488374 ] ] ] } },
{ "type": "Feature", "properties": { "識別id": 839, "利用時間": "09:00-19:00", "制限時間": 60, "手数料": 300, "制限事項1": "日曜・休日を除く", "制限事項2": "１月１日〜３日を除く", "種別": "パーキング・メーター", "普通車": true, "貨物用有り": true, "二輪車": false, "標章車専用有り": false }, "geometry": { "type": "MultiLineString", "coordinates": [ [ [ 139.723852286030166, 35.774538976628691 ], [ 139.724162643628517, 35.774706488248079 ], [ 139.724611081554883, 35.774878425673478 ], [ 139.725059659104119, 35.774982662491325 ], [ 139.725441813605045, 35.775032662120829 ], [ 139.72599695612476, 35.775051255493651 ] ], [ [ 139.726012882726252, 35.774987753297779 ], [ 139.725383933310525, 35.774969046587202 ], [ 139.724881942397786, 35.774886760417864 ], [ 139.724447398539354, 35.774745566157399 ], [ 139.72431327368966, 35.774695322685027 ], [ 139.723873960964312, 35.774481791278468 ] ] ] } },
{ "type": "Feature", "properties": { "識別id": 841, "利用時間": "09:00-19:00", "制限時間": 60, "手数料": 300, "制限事項1": "日曜・休日を除く", "制限事項2": "１月１日〜３日を除く", "種別": "パーキング・メーター", "普通車": true, "貨物用有り": true, "二輪車": false, "標章車専用有り": false }, "geometry": { "type": "MultiLineString", "coordinates": [ [ [ 139.722746204962306, 35.773445744829012 ], [ 139.722878864169587, 35.77369425725 ], [ 139.723144127889242, 35.774019306426048 ], [ 139.723487150233012, 35.774313030003007 ], [ 139.72373646312343, 35.774475940284034 ] ], [ [ 139.723767464717611, 35.774395080984839 ], [ 139.72349455207717, 35.77422675251136 ], [ 139.723232585402656, 35.773994577658947 ], [ 139.723015166030791, 35.773757781374243 ], [ 139.722853891149271, 35.773485077546468 ] ] ] } },
{ "type": "Feature", "properties": { "識別id": 843, "利用時間": "09:00-19:00", "制限時間": 60, "手数料": 300, "制限事項1": "日曜・休日を除く", "制限事項2": "１月１日〜３日を除く", "種別": "パーキング・メーター", "普通車": true, "貨物用有り": true, "二輪車": false, "標章車専用有り": false }, "geometry": { "type": "MultiLineString", "coordinates": [ [ [ 139.722426475873903, 35.779413478089083 ], [ 139.72242557030799, 35.78006549434982 ], [ 139.722447310725329, 35.780423394292448 ], [ 139.722428963630875, 35.781623968442531 ] ], [ [ 139.722601407028179, 35.781614941596239 ], [ 139.72260925128333, 35.779966345274076 ], [ 139.7225933206322, 35.779431978846716 ] ] ] } },
{ "type": "Feature", "properties": { "識別id": 845, "利用時間": "09:00-19:00", "制限時間": 60, "手数料": 300, "制限事項1": "日曜・休日を除く", "制限事項2": "１月１日〜３日を除く", "種別": "パーキング・メーター", "普通車": true, "貨物用有り": true, "二輪車": false, "標章車専用有り": false }, "geometry": { "type": "MultiLineString", "coordinates": [ [ [ 139.78148397238553, 35.7208853265033 ], [ 139.782516795137951, 35.722013115821142 ] ] ] } },
{ "type": "Feature", "properties": { "識別id": 846, "利用時間": "09:00-19:00", "制限時間": 60, "手数料": 300, "制限事項1": "日曜・休日を除く", "制限事項2": "１月１日〜３日を除く", "種別": "パーキング・メーター", "普通車": true, "貨物用有り": false, "二輪車": false, "標章車専用有り": false }, "geometry": { "type": "MultiLineString", "coordinates": [ [ [ 139.798394695440436, 35.707972746867277 ], [ 139.799644062203072, 35.709558939297963 ] ] ] } },
{ "type": "Feature", "properties": { "識別id": 851, "利用時間": "09:00-19:00", "制限時間": 60, "手数料": 300, "制限事項1": null, "制限事項2": "１月１日〜３日を除く", "種別": "パーキング・チケット", "普通車": true, "貨物用有り": true, "二輪車": false, "標章車専用有り": false }, "geometry": { "type": "MultiLineString", "coordinates": [ [ [ 139.419556027385283, 35.69310647261257 ], [ 139.420399213183572, 35.692804726765381 ] ], [ [ 139.420377202324687, 35.692726251032916 ], [ 139.419517825151928, 35.693032099667853 ] ] ] } },
{ "type": "Feature", "properties": { "識別id": 853, "利用時間": "09:00-19:00", "制限時間": 60, "手数料": 300, "制限事項1": null, "制限事項2": "１月１日〜３日を除く", "種別": "パーキング・メーター", "普通車": true, "貨物用有り": true, "二輪車": false, "標章車専用有り": false }, "geometry": { "type": "MultiLineString", "coordinates": [ [ [ 139.425454375150196, 35.691655882062051 ], [ 139.425523444234074, 35.691883267143893 ], [ 139.425584994415175, 35.69225614337217 ], [ 139.426001521037648, 35.6946457527498 ], [ 139.426270112106749, 35.696124603841049 ] ], [ [ 139.426361103274843, 35.696117262804741 ], [ 139.426093266144875, 35.694613045080864 ], [ 139.425679082989888, 35.692241219421028 ], [ 139.425618340170985, 35.691881915879442 ], [ 139.425547044678751, 35.69165342251376 ] ] ] } },
{ "type": "Feature", "properties": { "識別id": 855, "利用時間": "09:00-19:00", "制限時間": 60, "手数料": 300, "制限事項1": null, "制限事項2": "１月１日〜３日を除く", "種別": "パーキング・メーター", "普通車": true, "貨物用有り": true, "二輪車": false, "標章車専用有り": false }, "geometry": { "type": "MultiLineString", "coordinates": [ [ [ 139.483864423967248, 35.701677855151011 ], [ 139.484112502714737, 35.702041370060023 ], [ 139.484410211415479, 35.702500904625246 ], [ 139.484759980962338, 35.703122409628534 ], [ 139.485146768811774, 35.703886710655297 ], [ 139.485470823197716, 35.704520307850984 ] ], [ [ 139.485555484805388, 35.704486276945488 ], [ 139.485239437716615, 35.703880686473212 ], [ 139.484850430221201, 35.703118514648502 ], [ 139.484503444873781, 35.702491128561093 ], [ 139.484197886214417, 35.702019197143883 ], [ 139.483942996177745, 35.701639055823414 ] ] ] } },
{ "type": "Feature", "properties": { "識別id": 857, "利用時間": "09:00-19:00", "制限時間": 60, "手数料": 300, "制限事項1": null, "制限事項2": "１月１日〜３日を除く", "種別": "パーキング・メーター", "普通車": true, "貨物用有り": false, "二輪車": false, "標章車専用有り": false }, "geometry": { "type": "MultiLineString", "coordinates": [ [ [ 139.474025146322532, 35.537039330880937 ], [ 139.471898041953978, 35.536863970849843 ], [ 139.471555506542273, 35.536856398349592 ], [ 139.471365477919363, 35.536879691722056 ], [ 139.470708094336317, 35.537033273730714 ], [ 139.469733980987542, 35.537281010488279 ], [ 139.468813670622666, 35.537501689666939 ], [ 139.468525537707961, 35.53755157161941 ] ], [ [ 139.468525590929971, 35.537627729409678 ], [ 139.468880199005667, 35.537562982243074 ], [ 139.469874047514764, 35.537325015754504 ], [ 139.470737594783031, 35.537102254403131 ], [ 139.471375779062697, 35.536958398327414 ], [ 139.471550526250269, 35.53693334174482 ], [ 139.47189005680886, 35.536942477288221 ], [ 139.474049389315212, 35.537117751207354 ] ] ] } },
{ "type": "Feature", "properties": { "識別id": 859, "利用時間": "09:00-19:00", "制限時間": 60, "手数料": 300, "制限事項1": "日曜・休日を除く", "制限事項2": "１月１日〜３日を除く", "種別": "パーキング・メーター", "普通車": true, "貨物用有り": false, "二輪車": false, "標章車専用有り": false }, "geometry": { "type": "MultiLineString", "coordinates": [ [ [ 139.784917354458713, 35.708323260052602 ], [ 139.782284404481885, 35.708547642364742 ] ] ] } },
{ "type": "Feature", "properties": { "識別id": 860, "利用時間": "09:00-19:00", "制限時間": 60, "手数料": 300, "制限事項1": "日曜・休日を除く", "制限事項2": "１月１日〜３日を除く", "種別": "パーキング・メーター", "普通車": true, "貨物用有り": false, "二輪車": false, "標章車専用有り": false }, "geometry": { "type": "MultiLineString", "coordinates": [ [ [ 139.730509715269733, 35.591761888266085 ], [ 139.731093952413147, 35.59145309723641 ], [ 139.731357540776571, 35.591262715733073 ], [ 139.731639711615571, 35.591098314032699 ], [ 139.731800184991897, 35.591017247770338 ], [ 139.732013210591674, 35.590924282280923 ], [ 139.734227674676958, 35.590335486889948 ], [ 139.734618562935395, 35.590250016191092 ], [ 139.735479714321912, 35.590129569441586 ] ], [ [ 139.735449682237515, 35.590042615269063 ], [ 139.734590000591112, 35.590162474844561 ], [ 139.734365564524182, 35.590207945693876 ], [ 139.733603317629218, 35.590421939845058 ], [ 139.732031750827531, 35.590849464245323 ], [ 139.731691493458243, 35.590995389724078 ], [ 139.731134087558729, 35.591299338031021 ], [ 139.73049219514462, 35.591623907929204 ] ] ] } },
{ "type": "Feature", "properties": { "識別id": 862, "利用時間": "09:00-19:00", "制限時間": 60, "手数料": 300, "制限事項1": "日曜・休日を除く", "制限事項2": "１月１日〜３日を除く", "種別": "パーキング・メーター", "普通車": true, "貨物用有り": true, "二輪車": false, "標章車専用有り": false }, "geometry": { "type": "MultiLineString", "coordinates": [ [ [ 139.819901579975607, 35.694148060822044 ], [ 139.819788692930672, 35.695760258880412 ] ], [ [ 139.819900874674147, 35.695770775177159 ], [ 139.820021219308416, 35.694147018593007 ] ] ] } },
{ "type": "Feature", "properties": { "識別id": 865, "利用時間": "09:00-19:00", "制限時間": 60, "手数料": 300, "制限事項1": "土・日曜、休日を除く", "制限事項2": "１月１日〜３日を除く", "種別": "パーキング・メーター", "普通車": true, "貨物用有り": true, "二輪車": false, "標章車専用有り": false }, "geometry": { "type": "MultiLineString", "coordinates": [ [ [ 139.754875697111203, 35.739762192187285 ], [ 139.7552770835633, 35.739333728876424 ], [ 139.755487385651719, 35.738975473330747 ], [ 139.755770961009489, 35.738315819510909 ] ], [ [ 139.755699775080188, 35.738214295801733 ], [ 139.755336500600947, 35.739079039126011 ], [ 139.755223567842307, 35.739252020235298 ], [ 139.754794587045041, 35.739713988099723 ] ] ] } },
{ "type": "Feature", "properties": { "識別id": 867, "利用時間": "09:00-19:00", "制限時間": 60, "手数料": 300, "制限事項1": "日曜・休日を除く", "制限事項2": "１月１日〜３日を除く", "種別": "パーキング・メーター", "普通車": true, "貨物用有り": false, "二輪車": false, "標章車専用有り": false }, "geometry": { "type": "MultiLineString", "coordinates": [ [ [ 139.776491324778959, 35.702642945434654 ], [ 139.777091737170792, 35.702598552146696 ], [ 139.777245632179671, 35.702583149116521 ], [ 139.778474452921756, 35.702502915522672 ], [ 139.778614243538016, 35.702494393470865 ], [ 139.780895663599665, 35.702299793188971 ] ], [ [ 139.780852029601533, 35.702167385680838 ], [ 139.779789175676115, 35.702261177582329 ], [ 139.7784462205301, 35.70236500220966 ], [ 139.777766595105959, 35.702407231617443 ], [ 139.776467513295472, 35.702503300434273 ] ] ] } },
{ "type": "Feature", "properties": { "識別id": 869, "利用時間": "09:00-19:00", "制限時間": 60, "手数料": 300, "制限事項1": "日曜・休日を除く", "制限事項2": "１月１日〜３日を除く", "種別": "パーキング・メーター", "普通車": true, "貨物用有り": true, "二輪車": false, "標章車専用有り": false }, "geometry": { "type": "MultiLineString", "coordinates": [ [ [ 139.730676259055571, 35.689738828333375 ], [ 139.730782024214079, 35.689809417646273 ], [ 139.73094703095768, 35.689873065044679 ], [ 139.731412157205341, 35.690025744020907 ], [ 139.732320638496532, 35.690268275715276 ], [ 139.733122434876179, 35.690941078362904 ], [ 139.733768695373101, 35.691439558237775 ], [ 139.733835988488977, 35.691528885922665 ] ] ] } },
{ "type": "Feature", "properties": { "識別id": 870, "利用時間": "09:00-19:00", "制限時間": 60, "手数料": 300, "制限事項1": "日曜・休日を除く", "制限事項2": "１月１日〜３日を除く", "種別": "パーキング・メーター", "普通車": true, "貨物用有り": true, "二輪車": false, "標章車専用有り": false }, "geometry": { "type": "MultiLineString", "coordinates": [ [ [ 139.819595106615168, 35.698217504071238 ], [ 139.819370815977265, 35.701326304717128 ] ], [ [ 139.819453177201439, 35.701319134383851 ], [ 139.819692377054849, 35.698234670513585 ] ] ] } },
{ "type": "Feature", "properties": { "識別id": 874, "利用時間": "09:00-19:00", "制限時間": 60, "手数料": 300, "制限事項1": "日曜・休日を除く", "制限事項2": "１月１日〜３日を除く", "種別": "パーキング・メーター", "普通車": true, "貨物用有り": true, "二輪車": false, "標章車専用有り": false }, "geometry": { "type": "MultiLineString", "coordinates": [ [ [ 139.776807954989295, 35.674736979938537 ], [ 139.777223964698919, 35.67542324128874 ], [ 139.779967243299296, 35.679832877900623 ] ], [ [ 139.78013683848215, 35.67971498958002 ], [ 139.777438955935395, 35.675385383004453 ], [ 139.777044681423718, 35.674740218492133 ] ] ] } },
{ "type": "Feature", "properties": { "識別id": 876, "利用時間": "09:00-19:00", "制限時間": 60, "手数料": 300, "制限事項1": "日曜・休日を除く", "制限事項2": "１月１日〜３日を除く", "種別": "パーキング・メーター", "普通車": true, "貨物用有り": false, "二輪車": false, "標章車専用有り": false }, "geometry": { "type": "MultiLineString", "coordinates": [ [ [ 139.814912589320159, 35.670811456322895 ], [ 139.816239700439382, 35.670860322738257 ] ] ] } },
{ "type": "Feature", "properties": { "識別id": 877, "利用時間": "09:00-19:00", "制限時間": 60, "手数料": 300, "制限事項1": "日曜・休日を除く", "制限事項2": "１月１日〜３日を除く", "種別": "パーキング・メーター", "普通車": true, "貨物用有り": true, "二輪車": false, "標章車専用有り": false }, "geometry": { "type": "MultiLineString", "coordinates": [ [ [ 139.816500688535655, 35.670872528693479 ], [ 139.819572434394757, 35.670994595683005 ] ] ] } },
{ "type": "Feature", "properties": { "識別id": 879, "利用時間": "09:00-19:00", "制限時間": 60, "手数料": 300, "制限事項1": "日曜・休日を除く", "制限事項2": "１月１日〜３日を除く", "種別": "パーキング・メーター", "普通車": true, "貨物用有り": false, "二輪車": false, "標章車専用有り": false }, "geometry": { "type": "MultiLineString", "coordinates": [ [ [ 139.677890223625184, 35.6473598415091 ], [ 139.677753364035993, 35.647646014652324 ], [ 139.677678223007547, 35.647938460646479 ], [ 139.67766869468943, 35.648170961786178 ], [ 139.677682520944927, 35.648412731545584 ] ], [ [ 139.677783258414479, 35.648403773119355 ], [ 139.677770318321762, 35.648170601199325 ], [ 139.677771422155843, 35.647957248172652 ], [ 139.677843604780293, 35.647669769579409 ], [ 139.67796248003711, 35.647412572948205 ] ] ] } },
{ "type": "Feature", "properties": { "識別id": 881, "利用時間": "09:00-19:00", "制限時間": 60, "手数料": 300, "制限事項1": "日曜・休日を除く", "制限事項2": "１月１日〜３日を除く", "種別": "パーキング・メーター", "普通車": true, "貨物用有り": false, "二輪車": false, "標章車専用有り": false }, "geometry": { "type": "MultiLineString", "coordinates": [ [ [ 139.745268087240532, 35.61467776375121 ], [ 139.747653001964068, 35.615468813216744 ] ], [ [ 139.747638256035145, 35.61538352022437 ], [ 139.745123061100315, 35.614555782061259 ] ] ] } },
{ "type": "Feature", "properties": { "識別id": 883, "利用時間": "09:00-19:00", "制限時間": 60, "手数料": 300, "制限事項1": "日曜・休日を除く", "制限事項2": "１月１日〜３日を除く", "種別": "パーキング・メーター", "普通車": true, "貨物用有り": false, "二輪車": false, "標章車専用有り": false }, "geometry": { "type": "MultiLineString", "coordinates": [ [ [ 139.745955802966876, 35.616565069100872 ], [ 139.747572280859487, 35.616975415661337 ] ], [ [ 139.747598686446651, 35.616896018426303 ], [ 139.745784624436482, 35.616433029866727 ] ] ] } },
{ "type": "Feature", "properties": { "識別id": 885, "利用時間": "09:00-19:00", "制限時間": 60, "手数料": 300, "制限事項1": "日曜・休日を除く", "制限事項2": "１月１日〜３日を除く", "種別": "パーキング・メーター", "普通車": true, "貨物用有り": false, "二輪車": false, "標章車専用有り": false }, "geometry": { "type": "MultiLineString", "coordinates": [ [ [ 139.715801255316563, 35.687778047852603 ], [ 139.71560339841875, 35.688351119396295 ], [ 139.715588676030222, 35.68941401269614 ], [ 139.715475644307929, 35.689748737945003 ], [ 139.714815395216192, 35.690812037014005 ], [ 139.714517252790415, 35.691236750806105 ] ], [ [ 139.714676644013281, 35.691260221191172 ], [ 139.715382297180639, 35.690219163778998 ], [ 139.71566541638083, 35.689699826116502 ], [ 139.715764057608936, 35.689363632794624 ], [ 139.715751787881914, 35.688768542655922 ], [ 139.715778760258161, 35.688380844412002 ], [ 139.715990587359101, 35.68770379180345 ] ] ] } },
{ "type": "Feature", "properties": { "識別id": 887, "利用時間": "09:00-19:00", "制限時間": 60, "手数料": 300, "制限事項1": "日曜・休日を除く", "制限事項2": "１月１日〜３日を除く", "種別": "パーキング・メーター", "普通車": true, "貨物用有り": false, "二輪車": false, "標章車専用有り": false }, "geometry": { "type": "MultiLineString", "coordinates": [ [ [ 139.633624097574, 35.73551990692949 ], [ 139.634993014055539, 35.735731522744985 ], [ 139.638244431292236, 35.736193133033737 ] ], [ [ 139.638287164847895, 35.736098255720918 ], [ 139.635937138910322, 35.735793774439884 ], [ 139.633501738604679, 35.735408575803753 ] ] ] } },
{ "type": "Feature", "properties": { "識別id": 890, "利用時間": "09:00-19:00", "制限時間": 60, "手数料": 300, "制限事項1": "日曜・休日を除く", "制限事項2": "１月１日〜３日を除く", "種別": "パーキング・メーター", "普通車": true, "貨物用有り": true, "二輪車": false, "標章車専用有り": false }, "geometry": { "type": "MultiLineString", "coordinates": [ [ [ 139.77205120735934, 35.667755797707905 ], [ 139.774228111316177, 35.669518244988666 ], [ 139.775063822332982, 35.670469541527403 ], [ 139.776029796477843, 35.672918840102575 ] ], [ [ 139.776264585241535, 35.672928281663197 ], [ 139.775733307167599, 35.67158153522599 ], [ 139.775274195786466, 35.670402794081376 ], [ 139.774434801080304, 35.669492865967904 ], [ 139.774159852015543, 35.669236602041281 ], [ 139.772172322791448, 35.667618497631388 ] ] ] } },
{ "type": "Feature", "properties": { "識別id": 892, "利用時間": "09:00-19:00", "制限時間": 60, "手数料": 300, "制限事項1": "日曜・休日を除く", "制限事項2": "１月１日〜３日を除く", "種別": "パーキング・メーター", "普通車": true, "貨物用有り": false, "二輪車": false, "標章車専用有り": false }, "geometry": { "type": "MultiLineString", "coordinates": [ [ [ 139.868824428089624, 35.668251970071658 ], [ 139.868683853466138, 35.667817655078039 ], [ 139.868144499940541, 35.666053518632182 ] ], [ [ 139.868052475354204, 35.666046641594107 ], [ 139.868614165351318, 35.667883265732911 ], [ 139.868695114824504, 35.668270149055857 ] ] ] } },
{ "type": "Feature", "properties": { "識別id": 894, "利用時間": "09:00-19:00", "制限時間": 60, "手数料": 300, "制限事項1": "日曜・休日を除く", "制限事項2": "１月１日〜３日を除く", "種別": "パーキング・メーター", "普通車": true, "貨物用有り": true, "二輪車": false, "標章車専用有り": false }, "geometry": { "type": "MultiLineString", "coordinates": [ [ [ 139.867391380602498, 35.663473560660229 ], [ 139.867671275191611, 35.664649191892131 ], [ 139.867815805097621, 35.665268235267746 ], [ 139.868030561450297, 35.66596539067222 ] ], [ [ 139.868124932032487, 35.665976419394383 ], [ 139.867922925096678, 35.665316056177332 ], [ 139.867757995852941, 35.664666651813342 ], [ 139.867626864941229, 35.664125198999741 ], [ 139.867455579607139, 35.663347515450674 ] ] ] } },
{ "type": "Feature", "properties": { "識別id": 896, "利用時間": "09:00-19:00", "制限時間": 60, "手数料": 300, "制限事項1": "日曜・休日を除く", "制限事項2": "１月１日〜３日を除く", "種別": "パーキング・メーター", "普通車": true, "貨物用有り": true, "二輪車": false, "標章車専用有り": false }, "geometry": { "type": "MultiLineString", "coordinates": [ [ [ 139.866933252929726, 35.661384856973406 ], [ 139.867350465185922, 35.66327447395863 ] ], [ [ 139.86743398554546, 35.663248083317491 ], [ 139.867014443887996, 35.661386147734483 ] ] ] } },
{ "type": "Feature", "properties": { "識別id": 898, "利用時間": "09:00-19:00", "制限時間": 60, "手数料": 300, "制限事項1": "日曜・休日を除く", "制限事項2": "１月１日〜３日を除く", "種別": "パーキング・メーター", "普通車": true, "貨物用有り": false, "二輪車": false, "標章車専用有り": false }, "geometry": { "type": "MultiLineString", "coordinates": [ [ [ 139.747952381548345, 35.615552167769621 ], [ 139.748740533558504, 35.615767684104426 ], [ 139.750340547166729, 35.616261347128152 ] ], [ [ 139.75031261573784, 35.616160889447364 ], [ 139.748765745304297, 35.615695397719847 ], [ 139.747997249576315, 35.615478577721497 ] ] ] } },
{ "type": "Feature", "properties": { "識別id": 900, "利用時間": "09:00-19:00", "制限時間": 60, "手数料": 300, "制限事項1": "日曜・休日を除く", "制限事項2": "１月１日〜３日を除く", "種別": "パーキング・メーター", "普通車": true, "貨物用有り": true, "二輪車": false, "標章車専用有り": false }, "geometry": { "type": "MultiLineString", "coordinates": [ [ [ 139.747337925962398, 35.61776065221833 ], [ 139.746746960181838, 35.619359651704961 ], [ 139.746298185138272, 35.62027104923451 ] ], [ [ 139.746423024261077, 35.620405440794755 ], [ 139.747019534154617, 35.619166798399355 ], [ 139.747500111114931, 35.617837625681148 ] ] ] } },
{ "type": "Feature", "properties": { "識別id": 902, "利用時間": "09:00-19:00", "制限時間": 60, "手数料": 300, "制限事項1": "日曜・休日を除く", "制限事項2": "１月１日〜３日を除く", "種別": "パーキング・チケット", "普通車": true, "貨物用有り": false, "二輪車": false, "標章車専用有り": false }, "geometry": { "type": "MultiLineString", "coordinates": [ [ [ 139.703504676707638, 35.639232727109906 ], [ 139.702585392846686, 35.640285978163668 ], [ 139.700846618826688, 35.642363083954407 ] ], [ [ 139.700870787039179, 35.642750449304948 ], [ 139.702027888038543, 35.641360646377052 ], [ 139.703497188594213, 35.639513568691036 ] ] ] } },
{ "type": "Feature", "properties": { "識別id": 906, "利用時間": "09:00-19:00", "制限時間": 60, "手数料": 300, "制限事項1": "日曜・休日を除く", "制限事項2": "１月１日〜３日を除く", "種別": "パーキング・メーター", "普通車": true, "貨物用有り": true, "二輪車": false, "標章車専用有り": false }, "geometry": { "type": "MultiLineString", "coordinates": [ [ [ 139.789443694818829, 35.726502839325597 ], [ 139.789470991611523, 35.724743236463773 ], [ 139.78943904244656, 35.722984170737938 ], [ 139.789400417508347, 35.72139247013024 ] ], [ [ 139.789343517915825, 35.721402876265238 ], [ 139.789375390623064, 35.723302234704349 ], [ 139.78939385277846, 35.725650574634038 ], [ 139.789354523941284, 35.726519886811971 ] ] ] } },
{ "type": "Feature", "properties": { "識別id": 908, "利用時間": "09:00-19:00", "制限時間": 60, "手数料": 300, "制限事項1": "日曜・休日を除く", "制限事項2": "１月１日〜３日を除く", "種別": "パーキング・メーター", "普通車": true, "貨物用有り": false, "二輪車": false, "標章車専用有り": false }, "geometry": { "type": "MultiLineString", "coordinates": [ [ [ 139.789560466834757, 35.719029382624903 ], [ 139.789429230022535, 35.718261663613674 ] ] ] } },
{ "type": "Feature", "properties": { "識別id": 909, "利用時間": "09:00-19:00", "制限時間": 60, "手数料": 300, "制限事項1": "日曜・休日を除く", "制限事項2": "１月１日〜３日を除く", "種別": "パーキング・メーター", "普通車": true, "貨物用有り": false, "二輪車": false, "標章車専用有り": false }, "geometry": { "type": "MultiLineString", "coordinates": [ [ [ 139.780079921286472, 35.697855751432058 ], [ 139.780201023337867, 35.698599162654425 ], [ 139.780294241161045, 35.699082288160206 ], [ 139.780470332078607, 35.700063848653066 ], [ 139.78065409825814, 35.701057255266434 ], [ 139.78074878387298, 35.70154695780198 ], [ 139.780874900719112, 35.702156931062753 ] ], [ [ 139.78100196199108, 35.702063048296488 ], [ 139.780780141526805, 35.701036083116279 ], [ 139.780631437807074, 35.700164610290045 ], [ 139.78048281251543, 35.699236626880435 ], [ 139.780245581540072, 35.697899437926452 ] ] ] } },
{ "type": "Feature", "properties": { "識別id": 911, "利用時間": "09:00-19:00", "制限時間": 60, "手数料": 300, "制限事項1": "日曜・休日を除く", "制限事項2": "１月１日〜３日を除く", "種別": "パーキング・メーター", "普通車": true, "貨物用有り": false, "二輪車": false, "標章車専用有り": false }, "geometry": { "type": "MultiLineString", "coordinates": [ [ [ 139.786859580825762, 35.710695236697859 ], [ 139.786900562456424, 35.711083453839819 ], [ 139.787005157517541, 35.712334352654501 ], [ 139.78723415662887, 35.714728674007951 ] ] ] } },
{ "type": "Feature", "properties": { "識別id": 912, "利用時間": "09:00-19:00", "制限時間": 60, "手数料": 300, "制限事項1": null, "制限事項2": "１月１日〜３日を除く", "種別": "パーキング・メーター", "普通車": true, "貨物用有り": false, "二輪車": false, "標章車専用有り": false }, "geometry": { "type": "MultiLineString", "coordinates": [ [ [ 139.532655282816989, 35.657695255059593 ], [ 139.53319512044996, 35.657644480114328 ], [ 139.537104983147998, 35.65733910152634 ] ], [ [ 139.537080369458408, 35.657270122992877 ], [ 139.534337951013725, 35.657487964583979 ], [ 139.533164200566233, 35.657573276915777 ], [ 139.532786182265539, 35.657599570348765 ] ] ] } },
{ "type": "Feature", "properties": { "識別id": 914, "利用時間": "09:00-19:00", "制限時間": 60, "手数料": 300, "制限事項1": null, "制限事項2": "１月１日〜３日を除く", "種別": "パーキング・メーター", "普通車": true, "貨物用有り": true, "二輪車": false, "標章車専用有り": false }, "geometry": { "type": "MultiLineString", "coordinates": [ [ [ 139.76974156607676, 35.703053152189689 ], [ 139.771587113592119, 35.703033809972077 ] ], [ [ 139.771552253589135, 35.702873195677761 ], [ 139.769735009241657, 35.702911647753169 ] ] ] } },
{ "type": "Feature", "properties": { "識別id": 916, "利用時間": "09:00-19:00", "制限時間": 60, "手数料": 300, "制限事項1": null, "制限事項2": "１月１日〜３日を除く", "種別": "パーキング・メーター", "普通車": true, "貨物用有り": true, "二輪車": false, "標章車専用有り": false }, "geometry": { "type": "MultiLineString", "coordinates": [ [ [ 139.771894150569636, 35.703023391375751 ], [ 139.772219431423991, 35.702990045596223 ], [ 139.773662421030792, 35.702867355077579 ], [ 139.775152513045839, 35.702757862015169 ] ], [ [ 139.775126232778803, 35.702616273441208 ], [ 139.773621984493388, 35.70273445524353 ], [ 139.772196133516076, 35.702845194740107 ], [ 139.772135933898227, 35.702864116709279 ], [ 139.771935907572725, 35.702872856630201 ] ] ] } },
{ "type": "Feature", "properties": { "識別id": 920, "利用時間": "09:00-19:00", "制限時間": 60, "手数料": 300, "制限事項1": "日曜・休日を除く", "制限事項2": "１月１日〜３日を除く", "種別": "パーキング・メーター", "普通車": true, "貨物用有り": true, "二輪車": false, "標章車専用有り": false }, "geometry": { "type": "MultiLineString", "coordinates": [ [ [ 139.780984732406893, 35.67167555184249 ], [ 139.779919217969137, 35.671685817704578 ], [ 139.779315650497011, 35.671717667005048 ], [ 139.778158898771181, 35.672033501287061 ], [ 139.776221455887878, 35.672566187926336 ] ] ] } },
{ "type": "Feature", "properties": { "識別id": 921, "利用時間": "09:00-19:00", "制限時間": 60, "手数料": 300, "制限事項1": "日曜・休日を除く", "制限事項2": "１月１日〜３日を除く", "種別": "パーキング・チケット", "普通車": true, "貨物用有り": true, "二輪車": false, "標章車専用有り": false }, "geometry": { "type": "MultiLineString", "coordinates": [ [ [ 139.747314909940883, 35.631730392255889 ], [ 139.750241302601893, 35.631544552037738 ] ] ] } },
{ "type": "Feature", "properties": { "識別id": 922, "利用時間": "09:00-19:00", "制限時間": 60, "手数料": 300, "制限事項1": "日曜・休日を除く", "制限事項2": "１月１日〜３日を除く", "種別": "パーキング・チケット", "普通車": true, "貨物用有り": true, "二輪車": false, "標章車専用有り": false }, "geometry": { "type": "MultiLineString", "coordinates": [ [ [ 139.750217059178993, 35.631310186518782 ], [ 139.748783052158302, 35.631410409760683 ] ] ] } },
{ "type": "Feature", "properties": { "識別id": 923, "利用時間": "09:00-20:00", "制限時間": 60, "手数料": 300, "制限事項1": "日曜・休日を除く", "制限事項2": "１月１日〜３日を除く", "種別": "パーキング・メーター", "普通車": true, "貨物用有り": true, "二輪車": false, "標章車専用有り": false }, "geometry": { "type": "MultiLineString", "coordinates": [ [ [ 139.694290991174341, 35.665128423854142 ], [ 139.69427415767089, 35.66489344308517 ], [ 139.694304014220705, 35.664788068875595 ], [ 139.694337302591691, 35.664716884947829 ], [ 139.694376076463698, 35.664662408930283 ], [ 139.694460490674032, 35.664582270447937 ], [ 139.694534395923512, 35.6645493536682 ], [ 139.694764389639204, 35.664450245775733 ] ] ] } },
{ "type": "Feature", "properties": { "識別id": 924, "利用時間": "09:00-20:00", "制限時間": 60, "手数料": 300, "制限事項1": "日曜・休日を除く", "制限事項2": "１月１日〜３日を除く", "種別": "パーキング・メーター", "普通車": true, "貨物用有り": true, "二輪車": false, "標章車専用有り": false }, "geometry": { "type": "MultiLineString", "coordinates": [ [ [ 139.691967316670031, 35.66778024922845 ], [ 139.692388835146318, 35.667214471723099 ], [ 139.692799324891865, 35.666710159389929 ], [ 139.692947325517622, 35.666595584818083 ], [ 139.693043609925923, 35.666540111823679 ], [ 139.693442424781438, 35.666346096246926 ], [ 139.693563800135877, 35.666270181419172 ], [ 139.693651394423654, 35.666200895692015 ], [ 139.693778632704948, 35.666077032116995 ], [ 139.693998138696514, 35.665781096519872 ], [ 139.695417691860911, 35.663802451151696 ] ] ] } },
{ "type": "Feature", "properties": { "識別id": 926, "利用時間": "09:00-19:00", "制限時間": 60, "手数料": 300, "制限事項1": "日曜・休日を除く", "制限事項2": "１月１日〜３日を除く", "種別": "パーキング・メーター", "普通車": true, "貨物用有り": false, "二輪車": false, "標章車専用有り": false }, "geometry": { "type": "MultiLineString", "coordinates": [ [ [ 139.625246209281158, 35.758370839821531 ], [ 139.62257969430118, 35.758350097549958 ], [ 139.621969197095041, 35.758418564179046 ], [ 139.621332080310253, 35.758631621134512 ], [ 139.620679032580881, 35.758893378972587 ] ] ] } },
{ "type": "Feature", "properties": { "識別id": 927, "利用時間": "09:00-19:00", "制限時間": 60, "手数料": 300, "制限事項1": "日曜・休日を除く", "制限事項2": "１月１日〜３日を除く", "種別": "パーキング・メーター", "普通車": true, "貨物用有り": true, "二輪車": false, "標章車専用有り": false }, "geometry": { "type": "MultiLineString", "coordinates": [ [ [ 139.620689655572534, 35.759059372540769 ], [ 139.621936431529775, 35.758690857093249 ], [ 139.622610400901351, 35.758605896755071 ], [ 139.625265465921075, 35.75862662892844 ] ] ] } },
{ "type": "Feature", "properties": { "識別id": 929, "利用時間": "09:00-19:00", "制限時間": 60, "手数料": 300, "制限事項1": "日曜・休日を除く", "制限事項2": "１月１日〜３日を除く", "種別": "パーキング・メーター", "普通車": true, "貨物用有り": true, "二輪車": false, "標章車専用有り": false }, "geometry": { "type": "MultiLineString", "coordinates": [ [ [ 139.789509822162415, 35.719279995771217 ], [ 139.789384354476283, 35.720052790788102 ], [ 139.789318258895065, 35.720669436227432 ], [ 139.789331143409782, 35.721157468479397 ] ], [ [ 139.789407791076968, 35.721152526461353 ], [ 139.789394875740612, 35.720668830591293 ], [ 139.789500754353412, 35.719793245697844 ], [ 139.789566860286158, 35.719299336754375 ] ] ] } },
{ "type": "Feature", "properties": { "識別id": 931, "利用時間": "09:00-19:00", "制限時間": 60, "手数料": 300, "制限事項1": "日曜・休日を除く", "制限事項2": "１月１日〜３日を除く", "種別": "パーキング・メーター", "普通車": true, "貨物用有り": true, "二輪車": false, "標章車専用有り": false }, "geometry": { "type": "MultiLineString", "coordinates": [ [ [ 139.802974188691621, 35.676148263875291 ], [ 139.803421128646448, 35.677688068446116 ], [ 139.803793220528547, 35.680154531433764 ], [ 139.80370295393692, 35.682199390635319 ] ] ] } },
{ "type": "Feature", "properties": { "識別id": 932, "利用時間": "09:00-19:00", "制限時間": 60, "手数料": 300, "制限事項1": "日曜・休日を除く", "制限事項2": "１月１日〜３日を除く", "種別": "パーキング・メーター", "普通車": true, "貨物用有り": true, "二輪車": false, "標章車専用有り": false }, "geometry": { "type": "MultiLineString", "coordinates": [ [ [ 139.803695420652417, 35.682411061980666 ], [ 139.803574932826592, 35.685568701415399 ], [ 139.803372665086982, 35.688008427637534 ] ] ] } },
{ "type": "Feature", "properties": { "識別id": 933, "利用時間": "09:00-19:00", "制限時間": 60, "手数料": 300, "制限事項1": "日曜・休日を除く", "制限事項2": "１月１日〜３日を除く", "種別": "パーキング・メーター", "普通車": true, "貨物用有り": false, "二輪車": false, "標章車専用有り": false }, "geometry": { "type": "MultiLineString", "coordinates": [ [ [ 139.806249650576376, 35.700813556352443 ], [ 139.805867750905293, 35.705223644883709 ], [ 139.805560790671734, 35.708514327151882 ] ] ] } },
{ "type": "Feature", "properties": { "識別id": 934, "利用時間": "09:00-19:00", "制限時間": 60, "手数料": 300, "制限事項1": "日曜・休日を除く", "制限事項2": "１月１日〜３日を除く", "種別": "パーキング・メーター", "普通車": true, "貨物用有り": false, "二輪車": false, "標章車専用有り": false }, "geometry": { "type": "MultiLineString", "coordinates": [ [ [ 139.806489449585001, 35.697472306095776 ], [ 139.806249722990458, 35.700617582002906 ] ] ] } },
{ "type": "Feature", "properties": { "識別id": 935, "利用時間": "09:00-19:00", "制限時間": 60, "手数料": 300, "制限事項1": null, "制限事項2": "１月１日〜３日を除く", "種別": "パーキング・チケット", "普通車": true, "貨物用有り": false, "二輪車": false, "標章車専用有り": false }, "geometry": { "type": "MultiLineString", "coordinates": [ [ [ 139.472691854485021, 35.536054015157966 ], [ 139.472715576901493, 35.536226855693194 ], [ 139.472708447960486, 35.536360305705436 ], [ 139.4726807447326, 35.536575983140494 ] ] ] } },
{ "type": "Feature", "properties": { "識別id": 936, "利用時間": "09:00-19:00", "制限時間": 60, "手数料": 300, "制限事項1": "日曜・休日を除く", "制限事項2": "１月１日〜３日を除く", "種別": "パーキング・メーター", "普通車": true, "貨物用有り": false, "二輪車": false, "標章車専用有り": false }, "geometry": { "type": "MultiLineString", "coordinates": [ [ [ 139.80611587511072, 35.686822756269002 ], [ 139.805718298744068, 35.691448839073907 ], [ 139.805651682407841, 35.692142415729521 ] ], [ [ 139.805800430731836, 35.69212895278509 ], [ 139.806010078928182, 35.689689389958176 ], [ 139.806257149074639, 35.686810582257301 ] ] ] } },
{ "type": "Feature", "properties": { "識別id": 938, "利用時間": "09:00-19:00", "制限時間": 60, "手数料": 300, "制限事項1": null, "制限事項2": "１月１日〜３日を除く", "種別": "パーキング・チケット", "普通車": true, "貨物用有り": false, "二輪車": false, "標章車専用有り": false }, "geometry": { "type": "MultiLineString", "coordinates": [ [ [ 139.472833311600169, 35.536351318002176 ], [ 139.472879646572295, 35.536273593554078 ], [ 139.472949797960183, 35.536205835842097 ], [ 139.473630397341509, 35.535807281756703 ] ] ] } },
{ "type": "Feature", "properties": { "識別id": 939, "利用時間": "09:00-19:00", "制限時間": 60, "手数料": 300, "制限事項1": "日曜・休日を除く", "制限事項2": "１月１日〜３日を除く", "種別": "パーキング・チケット", "普通車": true, "貨物用有り": false, "二輪車": false, "標章車専用有り": false }, "geometry": { "type": "MultiLineString", "coordinates": [ [ [ 139.68096540831084, 35.641967057590115 ], [ 139.680044386607932, 35.64322467154647 ], [ 139.679567276497323, 35.644128651079598 ] ] ] } },
{ "type": "Feature", "properties": { "識別id": 940, "利用時間": "09:00-19:00", "制限時間": 60, "手数料": 300, "制限事項1": "日曜・休日を除く", "制限事項2": "１月１日〜３日を除く", "種別": "パーキング・チケット", "普通車": true, "貨物用有り": false, "二輪車": false, "標章車専用有り": false }, "geometry": { "type": "MultiLineString", "coordinates": [ [ [ 139.679671701784372, 35.644150628683462 ], [ 139.680139566128929, 35.643263516179168 ], [ 139.681171257222104, 35.641862734756181 ], [ 139.681537778821365, 35.641335165909609 ] ] ] } },
{ "type": "Feature", "properties": { "識別id": 942, "利用時間": "09:00-19:00", "制限時間": 60, "手数料": 300, "制限事項1": "日曜・休日を除く", "制限事項2": "１月１日〜３日を除く", "種別": "パーキング・メーター", "普通車": true, "貨物用有り": true, "二輪車": false, "標章車専用有り": false }, "geometry": { "type": "MultiLineString", "coordinates": [ [ [ 139.777775070256524, 35.671075393196233 ], [ 139.776499565065592, 35.671394855481019 ] ] ] } },
{ "type": "Feature", "properties": { "識別id": 943, "利用時間": "09:00-19:00", "制限時間": 60, "手数料": 300, "制限事項1": "日曜・休日を除く", "制限事項2": "１月１日〜３日を除く", "種別": "パーキング・メーター", "普通車": true, "貨物用有り": true, "二輪車": false, "標章車専用有り": false }, "geometry": { "type": "MultiLineString", "coordinates": [ [ [ 139.776031351808768, 35.672069696316292 ], [ 139.776533858431037, 35.671951675041797 ], [ 139.778639431226537, 35.6714319354259 ] ] ] } },
{ "type": "Feature", "properties": { "識別id": 946, "利用時間": "09:00-19:00", "制限時間": 60, "手数料": 300, "制限事項1": "日曜・休日を除く", "制限事項2": "１月１日〜３日を除く", "種別": "パーキング・メーター", "普通車": true, "貨物用有り": false, "二輪車": false, "標章車専用有り": false }, "geometry": { "type": "MultiLineString", "coordinates": [ [ [ 139.752192907189368, 35.659176118672221 ], [ 139.751177983899765, 35.659323370679324 ] ] ] } },
{ "type": "Feature", "properties": { "識別id": 947, "利用時間": "09:00-19:00", "制限時間": 60, "手数料": 300, "制限事項1": "日曜・休日を除く", "制限事項2": "１月１日〜３日を除く", "種別": "パーキング・メーター", "普通車": true, "貨物用有り": false, "二輪車": false, "標章車専用有り": false }, "geometry": { "type": "MultiLineString", "coordinates": [ [ [ 139.750932531664034, 35.654958897545889 ], [ 139.75008867244037, 35.654991374562677 ] ] ] } },
{ "type": "Feature", "properties": { "識別id": 948, "利用時間": "09:00-20:00", "制限時間": 60, "手数料": 300, "制限事項1": "日曜・休日を除く", "制限事項2": "１月１日〜３日を除く", "種別": "パーキング・メーター", "普通車": true, "貨物用有り": true, "二輪車": false, "標章車専用有り": false }, "geometry": { "type": "MultiLineString", "coordinates": [ [ [ 139.70173037960538, 35.666802371665135 ], [ 139.70188067294194, 35.66843180601532 ], [ 139.701913523118122, 35.668633138153339 ], [ 139.70194104570578, 35.668834229748775 ] ], [ [ 139.702060442300535, 35.668861471127769 ], [ 139.702024156725031, 35.668660689735248 ], [ 139.70199139749684, 35.668404678078169 ], [ 139.701844998564638, 35.666794358436093 ] ] ] } },
{ "type": "Feature", "properties": { "識別id": 950, "利用時間": "09:00-19:00", "制限時間": 60, "手数料": 300, "制限事項1": "日曜・休日を除く", "制限事項2": "１月１日〜３日を除く", "種別": "パーキング・メーター", "普通車": true, "貨物用有り": true, "二輪車": false, "標章車専用有り": false }, "geometry": { "type": "MultiLineString", "coordinates": [ [ [ 139.709418064264213, 35.714865910564654 ], [ 139.704538458790267, 35.716068661559987 ] ] ] } },
{ "type": "Feature", "properties": { "識別id": 951, "利用時間": "09:00-19:00", "制限時間": 60, "手数料": 300, "制限事項1": "日曜・休日を除く", "制限事項2": "１月１日〜３日を除く", "種別": "パーキング・メーター", "普通車": true, "貨物用有り": false, "二輪車": false, "標章車専用有り": false }, "geometry": { "type": "MultiLineString", "coordinates": [ [ [ 139.666021785439398, 35.783230762529463 ], [ 139.666300993528779, 35.784133019216959 ] ], [ [ 139.666393607007137, 35.784173186541707 ], [ 139.66612330186598, 35.78321368095402 ] ] ] } },
{ "type": "Feature", "properties": { "識別id": 953, "利用時間": "09:00-19:00", "制限時間": 60, "手数料": 300, "制限事項1": "日曜・休日を除く", "制限事項2": "１月１日〜３日を除く", "種別": "パーキング・メーター", "普通車": true, "貨物用有り": true, "二輪車": false, "標章車専用有り": false }, "geometry": { "type": "MultiLineString", "coordinates": [ [ [ 139.673474606114837, 35.781132472134701 ], [ 139.673519214752815, 35.781878489360942 ], [ 139.673648838593039, 35.782930574622831 ], [ 139.674018824931295, 35.785703737513359 ] ], [ [ 139.674187921869787, 35.785689811042111 ], [ 139.674025702650226, 35.784444195544054 ], [ 139.673798348226825, 35.782824822579158 ], [ 139.673649080448598, 35.781672248786982 ], [ 139.673623831077947, 35.781113607578902 ] ] ] } },
{ "type": "Feature", "properties": { "識別id": 955, "利用時間": "09:00-19:00", "制限時間": 60, "手数料": 300, "制限事項1": "日曜・休日を除く", "制限事項2": "１月１日〜３日を除く", "種別": "パーキング・メーター", "普通車": true, "貨物用有り": false, "二輪車": false, "標章車専用有り": false }, "geometry": { "type": "MultiLineString", "coordinates": [ [ [ 139.638345534106804, 35.736214738351478 ], [ 139.639228072451203, 35.736323593035117 ], [ 139.641399809083708, 35.736761902915028 ], [ 139.641582830623008, 35.736783517894608 ], [ 139.643950403299385, 35.736797991853905 ], [ 139.645202056926195, 35.736424249713636 ], [ 139.645520304533051, 35.73641393636381 ], [ 139.647403717893809, 35.736475926761102 ] ], [ [ 139.64737697593489, 35.736375801624483 ], [ 139.645323645383684, 35.736340414821981 ], [ 139.645049274569317, 35.736371934195198 ], [ 139.64402055274266, 35.736714145354206 ], [ 139.641541428903594, 35.736704843382284 ], [ 139.640565884914253, 35.73652047998079 ], [ 139.639677716252464, 35.736309738156493 ], [ 139.638427684131841, 35.736114539666076 ] ] ] } },
{ "type": "Feature", "properties": { "識別id": 957, "利用時間": "09:00-19:00", "制限時間": 60, "手数料": 300, "制限事項1": "日曜・休日を除く", "制限事項2": "１月１日〜３日を除く", "種別": "パーキング・メーター", "普通車": true, "貨物用有り": false, "二輪車": false, "標章車専用有り": false }, "geometry": { "type": "MultiLineString", "coordinates": [ [ [ 139.812601347875784, 35.708525707459046 ], [ 139.812728642020602, 35.706633667167118 ] ] ] } },
{ "type": "Feature", "properties": { "識別id": 960, "利用時間": "09:00-19:00", "制限時間": 60, "手数料": 300, "制限事項1": "日曜・休日を除く", "制限事項2": "１月１日〜３日を除く", "種別": "パーキング・メーター", "普通車": true, "貨物用有り": false, "二輪車": false, "標章車専用有り": false }, "geometry": { "type": "MultiLineString", "coordinates": [ [ [ 139.741591499679743, 35.622088801964182 ], [ 139.742415844780169, 35.622533071886956 ], [ 139.745285276193727, 35.622154609243701 ] ] ] } },
{ "type": "Feature", "properties": { "識別id": 963, "利用時間": "09:00-19:00", "制限時間": 60, "手数料": 300, "制限事項1": "日曜・休日を除く", "制限事項2": "１月１日〜３日を除く", "種別": "パーキング・メーター", "普通車": true, "貨物用有り": false, "二輪車": false, "標章車専用有り": false }, "geometry": { "type": "MultiLineString", "coordinates": [ [ [ 139.621828530366855, 35.628128747875671 ], [ 139.623501382043571, 35.627866242475754 ], [ 139.624639309929819, 35.627720578574213 ] ] ] } },
{ "type": "Feature", "properties": { "識別id": 964, "利用時間": "09:00-19:00", "制限時間": 60, "手数料": 300, "制限事項1": "日曜・休日を除く", "制限事項2": "１月１日〜３日を除く", "種別": "パーキング・メーター", "普通車": true, "貨物用有り": true, "二輪車": false, "標章車専用有り": false }, "geometry": { "type": "MultiLineString", "coordinates": [ [ [ 139.833906837204211, 35.689788653581594 ], [ 139.833847182196166, 35.690572790506344 ] ] ] } },
{ "type": "Feature", "properties": { "識別id": 966, "利用時間": "09:00-19:00", "制限時間": 60, "手数料": 300, "制限事項1": "日曜・休日を除く", "制限事項2": "１月１日〜３日を除く", "種別": "パーキング・メーター", "普通車": true, "貨物用有り": false, "二輪車": false, "標章車専用有り": false }, "geometry": { "type": "MultiLineString", "coordinates": [ [ [ 139.795935275811956, 35.675520300742413 ], [ 139.795694009184786, 35.675222792068688 ] ] ] } },
{ "type": "Feature", "properties": { "識別id": 967, "利用時間": "08:00-20:00", "制限時間": 60, "手数料": 300, "制限事項1": null, "制限事項2": "１月１日〜３日を除く", "種別": "パーキング・メーター", "普通車": true, "貨物用有り": false, "二輪車": false, "標章車専用有り": false }, "geometry": { "type": "MultiLineString", "coordinates": [ [ [ 139.768626068762131, 35.689204830938387 ], [ 139.768698177110281, 35.689089488174865 ], [ 139.768828770498573, 35.688974626895835 ], [ 139.769209394870131, 35.688536472015826 ], [ 139.769968356439847, 35.687693816503739 ] ], [ [ 139.769869661185908, 35.68758669992566 ], [ 139.769252138622761, 35.688227809418933 ], [ 139.768931574328178, 35.688593492692796 ], [ 139.768451175759793, 35.689185029045625 ] ] ] } },
{ "type": "Feature", "properties": { "識別id": 969, "利用時間": "07:00-20:00", "制限時間": 60, "手数料": 300, "制限事項1": null, "制限事項2": "１月１日〜３日を除く", "種別": "パーキング・メーター", "普通車": true, "貨物用有り": false, "二輪車": false, "標章車専用有り": false }, "geometry": { "type": "MultiLineString", "coordinates": [ [ [ 139.769991719162903, 35.687700928443839 ], [ 139.770522621351546, 35.687898136888144 ], [ 139.772847608494345, 35.688657008391807 ] ] ] } },
{ "type": "Feature", "properties": { "識別id": 970, "利用時間": "09:00-19:00", "制限時間": 60, "手数料": 300, "制限事項1": "日曜・休日を除く", "制限事項2": "１月１日〜３日を除く", "種別": "パーキング・メーター", "普通車": true, "貨物用有り": false, "二輪車": false, "標章車専用有り": false }, "geometry": { "type": "MultiLineString", "coordinates": [ [ [ 139.787070183761699, 35.691761159922507 ], [ 139.787691395426492, 35.692198362712823 ] ] ] } },
{ "type": "Feature", "properties": { "識別id": 971, "利用時間": "09:00-19:00", "制限時間": 60, "手数料": 300, "制限事項1": "日曜・休日を除く", "制限事項2": "１月１日〜３日を除く", "種別": "パーキング・チケット", "普通車": true, "貨物用有り": false, "二輪車": false, "標章車専用有り": false }, "geometry": { "type": "MultiLineString", "coordinates": [ [ [ 139.750438281233045, 35.633913976960216 ], [ 139.749414147760518, 35.63426512645642 ], [ 139.748458880721728, 35.634569780092868 ], [ 139.748160767137648, 35.634682359787547 ] ], [ [ 139.748194060157118, 35.634727596039681 ], [ 139.748469693771312, 35.634658160326204 ], [ 139.749430295725347, 35.6343369452836 ], [ 139.750489217313913, 35.634015363790041 ] ] ] } },
{ "type": "Feature", "properties": { "識別id": 973, "利用時間": "09:00-19:00", "制限時間": 60, "手数料": 300, "制限事項1": "日曜・休日を除く", "制限事項2": "１月１日〜３日を除く", "種別": "パーキング・メーター", "普通車": true, "貨物用有り": false, "二輪車": false, "標章車専用有り": false }, "geometry": { "type": "MultiLineString", "coordinates": [ [ [ 139.677617907304153, 35.650521477343396 ], [ 139.677342331945226, 35.651441176737244 ] ], [ [ 139.677429482952277, 35.651518766793664 ], [ 139.677766864830858, 35.65045861835906 ] ] ] } },
{ "type": "Feature", "properties": { "識別id": 975, "利用時間": "09:00-19:00", "制限時間": 60, "手数料": 300, "制限事項1": "日曜・休日を除く", "制限事項2": "１月１日〜３日を除く", "種別": "パーキング・チケット", "普通車": true, "貨物用有り": true, "二輪車": false, "標章車専用有り": false }, "geometry": { "type": "MultiLineString", "coordinates": [ [ [ 139.722679239724101, 35.708358914750079 ], [ 139.724430498187132, 35.707931079443512 ], [ 139.725689325351226, 35.707593679746743 ], [ 139.726750513145817, 35.707540868679835 ] ], [ [ 139.726798487108141, 35.707392464393372 ], [ 139.725660835319388, 35.707477259648925 ], [ 139.723969741753365, 35.707899572084173 ], [ 139.722508004753251, 35.708252557135687 ] ] ] } },
{ "type": "Feature", "properties": { "識別id": 977, "利用時間": "09:00-19:00", "制限時間": 60, "手数料": 300, "制限事項1": "日曜・休日を除く", "制限事項2": "１月１日〜３日を除く", "種別": "パーキング・メーター", "普通車": true, "貨物用有り": false, "二輪車": false, "標章車専用有り": false }, "geometry": { "type": "MultiLineString", "coordinates": [ [ [ 139.779512863734766, 35.712877050786503 ], [ 139.78073731165972, 35.712689700384495 ] ] ] } },
{ "type": "Feature", "properties": { "識別id": 979, "利用時間": "09:00-21:00", "制限時間": 60, "手数料": 300, "制限事項1": null, "制限事項2": "１月１日〜３日を除く", "種別": "パーキング・メーター", "普通車": true, "貨物用有り": true, "二輪車": false, "標章車専用有り": false }, "geometry": { "type": "MultiLineString", "coordinates": [ [ [ 139.767017866382929, 35.671294467875285 ], [ 139.767872289475378, 35.670724573984891 ] ] ] } },
{ "type": "Feature", "properties": { "識別id": 980, "利用時間": "09:00-19:00", "制限時間": 60, "手数料": 300, "制限事項1": "日曜・休日を除く", "制限事項2": "１月１日〜３日を除く", "種別": "パーキング・メーター", "普通車": true, "貨物用有り": true, "二輪車": false, "標章車専用有り": false }, "geometry": { "type": "MultiLineString", "coordinates": [ [ [ 139.775475837090397, 35.670890683931582 ], [ 139.778211875432447, 35.670185859016826 ] ] ] } },
{ "type": "Feature", "properties": { "識別id": 981, "利用時間": "09:00-19:00", "制限時間": 60, "手数料": 300, "制限事項1": "日曜・休日を除く", "制限事項2": "１月１日〜３日を除く", "種別": "パーキング・メーター", "普通車": true, "貨物用有り": true, "二輪車": false, "標章車専用有り": false }, "geometry": { "type": "MultiLineString", "coordinates": [ [ [ 139.773199255698586, 35.674156263762377 ], [ 139.773177396882431, 35.673591625634238 ], [ 139.773134848632793, 35.673499499350037 ], [ 139.773101313804972, 35.673233492941272 ] ] ] } },
{ "type": "Feature", "properties": { "識別id": 982, "利用時間": "09:00-19:00", "制限時間": 60, "手数料": 300, "制限事項1": "日曜・休日を除く", "制限事項2": "１月１日〜３日を除く", "種別": "パーキング・メーター", "普通車": true, "貨物用有り": true, "二輪車": false, "標章車専用有り": false }, "geometry": { "type": "MultiLineString", "coordinates": [ [ [ 139.706932477393536, 35.658552281690334 ], [ 139.706840108465428, 35.659227478508178 ], [ 139.706718900430531, 35.65947151620356 ], [ 139.706506586097106, 35.659681699203517 ], [ 139.706112827380338, 35.660039375110429 ] ] ] } },
{ "type": "Feature", "properties": { "識別id": 983, "利用時間": "09:00-19:00", "制限時間": 60, "手数料": 300, "制限事項1": "日曜・休日を除く", "制限事項2": "１月１日〜３日を除く", "種別": "パーキング・メーター", "普通車": true, "貨物用有り": false, "二輪車": false, "標章車専用有り": false }, "geometry": { "type": "MultiLineString", "coordinates": [ [ [ 139.75433844909881, 35.640584986686036 ], [ 139.756008873246003, 35.640580702174319 ] ] ] } },
{ "type": "Feature", "properties": { "識別id": 984, "利用時間": "09:00-19:00", "制限時間": 60, "手数料": 300, "制限事項1": "日曜・休日を除く", "制限事項2": "１月１日〜３日を除く", "種別": "パーキング・メーター", "普通車": true, "貨物用有り": false, "二輪車": false, "標章車専用有り": false }, "geometry": { "type": "MultiLineString", "coordinates": [ [ [ 139.756065942789093, 35.640632827231023 ], [ 139.756041469681122, 35.641970285072141 ] ], [ [ 139.756156670482653, 35.641985079994363 ], [ 139.75617538953469, 35.640632675085612 ] ] ] } },
{ "type": "Feature", "properties": { "識別id": 986, "利用時間": "09:00-19:00", "制限時間": 60, "手数料": 300, "制限事項1": "日曜・休日を除く", "制限事項2": "１月１日〜３日を除く", "種別": "パーキング・メーター", "普通車": true, "貨物用有り": true, "二輪車": false, "標章車専用有り": false }, "geometry": { "type": "MultiLineString", "coordinates": [ [ [ 139.747218694431695, 35.735253847487677 ], [ 139.747290287681238, 35.735134393813645 ], [ 139.747756157202076, 35.73447728506239 ], [ 139.748318699536469, 35.733693608942929 ] ], [ [ 139.748156944455957, 35.733613878097493 ], [ 139.747050074459935, 35.735159163749003 ] ] ] } },
{ "type": "Feature", "properties": { "識別id": 988, "利用時間": "09:00-19:00", "制限時間": 60, "手数料": 300, "制限事項1": "日曜・休日を除く", "制限事項2": "１月１日〜３日を除く", "種別": "パーキング・メーター", "普通車": true, "貨物用有り": false, "二輪車": false, "標章車専用有り": false }, "geometry": { "type": "MultiLineString", "coordinates": [ [ [ 139.723893093058024, 35.720328183284892 ], [ 139.723211303137703, 35.721537016010636 ], [ 139.722978522358062, 35.722011818381326 ], [ 139.72289486553359, 35.722350929794857 ] ] ] } },
{ "type": "Feature", "properties": { "識別id": 989, "利用時間": "09:00-19:00", "制限時間": 60, "手数料": 300, "制限事項1": "日曜・休日を除く", "制限事項2": "１月１日〜３日を除く", "種別": "パーキング・メーター", "普通車": true, "貨物用有り": false, "二輪車": false, "標章車専用有り": false }, "geometry": { "type": "MultiLineString", "coordinates": [ [ [ 139.787959767515503, 35.707375460910768 ], [ 139.786274623619505, 35.707444607522945 ], [ 139.78508973074139, 35.707470982996824 ] ] ] } },
{ "type": "Feature", "properties": { "識別id": 990, "利用時間": "09:00-19:00", "制限時間": 60, "手数料": 300, "制限事項1": "日曜・休日を除く", "制限事項2": "１月１日〜３日を除く", "種別": "パーキング・チケット", "普通車": true, "貨物用有り": true, "二輪車": false, "標章車専用有り": false }, "geometry": { "type": "MultiLineString", "coordinates": [ [ [ 139.773879865013839, 35.663617816268676 ], [ 139.775244908859946, 35.664650642882954 ] ], [ [ 139.775295560190557, 35.664598600299662 ], [ 139.773875696579893, 35.663513651699994 ] ] ] } },
{ "type": "Feature", "properties": { "識別id": 992, "利用時間": "09:00-21:00", "制限時間": 60, "手数料": 300, "制限事項1": null, "制限事項2": "１月１日〜３日を除く", "種別": "パーキング・メーター", "普通車": true, "貨物用有り": true, "二輪車": false, "標章車専用有り": false }, "geometry": { "type": "MultiLineString", "coordinates": [ [ [ 139.7719222129586, 35.672627604425045 ], [ 139.772159585921429, 35.673389598325763 ] ] ] } },
{ "type": "Feature", "properties": { "識別id": 993, "利用時間": "09:00-19:00", "制限時間": 60, "手数料": 300, "制限事項1": "日曜・休日を除く", "制限事項2": "１月１日〜３日を除く", "種別": "パーキング・メーター", "普通車": true, "貨物用有り": true, "二輪車": false, "標章車専用有り": false }, "geometry": { "type": "MultiLineString", "coordinates": [ [ [ 139.780118335499651, 35.673252973902891 ], [ 139.780121281612054, 35.674029162004452 ] ] ] } },
{ "type": "Feature", "properties": { "識別id": 994, "利用時間": "09:00-19:00", "制限時間": 60, "手数料": 300, "制限事項1": "日曜・休日を除く", "制限事項2": "１月１日〜３日を除く", "種別": "パーキング・メーター", "普通車": true, "貨物用有り": false, "二輪車": false, "標章車専用有り": false }, "geometry": { "type": "MultiLineString", "coordinates": [ [ [ 139.748594218364559, 35.66167329894914 ], [ 139.748345767729887, 35.661435822704981 ], [ 139.748217274019169, 35.661233830675918 ], [ 139.748179272155056, 35.661203873342671 ], [ 139.748118189518692, 35.661197108114997 ], [ 139.747952270004618, 35.661227676551135 ], [ 139.747801422129896, 35.661272044307843 ], [ 139.747107458925029, 35.661455333425238 ] ] ] } },
{ "type": "Feature", "properties": { "識別id": 995, "利用時間": "09:00-19:00", "制限時間": 60, "手数料": 300, "制限事項1": null, "制限事項2": "１月１日〜３日を除く", "種別": "パーキング・メーター", "普通車": true, "貨物用有り": true, "二輪車": false, "標章車専用有り": false }, "geometry": { "type": "MultiLineString", "coordinates": [ [ [ 139.691611863107113, 35.685972272948241 ], [ 139.691406347248773, 35.686836335857897 ] ] ] } },
{ "type": "Feature", "properties": { "識別id": 996, "利用時間": "09:00-19:00", "制限時間": 60, "手数料": 300, "制限事項1": null, "制限事項2": "１月１日〜３日を除く", "種別": "パーキング・メーター", "普通車": true, "貨物用有り": true, "二輪車": false, "標章車専用有り": false }, "geometry": { "type": "MultiLineString", "coordinates": [ [ [ 139.767967774947607, 35.708285696993002 ], [ 139.76822171036639, 35.708379441388203 ], [ 139.768353639311499, 35.708416296421902 ], [ 139.768551575268873, 35.708434884742253 ], [ 139.768988650932698, 35.708446485515452 ] ] ] } },
{ "type": "Feature", "properties": { "識別id": 998, "利用時間": "09:00-19:00", "制限時間": 60, "手数料": 300, "制限事項1": "日曜・休日を除く", "制限事項2": "１月１日〜３日を除く", "種別": "パーキング・メーター", "普通車": true, "貨物用有り": true, "二輪車": false, "標章車専用有り": false }, "geometry": { "type": "MultiLineString", "coordinates": [ [ [ 139.782851802939035, 35.71671672429283 ], [ 139.783252652680261, 35.717828136320939 ] ], [ [ 139.783389436417252, 35.7177956557043 ], [ 139.78300174359282, 35.716694986291614 ] ] ] } },
{ "type": "Feature", "properties": { "識別id": 1001, "利用時間": "09:00-19:00", "制限時間": 60, "手数料": 300, "制限事項1": "日曜・休日を除く", "制限事項2": "１月１日〜３日を除く", "種別": "パーキング・メーター", "普通車": true, "貨物用有り": false, "二輪車": false, "標章車専用有り": false }, "geometry": { "type": "MultiLineString", "coordinates": [ [ [ 139.713323129619653, 35.634283018879906 ], [ 139.712986829461641, 35.634368782389025 ], [ 139.712643988706645, 35.63441149053115 ] ] ] } },
{ "type": "Feature", "properties": { "識別id": 1003, "利用時間": "09:00-19:00", "制限時間": 60, "手数料": 300, "制限事項1": "日曜・休日を除く", "制限事項2": "１月１日〜３日を除く", "種別": "パーキング・メーター", "普通車": true, "貨物用有り": true, "二輪車": false, "標章車専用有り": false }, "geometry": { "type": "MultiLineString", "coordinates": [ [ [ 139.774858796316437, 35.68460851894914 ], [ 139.776605740104998, 35.684876184486953 ] ], [ [ 139.776695748356104, 35.684778894883138 ], [ 139.774844691964489, 35.684494181122844 ] ] ] } },
{ "type": "Feature", "properties": { "識別id": 1005, "利用時間": "09:00-19:00", "制限時間": 60, "手数料": 300, "制限事項1": "日曜・休日を除く", "制限事項2": "１月１日〜３日を除く", "種別": "パーキング・メーター", "普通車": true, "貨物用有り": false, "二輪車": false, "標章車専用有り": false }, "geometry": { "type": "MultiLineString", "coordinates": [ [ [ 139.774609506449963, 35.657194837740903 ], [ 139.775497070467651, 35.657807263073948 ] ], [ [ 139.775594905218867, 35.657767556452541 ], [ 139.77468101786252, 35.657171224173233 ] ] ] } },
{ "type": "Feature", "properties": { "識別id": 1007, "利用時間": "09:00-19:00", "制限時間": 60, "手数料": 300, "制限事項1": "日曜・休日を除く", "制限事項2": "１月１日〜３日を除く", "種別": "パーキング・メーター", "普通車": true, "貨物用有り": false, "二輪車": false, "標章車専用有り": false }, "geometry": { "type": "MultiLineString", "coordinates": [ [ [ 139.665921319170792, 35.782704654358369 ], [ 139.665886542806419, 35.782532821425363 ] ] ] } },
{ "type": "Feature", "properties": { "識別id": 1008, "利用時間": "09:00-19:00", "制限時間": 60, "手数料": 300, "制限事項1": "日曜・休日を除く", "制限事項2": "１月１日〜３日を除く", "種別": "パーキング・メーター", "普通車": true, "貨物用有り": false, "二輪車": false, "標章車専用有り": false }, "geometry": { "type": "MultiLineString", "coordinates": [ [ [ 139.757898693239781, 35.668774202182199 ], [ 139.757067105187787, 35.669039530918653 ] ] ] } },
{ "type": "Feature", "properties": { "識別id": 1009, "利用時間": "09:00-19:00", "制限時間": 60, "手数料": 300, "制限事項1": "日曜・休日を除く", "制限事項2": "１月１日〜３日を除く", "種別": "パーキング・メーター", "普通車": true, "貨物用有り": false, "二輪車": false, "標章車専用有り": false }, "geometry": { "type": "MultiLineString", "coordinates": [ [ [ 139.756159087258908, 35.642784683126969 ], [ 139.756157616567378, 35.642058253748289 ] ] ] } },
{ "type": "Feature", "properties": { "識別id": 1010, "利用時間": "09:00-19:00", "制限時間": 60, "手数料": 300, "制限事項1": "日曜・休日を除く", "制限事項2": "１月１日〜３日を除く", "種別": "パーキング・メーター", "普通車": true, "貨物用有り": true, "二輪車": false, "標章車専用有り": false }, "geometry": { "type": "MultiLineString", "coordinates": [ [ [ 139.749876214473232, 35.648535024608798 ], [ 139.74995660277682, 35.648908693529663 ], [ 139.750104333021056, 35.649188872772768 ], [ 139.75016607428708, 35.649310497765086 ], [ 139.750257837241236, 35.649904727226769 ] ] ] } },
{ "type": "Feature", "properties": { "識別id": 1011, "利用時間": "09:30-19:00", "制限時間": 60, "手数料": 300, "制限事項1": null, "制限事項2": "１月１日〜３日を除く", "種別": "パーキング・メーター", "普通車": true, "貨物用有り": false, "二輪車": false, "標章車専用有り": false }, "geometry": { "type": "MultiLineString", "coordinates": [ [ [ 139.668846477436858, 35.643197090218663 ], [ 139.668061458609657, 35.64304620179162 ], [ 139.66743387310143, 35.643009933302466 ], [ 139.666348067055509, 35.642980230138932 ] ] ] } },
{ "type": "Feature", "properties": { "識別id": 1012, "利用時間": "09:00-19:00", "制限時間": 60, "手数料": 300, "制限事項1": "日曜・休日を除く", "制限事項2": "１月１日〜３日を除く", "種別": "パーキング・チケット", "普通車": true, "貨物用有り": false, "二輪車": false, "標章車専用有り": false }, "geometry": { "type": "MultiLineString", "coordinates": [ [ [ 139.768399052907199, 35.686332588111178 ], [ 139.768610372883245, 35.686889654878051 ] ] ] } },
{ "type": "Feature", "properties": { "識別id": 1014, "利用時間": "09:00-19:00", "制限時間": 60, "手数料": 300, "制限事項1": "日曜・休日を除く", "制限事項2": "１月１日〜３日を除く", "種別": "パーキング・メーター", "普通車": true, "貨物用有り": true, "二輪車": false, "標章車専用有り": false }, "geometry": { "type": "MultiLineString", "coordinates": [ [ [ 139.78381654625332, 35.71901439183938 ], [ 139.783448570007351, 35.717945942179298 ] ] ] } },
{ "type": "Feature", "properties": { "識別id": 1015, "利用時間": "09:00-21:00", "制限時間": 60, "手数料": 300, "制限事項1": null, "制限事項2": "１月１日〜３日を除く", "種別": "パーキング・メーター", "普通車": true, "貨物用有り": true, "二輪車": false, "標章車専用有り": false }, "geometry": { "type": "MultiLineString", "coordinates": [ [ [ 139.770551077694591, 35.670374522249297 ], [ 139.770128839605519, 35.670670165623228 ], [ 139.768971105284976, 35.671462719445806 ] ] ] } },
{ "type": "Feature", "properties": { "識別id": 1016, "利用時間": "09:00-21:00", "制限時間": 60, "手数料": 300, "制限事項1": null, "制限事項2": "１月１日〜３日を除く", "種別": "パーキング・メーター", "普通車": true, "貨物用有り": true, "二輪車": false, "標章車専用有り": false }, "geometry": { "type": "MultiLineString", "coordinates": [ [ [ 139.771663335400916, 35.673668470642717 ], [ 139.772189038710138, 35.673477434912229 ], [ 139.773036813532002, 35.673235349693705 ] ] ] } },
{ "type": "Feature", "properties": { "識別id": 1017, "利用時間": "09:00-19:00", "制限時間": 60, "手数料": 300, "制限事項1": null, "制限事項2": "１月１日〜３日を除く", "種別": "パーキング・メーター", "普通車": true, "貨物用有り": true, "二輪車": false, "標章車専用有り": false }, "geometry": { "type": "MultiLineString", "coordinates": [ [ [ 139.665546671986249, 35.711891187368778 ], [ 139.665949728991251, 35.713387940374552 ], [ 139.666125188991941, 35.714239409802786 ], [ 139.66848140498297, 35.716398078247494 ], [ 139.668560789189939, 35.716528102930468 ] ] ] } },
{ "type": "Feature", "properties": { "識別id": 1018, "利用時間": "09:00-21:00", "制限時間": 60, "手数料": 300, "制限事項1": null, "制限事項2": "１月１日〜３日を除く", "種別": "パーキング・メーター", "普通車": true, "貨物用有り": true, "二輪車": false, "標章車専用有り": false }, "geometry": { "type": "MultiLineString", "coordinates": [ [ [ 139.77100113043241, 35.672981868596338 ], [ 139.771528497044528, 35.6736025795838 ] ] ] } },
{ "type": "Feature", "properties": { "識別id": 1019, "利用時間": "09:00-19:00", "制限時間": 60, "手数料": 300, "制限事項1": "日曜・休日を除く", "制限事項2": "１月１日〜３日を除く", "種別": "パーキング・メーター", "普通車": true, "貨物用有り": true, "二輪車": false, "標章車専用有り": false }, "geometry": { "type": "MultiLineString", "coordinates": [ [ [ 139.766074219373536, 35.665632644349316 ], [ 139.766680719663412, 35.66512664331443 ], [ 139.767686552281901, 35.664367767228782 ] ], [ [ 139.767573416137282, 35.664274701049798 ], [ 139.766932993796559, 35.664753031680569 ], [ 139.766554915130882, 35.665045581843906 ], [ 139.765943033218235, 35.665537109446895 ] ] ] } },
{ "type": "Feature", "properties": { "識別id": 1021, "利用時間": "09:30-19:00", "制限時間": 60, "手数料": 300, "制限事項1": "日曜・休日を除く", "制限事項2": "１月１日〜３日を除く", "種別": "パーキング・メーター", "普通車": true, "貨物用有り": false, "二輪車": false, "標章車専用有り": false }, "geometry": { "type": "MultiLineString", "coordinates": [ [ [ 139.798907655070138, 35.680660887949372 ], [ 139.798750519305372, 35.681926279041143 ] ] ] } },
{ "type": "Feature", "properties": { "識別id": 1026, "利用時間": "09:00-19:00", "制限時間": 60, "手数料": 300, "制限事項1": "日曜・休日を除く", "制限事項2": "１月１日〜３日を除く", "種別": "パーキング・メーター", "普通車": true, "貨物用有り": true, "二輪車": false, "標章車専用有り": false }, "geometry": { "type": "MultiLineString", "coordinates": [ [ [ 139.81618713715352, 35.672022089966454 ], [ 139.814867459880531, 35.671985391793193 ] ] ] } },
{ "type": "Feature", "properties": { "識別id": 1027, "利用時間": "09:00-19:00", "制限時間": 60, "手数料": 300, "制限事項1": "日曜・休日を除く", "制限事項2": "１月１日〜３日を除く", "種別": "パーキング・メーター", "普通車": true, "貨物用有り": true, "二輪車": false, "標章車専用有り": false }, "geometry": { "type": "MultiLineString", "coordinates": [ [ [ 139.752321055417895, 35.643068767832801 ], [ 139.752815429752644, 35.644024107956554 ], [ 139.753427989559668, 35.64524050752285 ], [ 139.753715817618769, 35.645768113848746 ], [ 139.753818234939502, 35.645976119754501 ], [ 139.754075103599604, 35.64656894282404 ], [ 139.75417958953031, 35.646791711766632 ], [ 139.754776842124016, 35.64807515969818 ] ], [ [ 139.755025771562288, 35.648167632150695 ], [ 139.754329193714796, 35.646671444333712 ], [ 139.753959261653137, 35.645915894210859 ], [ 139.752985486440053, 35.64398711664272 ], [ 139.752791279669196, 35.643582875309242 ], [ 139.752538714149011, 35.643101059216193 ] ] ] } },
{ "type": "Feature", "properties": { "識別id": 1029, "利用時間": "08:00-20:00", "制限時間": 60, "手数料": 300, "制限事項1": null, "制限事項2": "１月１日〜３日を除く", "種別": "パーキング・メーター", "普通車": true, "貨物用有り": true, "二輪車": false, "標章車専用有り": false }, "geometry": { "type": "MultiLineString", "coordinates": [ [ [ 139.752500247111499, 35.701298426125469 ], [ 139.753331779347064, 35.699768544903655 ], [ 139.753753836711439, 35.698989029760575 ], [ 139.754472023618888, 35.697674575040459 ], [ 139.755200156391908, 35.696327721190805 ], [ 139.755392300570549, 35.695983084594047 ] ] ] } },
{ "type": "Feature", "properties": { "識別id": 1030, "利用時間": "08:00-20:00", "制限時間": 60, "手数料": 300, "制限事項1": null, "制限事項2": "１月１日〜３日を除く", "種別": "パーキング・メーター", "普通車": true, "貨物用有り": true, "二輪車": false, "標章車専用有り": false }, "geometry": { "type": "MultiLineString", "coordinates": [ [ [ 139.755522533623463, 35.695747571431752 ], [ 139.755681141056016, 35.695468326165695 ], [ 139.75579322559355, 35.695247857780323 ], [ 139.755827968815765, 35.69515030295392 ], [ 139.755848781178059, 35.69490877199371 ], [ 139.755928579800013, 35.694217608775539 ], [ 139.756010325759206, 35.693959713441323 ] ] ] } },
{ "type": "Feature", "properties": { "識別id": 1031, "利用時間": "08:00-20:00", "制限時間": 60, "手数料": 300, "制限事項1": null, "制限事項2": "１月１日〜３日を除く", "種別": "パーキング・メーター", "普通車": true, "貨物用有り": true, "二輪車": false, "標章車専用有り": false }, "geometry": { "type": "MultiLineString", "coordinates": [ [ [ 139.755769526641188, 35.694188274718357 ], [ 139.755740772860264, 35.694388899920256 ], [ 139.755667150129312, 35.695123445489834 ], [ 139.755605301298175, 35.695287922989131 ], [ 139.755354149006905, 35.695707477301823 ] ] ] } },
{ "type": "Feature", "properties": { "識別id": 1033, "利用時間": "09:00-19:00", "制限時間": 60, "手数料": 300, "制限事項1": "日曜・休日を除く", "制限事項2": "１月１日〜３日を除く", "種別": "パーキング・メーター", "普通車": true, "貨物用有り": false, "二輪車": false, "標章車専用有り": false }, "geometry": { "type": "MultiLineString", "coordinates": [ [ [ 139.748826573624939, 35.660009806830736 ], [ 139.748908275109983, 35.660121151917224 ], [ 139.748964626597655, 35.660335432437293 ], [ 139.749235164463357, 35.661491213724503 ], [ 139.749342682758595, 35.661959558412548 ], [ 139.749392136911808, 35.663706926180225 ], [ 139.749425546775939, 35.663832982453393 ], [ 139.749481681362084, 35.664313653167966 ], [ 139.749545087512132, 35.664774231851553 ], [ 139.749602451195557, 35.665142273265751 ], [ 139.749674125042048, 35.665415220248867 ], [ 139.749760266048753, 35.66563214104734 ] ], [ [ 139.749866800195548, 35.665558239124096 ], [ 139.74980425777153, 35.665409354490663 ], [ 139.749727620130784, 35.665120953111533 ], [ 139.749672559816844, 35.664743804878803 ], [ 139.749589377334274, 35.66413743629051 ], [ 139.749544259031524, 35.663656085302975 ], [ 139.74948467182486, 35.662077276454013 ], [ 139.749442911632514, 35.661824030184761 ], [ 139.749033406420494, 35.660079928654 ], [ 139.749008206691286, 35.659919001879452 ] ] ] } },
{ "type": "Feature", "properties": { "識別id": 1035, "利用時間": "07:00-20:00", "制限時間": 40, "手数料": 200, "制限事項1": null, "制限事項2": "１月１日〜３日を除く", "種別": "パーキング・メーター", "普通車": true, "貨物用有り": true, "二輪車": false, "標章車専用有り": false }, "geometry": { "type": "MultiLineString", "coordinates": [ [ [ 139.701817777754684, 35.689834681922257 ], [ 139.701472408149442, 35.690642325490259 ] ] ] } },
{ "type": "Feature", "properties": { "識別id": 1036, "利用時間": "07:00-14:00", "制限時間": 40, "手数料": 200, "制限事項1": "日曜・休日を除く", "制限事項2": "１月１日〜３日を除く", "種別": "パーキング・メーター", "普通車": true, "貨物用有り": true, "二輪車": false, "標章車専用有り": false }, "geometry": { "type": "MultiLineString", "coordinates": [ [ [ 139.702100148997033, 35.689717696577375 ], [ 139.702176505026074, 35.690247906512525 ], [ 139.702269447713945, 35.690753405402361 ], [ 139.70241084266857, 35.691288828106075 ], [ 139.70259741124238, 35.691785945519023 ] ] ] } },
{ "type": "Feature", "properties": { "識別id": 1037, "利用時間": "07:00-20:00", "制限時間": 40, "手数料": 200, "制限事項1": null, "制限事項2": "１月１日〜３日を除く", "種別": "パーキング・メーター", "普通車": true, "貨物用有り": true, "二輪車": false, "標章車専用有り": false }, "geometry": { "type": "MultiLineString", "coordinates": [ [ [ 139.704322641586714, 35.690425233522298 ], [ 139.703490468572369, 35.690598322875822 ], [ 139.703255173698238, 35.690642389702894 ], [ 139.702331312587347, 35.690705033729039 ] ] ] } },
{ "type": "Feature", "properties": { "識別id": 1038, "利用時間": "07:00-20:00", "制限時間": 40, "手数料": 200, "制限事項1": null, "制限事項2": "１月１日〜３日を除く", "種別": "パーキング・チケット", "普通車": true, "貨物用有り": true, "二輪車": false, "標章車専用有り": false }, "geometry": { "type": "MultiLineString", "coordinates": [ [ [ 139.701552531470895, 35.693653631313609 ], [ 139.703415286593525, 35.693215528000309 ], [ 139.704521054563571, 35.6928947078314 ] ], [ [ 139.70443668397516, 35.692675394736121 ], [ 139.703080089377977, 35.693065919408554 ], [ 139.701460270242649, 35.693440018416339 ] ] ] } },
{ "type": "Feature", "properties": { "識別id": 1041, "利用時間": "07:00-20:00", "制限時間": 40, "手数料": 200, "制限事項1": "日曜・休日を除く", "制限事項2": "１月１日〜３日を除く", "種別": "パーキング・メーター", "普通車": true, "貨物用有り": true, "二輪車": false, "標章車専用有り": false }, "geometry": { "type": "MultiLineString", "coordinates": [ [ [ 139.702593553291479, 35.691927441525749 ], [ 139.703666623417263, 35.691450880938774 ] ], [ [ 139.703598756894962, 35.691396746697279 ], [ 139.702063882210012, 35.692090507134736 ] ] ] } },
{ "type": "Feature", "properties": { "識別id": 1043, "利用時間": "07:00-20:00", "制限時間": 40, "手数料": 200, "制限事項1": null, "制限事項2": "１月１日〜３日を除く", "種別": "パーキング・チケット", "普通車": true, "貨物用有り": true, "二輪車": false, "標章車専用有り": false }, "geometry": { "type": "MultiLineString", "coordinates": [ [ [ 139.70163901807959, 35.690841044635476 ], [ 139.701532148193905, 35.69180186240991 ] ], [ [ 139.701589141942407, 35.691789447431731 ], [ 139.701709110516191, 35.69086622238261 ] ] ] } },
{ "type": "Feature", "properties": { "識別id": 1045, "利用時間": "09:00-19:00", "制限時間": 60, "手数料": 300, "制限事項1": "日曜・休日を除く", "制限事項2": "１月１日〜３日を除く", "種別": "パーキング・メーター", "普通車": true, "貨物用有り": false, "二輪車": false, "標章車専用有り": false }, "geometry": { "type": "MultiLineString", "coordinates": [ [ [ 139.686646022222135, 35.632334534875518 ], [ 139.686641358827586, 35.633465133640421 ], [ 139.686630879347405, 35.634030917214552 ], [ 139.686601910294002, 35.634184983470362 ], [ 139.686525185709002, 35.634435346274785 ] ], [ [ 139.686670723824506, 35.634296064621672 ], [ 139.686727564245473, 35.634002425809129 ], [ 139.686742229733596, 35.63235987946112 ] ] ] } },
{ "type": "Feature", "properties": { "識別id": 1047, "利用時間": "09:00-19:00", "制限時間": 60, "手数料": 300, "制限事項1": null, "制限事項2": "１月１日〜３日を除く", "種別": "パーキング・メーター", "普通車": true, "貨物用有り": false, "二輪車": false, "標章車専用有り": false }, "geometry": { "type": "MultiLineString", "coordinates": [ [ [ 139.796113296736223, 35.710847184203125 ], [ 139.794717850047704, 35.7110185230299 ], [ 139.793631776432477, 35.711163105753101 ] ] ] } },
{ "type": "Feature", "properties": { "識別id": 1048, "利用時間": "09:00-19:00", "制限時間": 40, "手数料": 200, "制限事項1": "日曜・休日を除く", "制限事項2": "１月１日〜３日を除く", "種別": "パーキング・メーター", "普通車": true, "貨物用有り": true, "二輪車": false, "標章車専用有り": false }, "geometry": { "type": "MultiLineString", "coordinates": [ [ [ 139.79179583314027, 35.705669518762626 ], [ 139.791400852156329, 35.705808958690547 ] ] ] } },
{ "type": "Feature", "properties": { "識別id": 1049, "利用時間": "09:00-19:00", "制限時間": 40, "手数料": 200, "制限事項1": "日曜・休日を除く", "制限事項2": "１月１日〜３日を除く", "種別": "パーキング・メーター", "普通車": true, "貨物用有り": true, "二輪車": false, "標章車専用有り": false }, "geometry": { "type": "MultiLineString", "coordinates": [ [ [ 139.791905544751899, 35.705754988944122 ], [ 139.792695500333707, 35.705481472812608 ] ] ] } },
{ "type": "Feature", "properties": { "識別id": 1050, "利用時間": "07:00-20:00", "制限時間": 40, "手数料": 200, "制限事項1": null, "制限事項2": "１月１日〜３日を除く", "種別": "パーキング・メーター", "普通車": true, "貨物用有り": true, "二輪車": false, "標章車専用有り": false }, "geometry": { "type": "MultiLineString", "coordinates": [ [ [ 139.700751274118602, 35.662361540845964 ], [ 139.700745331915584, 35.66278115183281 ], [ 139.700757350746414, 35.662860487590812 ], [ 139.700779797643463, 35.662939123237322 ], [ 139.700864181270333, 35.663057150182858 ], [ 139.700982166396756, 35.663201371658843 ], [ 139.701126470613673, 35.663363439894873 ] ] ] } },
{ "type": "Feature", "properties": { "識別id": 1051, "利用時間": "07:00-20:00", "制限時間": 40, "手数料": 200, "制限事項1": null, "制限事項2": "１月１日〜３日を除く", "種別": "パーキング・メーター", "普通車": true, "貨物用有り": true, "二輪車": false, "標章車専用有り": false }, "geometry": { "type": "MultiLineString", "coordinates": [ [ [ 139.701248205496398, 35.663246940280544 ], [ 139.701106971037291, 35.663146068069125 ], [ 139.701009027650912, 35.663032511181278 ], [ 139.700958696094233, 35.662955846463412 ], [ 139.700927145256088, 35.662873446489961 ], [ 139.700907428956697, 35.662785709725839 ], [ 139.700895552738984, 35.662646742093614 ], [ 139.700893071447183, 35.662360831311219 ] ] ] } },
{ "type": "Feature", "properties": { "識別id": 1052, "利用時間": "07:00-20:00", "制限時間": 20, "手数料": 100, "制限事項1": null, "制限事項2": "１月１日〜３日を除く", "種別": "パーキング・メーター", "普通車": true, "貨物用有り": false, "二輪車": false, "標章車専用有り": false }, "geometry": { "type": "MultiLineString", "coordinates": [ [ [ 139.700753624735142, 35.66131410168822 ], [ 139.700751963453968, 35.662103454424226 ] ] ] } },
{ "type": "Feature", "properties": { "識別id": 1053, "利用時間": "07:00-20:00", "制限時間": 40, "手数料": 200, "制限事項1": null, "制限事項2": "１月１日〜３日を除く", "種別": "パーキング・メーター", "普通車": true, "貨物用有り": true, "二輪車": false, "標章車専用有り": false }, "geometry": { "type": "MultiLineString", "coordinates": [ [ [ 139.700891483642749, 35.662116200944723 ], [ 139.700889110211079, 35.661315815907436 ] ] ] } },
{ "type": "Feature", "properties": { "識別id": 1056, "利用時間": "09:00-19:00", "制限時間": 40, "手数料": 200, "制限事項1": "日曜・休日を除く", "制限事項2": "１月１日〜３日を除く", "種別": "パーキング・メーター", "普通車": true, "貨物用有り": false, "二輪車": false, "標章車専用有り": false }, "geometry": { "type": "MultiLineString", "coordinates": [ [ [ 139.78205389863345, 35.707079809179852 ], [ 139.782862800811444, 35.706981112164037 ] ] ] } },
{ "type": "Feature", "properties": { "識別id": 1057, "利用時間": "09:00-19:00", "制限時間": 40, "手数料": 200, "制限事項1": "日曜・休日を除く", "制限事項2": "１月１日〜３日を除く", "種別": "パーキング・メーター", "普通車": true, "貨物用有り": true, "二輪車": false, "標章車専用有り": false }, "geometry": { "type": "MultiLineString", "coordinates": [ [ [ 139.783564250195241, 35.706817001566911 ], [ 139.782453444908327, 35.706944148094749 ] ] ] } },
{ "type": "Feature", "properties": { "識別id": 1059, "利用時間": "09:00-19:00", "制限時間": 60, "手数料": 300, "制限事項1": "日曜・休日を除く", "制限事項2": "１月１日〜３日を除く", "種別": "パーキング・メーター", "普通車": true, "貨物用有り": true, "二輪車": false, "標章車専用有り": false }, "geometry": { "type": "MultiLineString", "coordinates": [ [ [ 139.778593634821675, 35.690695687371061 ], [ 139.779530566984192, 35.6896196624444 ], [ 139.780431769384336, 35.688561450641899 ], [ 139.781378813950738, 35.68742382878591 ], [ 139.782273918563305, 35.686397768587042 ] ], [ [ 139.782162854413258, 35.686345523911989 ], [ 139.781337593343977, 35.687287483825351 ], [ 139.780542158791889, 35.688228557519579 ], [ 139.779462587291334, 35.689506809209874 ], [ 139.778491123746477, 35.690620174908268 ] ] ] } },
{ "type": "Feature", "properties": { "識別id": 1061, "利用時間": "07:00-20:00", "制限時間": 60, "手数料": 300, "制限事項1": null, "制限事項2": "１月１日〜３日を除く", "種別": "パーキング・メーター", "普通車": true, "貨物用有り": true, "二輪車": false, "標章車専用有り": false }, "geometry": { "type": "MultiLineString", "coordinates": [ [ [ 139.702223175403617, 35.663503160375193 ], [ 139.702312353069573, 35.661991162989224 ] ] ] } },
{ "type": "Feature", "properties": { "識別id": 1062, "利用時間": "09:00-19:00", "制限時間": 60, "手数料": 300, "制限事項1": "日曜・休日を除く", "制限事項2": "１月１日〜３日を除く", "種別": "パーキング・メーター", "普通車": true, "貨物用有り": false, "二輪車": false, "標章車専用有り": false }, "geometry": { "type": "MultiLineString", "coordinates": [ [ [ 139.715270791528184, 35.633819491938198 ], [ 139.715270521054094, 35.634003421209897 ], [ 139.714965193323451, 35.63478100457408 ] ] ] } },
{ "type": "Feature", "properties": { "識別id": 1063, "利用時間": "09:00-19:00", "制限時間": 60, "手数料": 300, "制限事項1": "日曜・休日を除く", "制限事項2": "１月１日〜３日を除く", "種別": "パーキング・メーター", "普通車": true, "貨物用有り": false, "二輪車": false, "標章車専用有り": false }, "geometry": { "type": "MultiLineString", "coordinates": [ [ [ 139.726452297046961, 35.734006772334823 ], [ 139.726832489290899, 35.734969161603637 ], [ 139.726921039659089, 35.735087155080144 ] ], [ [ 139.726930874247699, 35.734934666628895 ], [ 139.726713916396022, 35.734352908442006 ], [ 139.726647950325287, 35.734195699752135 ], [ 139.726556355690633, 35.733939157203771 ] ] ] } },
{ "type": "Feature", "properties": { "識別id": 1065, "利用時間": "09:00-19:00", "制限時間": 60, "手数料": 300, "制限事項1": null, "制限事項2": "１月１日〜３日を除く", "種別": "パーキング・メーター", "普通車": true, "貨物用有り": false, "二輪車": false, "標章車専用有り": false }, "geometry": { "type": "MultiLineString", "coordinates": [ [ [ 139.706307246357937, 35.727700581028486 ], [ 139.706588128842185, 35.72823518255418 ] ], [ [ 139.706734115147952, 35.728168912065705 ], [ 139.70670139705237, 35.72813622922633 ], [ 139.706468839138239, 35.72770951756879 ], [ 139.706443311357759, 35.727645505381417 ] ] ] } },
{ "type": "Feature", "properties": { "識別id": 1067, "利用時間": "09:00-19:00", "制限時間": 60, "手数料": 300, "制限事項1": "日曜・休日を除く", "制限事項2": "１月１日〜３日を除く", "種別": "パーキング・メーター", "普通車": true, "貨物用有り": false, "二輪車": false, "標章車専用有り": false }, "geometry": { "type": "MultiLineString", "coordinates": [ [ [ 139.783814567554487, 35.700794161198992 ], [ 139.785175698463746, 35.700649906988161 ], [ 139.787761415103404, 35.699840678489835 ] ] ] } },
{ "type": "Feature", "properties": { "識別id": 1068, "利用時間": "09:00-21:00", "制限時間": 60, "手数料": 300, "制限事項1": null, "制限事項2": "１月１日〜３日を除く", "種別": "パーキング・メーター", "普通車": true, "貨物用有り": true, "二輪車": false, "標章車専用有り": false }, "geometry": { "type": "MultiLineString", "coordinates": [ [ [ 139.76064780322119, 35.672046251398491 ], [ 139.760778118840165, 35.67204364932396 ], [ 139.76176195566245, 35.671941580675615 ], [ 139.761882309829474, 35.671874077990523 ], [ 139.762382556934654, 35.671530662639917 ], [ 139.76330388868837, 35.670874118758768 ], [ 139.764022939899405, 35.670364874109865 ] ] ] } },
{ "type": "Feature", "properties": { "識別id": 1069, "利用時間": "09:00-19:00", "制限時間": 60, "手数料": 300, "制限事項1": "日曜・休日を除く", "制限事項2": "１月１日〜３日を除く", "種別": "パーキング・メーター", "普通車": true, "貨物用有り": true, "二輪車": false, "標章車専用有り": false }, "geometry": { "type": "MultiLineString", "coordinates": [ [ [ 139.77037669562452, 35.668011282950872 ], [ 139.769702518337311, 35.668537317869543 ] ] ] } },
{ "type": "Feature", "properties": { "識別id": 1070, "利用時間": "09:00-19:00", "制限時間": 40, "手数料": 200, "制限事項1": "日曜・休日を除く", "制限事項2": "１月１日〜３日を除く", "種別": "パーキング・メーター", "普通車": true, "貨物用有り": true, "二輪車": false, "標章車専用有り": false }, "geometry": { "type": "MultiLineString", "coordinates": [ [ [ 139.781280539692659, 35.707069885598116 ], [ 139.780943594136716, 35.70709281482717 ] ] ] } },
{ "type": "Feature", "properties": { "識別id": 1071, "利用時間": "09:00-19:00", "制限時間": 40, "手数料": 200, "制限事項1": "日曜・休日を除く", "制限事項2": "１月１日〜３日を除く", "種別": "パーキング・メーター", "普通車": true, "貨物用有り": true, "二輪車": false, "標章車専用有り": false }, "geometry": { "type": "MultiLineString", "coordinates": [ [ [ 139.780877138127522, 35.707101141459788 ], [ 139.78045787617998, 35.707142913313866 ] ] ] } },
{ "type": "Feature", "properties": { "識別id": 1073, "利用時間": "08:00-20:00", "制限時間": 40, "手数料": 200, "制限事項1": null, "制限事項2": "１月１日〜３日を除く", "種別": "パーキング・メーター", "普通車": true, "貨物用有り": true, "二輪車": false, "標章車専用有り": false }, "geometry": { "type": "MultiLineString", "coordinates": [ [ [ 139.773316869994915, 35.695556703734624 ], [ 139.773002729313816, 35.695570492187521 ] ] ] } },
{ "type": "Feature", "properties": { "識別id": 1074, "利用時間": "08:00-20:00", "制限時間": 40, "手数料": 200, "制限事項1": null, "制限事項2": "１月１日〜３日を除く", "種別": "パーキング・メーター", "普通車": true, "貨物用有り": true, "二輪車": false, "標章車専用有り": false }, "geometry": { "type": "MultiLineString", "coordinates": [ [ [ 139.777240561781696, 35.695397535993251 ], [ 139.776750491965458, 35.695412191366096 ] ] ] } },
{ "type": "Feature", "properties": { "識別id": 1075, "利用時間": "08:00-20:00", "制限時間": 40, "手数料": 200, "制限事項1": null, "制限事項2": "１月１日〜３日を除く", "種別": "パーキング・メーター", "普通車": true, "貨物用有り": true, "二輪車": false, "標章車専用有り": false }, "geometry": { "type": "MultiLineString", "coordinates": [ [ [ 139.776652645642201, 35.695608724635214 ], [ 139.777194853755191, 35.695589841208282 ] ] ] } },
{ "type": "Feature", "properties": { "識別id": 1076, "利用時間": "08:00-20:00", "制限時間": 40, "手数料": 200, "制限事項1": null, "制限事項2": "１月１日〜３日を除く", "種別": "パーキング・メーター", "普通車": true, "貨物用有り": true, "二輪車": false, "標章車専用有り": false }, "geometry": { "type": "MultiLineString", "coordinates": [ [ [ 139.777732003049351, 35.695564569360997 ], [ 139.778083913942112, 35.69555622583146 ] ] ] } },
{ "type": "Feature", "properties": { "識別id": 1077, "利用時間": "08:00-20:00", "制限時間": 40, "手数料": 200, "制限事項1": null, "制限事項2": "１月１日〜３日を除く", "種別": "パーキング・メーター", "普通車": true, "貨物用有り": true, "二輪車": false, "標章車専用有り": false }, "geometry": { "type": "MultiLineString", "coordinates": [ [ [ 139.757426710143449, 35.696044043618983 ], [ 139.757723303607065, 35.696055751720394 ] ] ] } },
{ "type": "Feature", "properties": { "識別id": 1078, "利用時間": "08:00-20:00", "制限時間": 40, "手数料": 200, "制限事項1": null, "制限事項2": "１月１日〜３日を除く", "種別": "パーキング・メーター", "普通車": true, "貨物用有り": true, "二輪車": false, "標章車専用有り": false }, "geometry": { "type": "MultiLineString", "coordinates": [ [ [ 139.75784831862498, 35.6958530844569 ], [ 139.757321030569699, 35.695845071693689 ] ] ] } },
{ "type": "Feature", "properties": { "識別id": 1079, "利用時間": "08:00-20:00", "制限時間": 40, "手数料": 200, "制限事項1": null, "制限事項2": "１月１日〜３日を除く", "種別": "パーキング・メーター", "普通車": true, "貨物用有り": true, "二輪車": false, "標章車専用有り": false }, "geometry": { "type": "MultiLineString", "coordinates": [ [ [ 139.762042392949667, 35.694843920523084 ], [ 139.761723782926879, 35.695085851156534 ] ] ] } },
{ "type": "Feature", "properties": { "識別id": 1080, "利用時間": "08:00-20:00", "制限時間": 40, "手数料": 200, "制限事項1": null, "制限事項2": "１月１日〜３日を除く", "種別": "パーキング・メーター", "普通車": true, "貨物用有り": true, "二輪車": false, "標章車専用有り": false }, "geometry": { "type": "MultiLineString", "coordinates": [ [ [ 139.764426403671678, 35.694309664805054 ], [ 139.764345499966367, 35.694284377402667 ], [ 139.764241851510889, 35.694263176374207 ], [ 139.764113594397003, 35.694261165148262 ] ] ] } },
{ "type": "Feature", "properties": { "識別id": 1081, "利用時間": "08:00-20:00", "制限時間": 60, "手数料": 300, "制限事項1": null, "制限事項2": "１月１日〜３日を除く", "種別": "パーキング・メーター", "普通車": true, "貨物用有り": true, "二輪車": false, "標章車専用有り": false }, "geometry": { "type": "MultiLineString", "coordinates": [ [ [ 139.769642277317558, 35.692994763390182 ], [ 139.769407666680991, 35.693573207476447 ] ] ] } },
{ "type": "Feature", "properties": { "識別id": 1082, "利用時間": "09:00-19:00", "制限時間": 60, "手数料": 300, "制限事項1": null, "制限事項2": "１月１日〜３日を除く", "種別": "パーキング・チケット", "普通車": true, "貨物用有り": true, "二輪車": false, "標章車専用有り": false }, "geometry": { "type": "MultiLineString", "coordinates": [ [ [ 139.798792492413725, 35.715839027989837 ], [ 139.801610111240961, 35.715206340365313 ] ] ] } },
{ "type": "Feature", "properties": { "識別id": 1083, "利用時間": "09:00-19:00", "制限時間": 60, "手数料": 300, "制限事項1": null, "制限事項2": "１月１日〜３日を除く", "種別": "パーキング・チケット", "普通車": true, "貨物用有り": true, "二輪車": false, "標章車専用有り": false }, "geometry": { "type": "MultiLineString", "coordinates": [ [ [ 139.801583138724425, 35.715084131730784 ], [ 139.799660875041042, 35.715518437353374 ], [ 139.799415615190071, 35.715575083537146 ] ] ] } },
{ "type": "Feature", "properties": { "識別id": 1084, "利用時間": "09:00-19:00", "制限時間": 60, "手数料": 300, "制限事項1": "日曜・休日を除く", "制限事項2": "１月１日〜３日を除く", "種別": "パーキング・メーター", "普通車": true, "貨物用有り": false, "二輪車": false, "標章車専用有り": false }, "geometry": { "type": "MultiLineString", "coordinates": [ [ [ 139.719328972245791, 35.778334242367535 ], [ 139.719101361421423, 35.77816449776175 ], [ 139.718656822805684, 35.777724728813951 ] ] ] } },
{ "type": "Feature", "properties": { "識別id": 1085, "利用時間": "09:00-19:00", "制限時間": 60, "手数料": 300, "制限事項1": "日曜・休日を除く", "制限事項2": "１月１日〜３日を除く", "種別": "パーキング・チケット", "普通車": true, "貨物用有り": true, "二輪車": false, "標章車専用有り": false }, "geometry": { "type": "MultiLineString", "coordinates": [ [ [ 139.657796259662319, 35.783027507818723 ], [ 139.65433539268065, 35.78395648417537 ] ], [ [ 139.654426769767923, 35.784191805788311 ], [ 139.657953539293032, 35.783257554716073 ] ] ] } },
{ "type": "Feature", "properties": { "識別id": 1087, "利用時間": "09:00-20:00", "制限時間": 60, "手数料": 100, "制限事項1": null, "制限事項2": "１月１日〜３日を除く", "種別": "パーキング・チケット", "普通車": false, "貨物用有り": false, "二輪車": true, "標章車専用有り": false }, "geometry": { "type": "MultiLineString", "coordinates": [ [ [ 139.710685000208542, 35.666129219317583 ], [ 139.712462451634593, 35.665304286951866 ] ], [ [ 139.712328994446636, 35.665180169640671 ], [ 139.711446794352781, 35.665603401601537 ], [ 139.710558014434895, 35.666021251678337 ] ] ] } },
{ "type": "Feature", "properties": { "識別id": 1090, "利用時間": "09:00-20:00", "制限時間": 60, "手数料": 300, "制限事項1": null, "制限事項2": "１月１日〜３日を除く", "種別": "パーキング・チケット", "普通車": true, "貨物用有り": false, "二輪車": false, "標章車専用有り": false }, "geometry": { "type": "MultiLineString", "coordinates": [ [ [ 139.702793870665346, 35.669992093778539 ], [ 139.702826624844903, 35.670154333806011 ], [ 139.702844360543452, 35.670299340691386 ], [ 139.702852137617327, 35.670426278161088 ], [ 139.702834500284524, 35.670648979764621 ], [ 139.70280824471044, 35.670714817621622 ], [ 139.702812458799741, 35.670902939389045 ], [ 139.702848539650404, 35.671080113167697 ], [ 139.70296288499722, 35.671445700584293 ], [ 139.70300484569853, 35.671606802084561 ], [ 139.703063671504168, 35.671871858959996 ], [ 139.703158952265738, 35.67210333686667 ], [ 139.703333753107557, 35.672452259189853 ], [ 139.703434308438972, 35.672715592267586 ] ] ] } },
{ "type": "Feature", "properties": { "識別id": 1091, "利用時間": "07:00-20:00", "制限時間": 20, "手数料": 100, "制限事項1": null, "制限事項2": "１月１日〜３日を除く", "種別": "パーキング・メーター", "普通車": true, "貨物用有り": false, "二輪車": false, "標章車専用有り": false }, "geometry": { "type": "MultiLineString", "coordinates": [ [ [ 139.705959726564089, 35.655722842659301 ], [ 139.705462367296633, 35.656104343505326 ] ] ] } },
{ "type": "Feature", "properties": { "識別id": 1092, "利用時間": "09:00-19:00", "制限時間": 20, "手数料": 100, "制限事項1": null, "制限事項2": "１月１日〜３日を除く", "種別": "パーキング・メーター", "普通車": true, "貨物用有り": false, "二輪車": false, "標章車専用有り": false }, "geometry": { "type": "MultiLineString", "coordinates": [ [ [ 139.696433848738849, 35.690004330358946 ], [ 139.696481750261057, 35.689381365520475 ] ] ] } },
{ "type": "Feature", "properties": { "識別id": 1094, "利用時間": "09:00-19:00", "制限時間": 20, "手数料": 100, "制限事項1": null, "制限事項2": "１月１日〜３日を除く", "種別": "パーキング・メーター", "普通車": true, "貨物用有り": false, "二輪車": false, "標章車専用有り": false }, "geometry": { "type": "MultiLineString", "coordinates": [ [ [ 139.761174369990613, 35.675289829786166 ], [ 139.760459695340415, 35.675447771978568 ] ] ] } },
{ "type": "Feature", "properties": { "識別id": 1095, "利用時間": "08:00-20:00", "制限時間": 20, "手数料": 100, "制限事項1": null, "制限事項2": "１月１日〜３日を除く", "種別": "パーキング・メーター", "普通車": true, "貨物用有り": false, "二輪車": false, "標章車専用有り": false }, "geometry": { "type": "MultiLineString", "coordinates": [ [ [ 139.757153314394941, 35.696040021568692 ], [ 139.757426375052148, 35.696044034544848 ] ] ] } },
{ "type": "Feature", "properties": { "識別id": 1096, "利用時間": "08:00-20:00", "制限時間": 20, "手数料": 100, "制限事項1": null, "制限事項2": "１月１日〜３日を除く", "種別": "パーキング・メーター", "普通車": true, "貨物用有り": true, "二輪車": false, "標章車専用有り": false }, "geometry": { "type": "MultiLineString", "coordinates": [ [ [ 139.752273669873716, 35.701706604756936 ], [ 139.752459192053777, 35.701369568304621 ] ] ] } },
{ "type": "Feature", "properties": { "識別id": 1100, "利用時間": "09:00-19:00", "制限時間": 20, "手数料": 100, "制限事項1": "日曜・休日を除く", "制限事項2": "１月１日〜３日を除く", "種別": "パーキング・メーター", "普通車": true, "貨物用有り": false, "二輪車": false, "標章車専用有り": false }, "geometry": { "type": "MultiLineString", "coordinates": [ [ [ 139.757560759273417, 35.667599922198242 ], [ 139.757422315853177, 35.667336698626336 ] ] ] } },
{ "type": "Feature", "properties": { "識別id": 1101, "利用時間": "09:00-21:00", "制限時間": 20, "手数料": 100, "制限事項1": null, "制限事項2": "１月１日〜３日を除く", "種別": "パーキング・メーター", "普通車": true, "貨物用有り": false, "二輪車": false, "標章車専用有り": false }, "geometry": { "type": "MultiLineString", "coordinates": [ [ [ 139.766755729586805, 35.675349288170999 ], [ 139.76614454640503, 35.675542730941416 ] ] ] } },
{ "type": "Feature", "properties": { "識別id": 1103, "利用時間": "09:00-21:00", "制限時間": 20, "手数料": 100, "制限事項1": null, "制限事項2": "１月１日〜３日を除く", "種別": "パーキング・メーター", "普通車": true, "貨物用有り": false, "二輪車": false, "標章車専用有り": false }, "geometry": { "type": "MultiLineString", "coordinates": [ [ [ 139.710858590527607, 35.663103092933234 ], [ 139.711793496837572, 35.662583307608678 ] ] ] } },
{ "type": "Feature", "properties": { "識別id": 1104, "利用時間": "07:00-20:00", "制限時間": 20, "手数料": 100, "制限事項1": "日曜・休日を除く", "制限事項2": "１月１日〜３日を除く", "種別": "パーキング・メーター", "普通車": true, "貨物用有り": false, "二輪車": false, "標章車専用有り": false }, "geometry": { "type": "MultiLineString", "coordinates": [ [ [ 139.702105946564075, 35.692157869631188 ], [ 139.702496441434448, 35.691973123934311 ] ] ] } },
{ "type": "Feature", "properties": { "識別id": 1105, "利用時間": "09:00-19:00", "制限時間": 20, "手数料": 100, "制限事項1": null, "制限事項2": "１月１日〜３日を除く", "種別": "パーキング・メーター", "普通車": true, "貨物用有り": false, "二輪車": false, "標章車専用有り": false }, "geometry": { "type": "MultiLineString", "coordinates": [ [ [ 139.665355300878758, 35.711180510328866 ], [ 139.665546671986249, 35.711891187368778 ] ] ] } },
{ "type": "Feature", "properties": { "識別id": 1106, "利用時間": "09:00-19:00", "制限時間": 20, "手数料": 100, "制限事項1": "日曜・休日を除く", "制限事項2": "１月１日〜３日を除く", "種別": "パーキング・メーター", "普通車": true, "貨物用有り": false, "二輪車": false, "標章車専用有り": false }, "geometry": { "type": "MultiLineString", "coordinates": [ [ [ 139.745727145173277, 35.716776306884697 ], [ 139.745554499427215, 35.716857968794976 ], [ 139.745370059033348, 35.716945630382149 ], [ 139.745276836023578, 35.716990188355453 ], [ 139.744825882824841, 35.717179075952721 ], [ 139.744716049233546, 35.717211665702237 ] ] ] } },
{ "type": "Feature", "properties": { "識別id": 1107, "利用時間": "09:00-19:00", "制限時間": 20, "手数料": 100, "制限事項1": null, "制限事項2": "１月１日〜３日を除く", "種別": "パーキング・メーター", "普通車": true, "貨物用有り": false, "二輪車": false, "標章車専用有り": false }, "geometry": { "type": "MultiLineString", "coordinates": [ [ [ 139.706123180157022, 35.731929367193835 ], [ 139.705816073824167, 35.732009631292527 ], [ 139.705616041518311, 35.732093224508873 ] ] ] } },
{ "type": "Feature", "properties": { "識別id": 1109, "利用時間": "09:00-19:00", "制限時間": 20, "手数料": 100, "制限事項1": "日曜・休日を除く", "制限事項2": "１月１日〜３日を除く", "種別": "パーキング・メーター", "普通車": true, "貨物用有り": false, "二輪車": false, "標章車専用有り": false }, "geometry": { "type": "MultiLineString", "coordinates": [ [ [ 139.730618969621332, 35.729811168449572 ], [ 139.730388501448346, 35.730013898637289 ], [ 139.730230161053299, 35.730148812677804 ], [ 139.73005827630692, 35.730338513182261 ] ] ] } },
{ "type": "Feature", "properties": { "識別id": 1110, "利用時間": "09:00-19:00", "制限時間": 20, "手数料": 100, "制限事項1": "日曜・休日を除く", "制限事項2": "１月１日〜３日を除く", "種別": "パーキング・メーター", "普通車": true, "貨物用有り": false, "二輪車": false, "標章車専用有り": false }, "geometry": { "type": "MultiLineString", "coordinates": [ [ [ 139.762517874735266, 35.705794007103371 ], [ 139.76238456597622, 35.705434438876203 ] ] ] } },
{ "type": "Feature", "properties": { "識別id": 1111, "利用時間": "09:00-19:00", "制限時間": 20, "手数料": 100, "制限事項1": "日曜・休日を除く", "制限事項2": "１月１日〜３日を除く", "種別": "パーキング・メーター", "普通車": true, "貨物用有り": false, "二輪車": false, "標章車専用有り": false }, "geometry": { "type": "MultiLineString", "coordinates": [ [ [ 139.734576158614544, 35.720205296550795 ], [ 139.734710017698774, 35.719799249718811 ], [ 139.734802035138642, 35.719584829945475 ], [ 139.73492621569909, 35.719396030225489 ], [ 139.734995030844459, 35.719259473492798 ] ] ] } },
{ "type": "Feature", "properties": { "識別id": 1112, "利用時間": "10:00-20:00", "制限時間": 60, "手数料": 300, "制限事項1": "日曜・休日を除く", "制限事項2": "１月１日〜３日を除く", "種別": "パーキング・チケット", "普通車": true, "貨物用有り": true, "二輪車": false, "標章車専用有り": false }, "geometry": { "type": "MultiLineString", "coordinates": [ [ [ 139.809236019959314, 35.669393522241201 ], [ 139.811979667013219, 35.669454878438913 ] ], [ [ 139.811971435176531, 35.669296459839273 ], [ 139.81086073380547, 35.669253677341864 ], [ 139.808997013704328, 35.669228981971344 ] ] ] } },
{ "type": "Feature", "properties": { "識別id": 1114, "利用時間": "09:00-19:00", "制限時間": 60, "手数料": 300, "制限事項1": "日曜・休日を除く", "制限事項2": "１月１日〜３日を除く", "種別": "パーキング・チケット", "普通車": true, "貨物用有り": true, "二輪車": false, "標章車専用有り": false }, "geometry": { "type": "MultiLineString", "coordinates": [ [ [ 139.773350909218266, 35.728400802285194 ], [ 139.775268400335108, 35.726377700188735 ], [ 139.775624380189697, 35.726039899502958 ], [ 139.778529813224623, 35.724172539250105 ] ] ] } },
{ "type": "Feature", "properties": { "識別id": 1115, "利用時間": "09:00-19:00", "制限時間": 60, "手数料": 300, "制限事項1": "日曜・休日を除く", "制限事項2": "１月１日〜３日を除く", "種別": "パーキング・チケット", "普通車": true, "貨物用有り": false, "二輪車": false, "標章車専用有り": false }, "geometry": { "type": "MultiLineString", "coordinates": [ [ [ 139.778458155736587, 35.724009426028097 ], [ 139.776324153332496, 35.72542030706213 ], [ 139.775357007534865, 35.726057962929765 ], [ 139.774712080714806, 35.726764885303119 ], [ 139.774246042863268, 35.72725646823487 ] ] ] } },
{ "type": "Feature", "properties": { "識別id": 1118, "利用時間": "09:00-19:00", "制限時間": 60, "手数料": 300, "制限事項1": "日曜・休日を除く", "制限事項2": "１月１日〜３日を除く", "種別": "パーキング・メーター", "普通車": true, "貨物用有り": false, "二輪車": false, "標章車専用有り": false }, "geometry": { "type": "MultiLineString", "coordinates": [ [ [ 139.753779977224212, 35.664341837257965 ], [ 139.752709142094261, 35.662116677456346 ], [ 139.752107396217639, 35.660870685304239 ] ] ] } },
{ "type": "Feature", "properties": { "識別id": 1119, "利用時間": "09:00-19:00", "制限時間": 60, "手数料": 300, "制限事項1": "日曜・休日を除く", "制限事項2": "１月１日〜３日を除く", "種別": "パーキング・メーター", "普通車": true, "貨物用有り": true, "二輪車": false, "標章車専用有り": false }, "geometry": { "type": "MultiLineString", "coordinates": [ [ [ 139.754989716084395, 35.665221439966139 ], [ 139.755291176609376, 35.665800211340397 ], [ 139.755642735950289, 35.666481731951556 ], [ 139.756367918368653, 35.66795902065229 ] ], [ [ 139.756439966592978, 35.667912149814761 ], [ 139.755716634028715, 35.666444488206139 ], [ 139.755365601965934, 35.665780763635688 ], [ 139.755068814864899, 35.665206335760772 ] ] ] } },
{ "type": "Feature", "properties": { "識別id": 1122, "利用時間": "09:00-19:00", "制限時間": 60, "手数料": 300, "制限事項1": "日曜・休日を除く", "制限事項2": "１月１日〜３日を除く", "種別": "パーキング・チケット", "普通車": true, "貨物用有り": true, "二輪車": false, "標章車専用有り": false }, "geometry": { "type": "MultiLineString", "coordinates": [ [ [ 139.765499796295188, 35.678628606405105 ], [ 139.76551, 35.67863 ], [ 139.76537, 35.67823 ], [ 139.76528, 35.6779 ] ] ] } },
{ "type": "Feature", "properties": { "識別id": 1123, "利用時間": "09:00-19:00", "制限時間": 60, "手数料": 300, "制限事項1": "日曜・休日を除く", "制限事項2": "１月１日〜３日を除く", "種別": "パーキング・メーター", "普通車": true, "貨物用有り": false, "二輪車": false, "標章車専用有り": false }, "geometry": { "type": "MultiLineString", "coordinates": [ [ [ 139.78362523953362, 35.684118654687467 ], [ 139.783987612285785, 35.684319505332155 ] ] ] } },
{ "type": "Feature", "properties": { "識別id": 1124, "利用時間": "09:00-19:00", "制限時間": 20, "手数料": 100, "制限事項1": "日曜・休日を除く", "制限事項2": "１月１日〜３日を除く", "種別": "パーキング・メーター", "普通車": true, "貨物用有り": false, "二輪車": false, "標章車専用有り": false }, "geometry": { "type": "MultiLineString", "coordinates": [ [ [ 139.784099710839484, 35.684369102767782 ], [ 139.784497459746774, 35.683924132242957 ] ], [ [ 139.783972359575785, 35.684321784220479 ], [ 139.784368447623706, 35.683861196782324 ] ] ] } },
{ "type": "Feature", "properties": { "識別id": 1127, "利用時間": "09:30-19:00", "制限時間": 60, "手数料": 300, "制限事項1": "日曜・休日を除く", "制限事項2": "１月１日〜３日を除く", "種別": "パーキング・メーター", "普通車": true, "貨物用有り": true, "二輪車": false, "標章車専用有り": false }, "geometry": { "type": "MultiLineString", "coordinates": [ [ [ 139.716751263091879, 35.691289968892086 ], [ 139.716772020806928, 35.691286502337775 ], [ 139.716931544048521, 35.691275463293778 ], [ 139.717325192885738, 35.691340110126447 ], [ 139.717618678502646, 35.691399487600698 ], [ 139.721187416521303, 35.692305601560115 ], [ 139.721229579617557, 35.692315674016939 ] ], [ [ 139.721265590178291, 35.692197228624998 ], [ 139.721204029880141, 35.692182400277417 ], [ 139.717991408805659, 35.691358496137504 ], [ 139.717613948147658, 35.691276395018996 ], [ 139.717361383377209, 35.69121881421038 ], [ 139.716958050502626, 35.691157899484338 ], [ 139.716766633708858, 35.691175253120932 ] ] ] } },
{ "type": "Feature", "properties": { "識別id": 1129, "利用時間": "09:00-19:00", "制限時間": 60, "手数料": 300, "制限事項1": "土・日曜、休日を除く", "制限事項2": "１月１日〜３日を除く", "種別": "パーキング・チケット", "普通車": true, "貨物用有り": false, "二輪車": false, "標章車専用有り": false }, "geometry": { "type": "MultiLineString", "coordinates": [ [ [ 139.759833762208103, 35.731387187905796 ], [ 139.759474308183172, 35.731603249090263 ], [ 139.759107998416141, 35.731809802620212 ] ], [ [ 139.759199720318406, 35.731893957654862 ], [ 139.759933548073889, 35.731460086861105 ] ] ] } },
{ "type": "Feature", "properties": { "識別id": 1131, "利用時間": "08:00-20:00", "制限時間": 60, "手数料": 300, "制限事項1": "日曜・休日を除く", "制限事項2": "１月１日〜３日を除く", "種別": "パーキング・メーター", "普通車": true, "貨物用有り": false, "二輪車": false, "標章車専用有り": false }, "geometry": { "type": "MultiLineString", "coordinates": [ [ [ 139.758467706776514, 35.694843891488688 ], [ 139.759025582076589, 35.694859265885093 ], [ 139.759093583051936, 35.694860806752516 ], [ 139.759623399190076, 35.694886953666668 ] ] ] } },
{ "type": "Feature", "properties": { "識別id": 1132, "利用時間": "09:00-19:00", "制限時間": 60, "手数料": 300, "制限事項1": "日曜・休日を除く", "制限事項2": "１月１日〜３日を除く", "種別": "パーキング・メーター", "普通車": true, "貨物用有り": false, "二輪車": false, "標章車専用有り": false }, "geometry": { "type": "MultiLineString", "coordinates": [ [ [ 139.729122388940397, 35.732702889077252 ], [ 139.72872253907434, 35.73310989171403 ], [ 139.728472073776999, 35.733371310890462 ], [ 139.727952096882632, 35.733952408741814 ], [ 139.727869439315015, 35.734069594771348 ], [ 139.72760294418083, 35.734427239415574 ], [ 139.727321395773401, 35.734740973358846 ], [ 139.727106952633534, 35.734968517761168 ] ], [ [ 139.727188723269961, 35.735004921143343 ], [ 139.727358197354022, 35.734822481677206 ], [ 139.727537222818967, 35.734639060069298 ], [ 139.72774448992152, 35.734400515390831 ], [ 139.727823780322382, 35.734300847542649 ], [ 139.728007445552436, 35.734029631717235 ], [ 139.728520324614891, 35.733456198225049 ], [ 139.728648019384167, 35.733328458481495 ], [ 139.729175653400034, 35.732782387179284 ] ] ] } },
{ "type": "Feature", "properties": { "識別id": 1134, "利用時間": "09:00-19:00", "制限時間": 60, "手数料": 300, "制限事項1": "日曜・休日を除く", "制限事項2": "１月１日〜３日を除く", "種別": "パーキング・チケット", "普通車": true, "貨物用有り": true, "二輪車": false, "標章車専用有り": false }, "geometry": { "type": "MultiLineString", "coordinates": [ [ [ 139.769965553774455, 35.669182644432624 ], [ 139.770920476458116, 35.668504925714807 ], [ 139.772019151048283, 35.667746187433565 ] ] ] } },
{ "type": "Feature", "properties": { "識別id": 1135, "利用時間": "09:00-19:00", "制限時間": 60, "手数料": 300, "制限事項1": "日曜・休日を除く", "制限事項2": "１月１日〜３日を除く", "種別": "パーキング・チケット", "普通車": true, "貨物用有り": true, "二輪車": false, "標章車専用有り": false }, "geometry": { "type": "MultiLineString", "coordinates": [ [ [ 139.77472, 35.66741 ], [ 139.77436, 35.66765 ], [ 139.77406, 35.66785 ], [ 139.774, 35.66789 ], [ 139.773670728836066, 35.66811692571077 ], [ 139.773688017196662, 35.668112838107668 ], [ 139.773682797622683, 35.668113143395701 ] ] ] } },
{ "type": "Feature", "properties": { "識別id": 1136, "利用時間": "09:00-19:00", "制限時間": 60, "手数料": 300, "制限事項1": "日曜・休日を除く", "制限事項2": "１月１日〜３日を除く", "種別": "パーキング・メーター", "普通車": true, "貨物用有り": false, "二輪車": false, "標章車専用有り": false }, "geometry": { "type": "MultiLineString", "coordinates": [ [ [ 139.781102129451199, 35.688582875990221 ], [ 139.781453977567537, 35.68817874694755 ], [ 139.781813366379225, 35.687786646924245 ], [ 139.781934932176796, 35.687644553487189 ] ] ] } },
{ "type": "Feature", "properties": { "識別id": 1137, "利用時間": "09:00-19:00", "制限時間": 60, "手数料": 300, "制限事項1": "日曜・休日を除く", "制限事項2": "１月１日〜３日を除く", "種別": "パーキング・チケット", "普通車": true, "貨物用有り": true, "二輪車": false, "標章車専用有り": false }, "geometry": { "type": "MultiLineString", "coordinates": [ [ [ 139.725634119175425, 35.64678611068269 ], [ 139.726834552996166, 35.646854503346255 ], [ 139.727829391818631, 35.646879403689503 ] ], [ [ 139.727879796809361, 35.646707498118701 ], [ 139.727770799542498, 35.646675578065604 ], [ 139.727437185594482, 35.646637903762581 ], [ 139.726260255528388, 35.646615395422501 ], [ 139.725759956690979, 35.646582371404655 ] ] ] } },
{ "type": "Feature", "properties": { "識別id": 1139, "利用時間": "07:00-20:00", "制限時間": 60, "手数料": 300, "制限事項1": "日曜・休日を除く", "制限事項2": "１月１日〜３日を除く", "種別": "パーキング・メーター", "普通車": true, "貨物用有り": true, "二輪車": false, "標章車専用有り": false }, "geometry": { "type": "MultiLineString", "coordinates": [ [ [ 139.775268211707754, 35.696493926784072 ], [ 139.774817516742047, 35.696513534862852 ], [ 139.774256842228738, 35.696530963909431 ], [ 139.773744567703744, 35.696546210984764 ], [ 139.773216831011069, 35.696564755609621 ], [ 139.77272899205056, 35.696599584864558 ], [ 139.772100888762736, 35.696651894746836 ], [ 139.771401396769136, 35.696711345120612 ], [ 139.771190204345885, 35.696730884594963 ], [ 139.770986995115237, 35.696769970615186 ] ], [ [ 139.775257206841019, 35.696572353970403 ], [ 139.774809296059516, 35.69658269017178 ], [ 139.773732220739845, 35.69662003431187 ], [ 139.773204123102801, 35.696637450721568 ], [ 139.772651928965928, 35.696680989394807 ], [ 139.772063876244374, 35.69673027535157 ], [ 139.771512192989064, 35.696775320396817 ], [ 139.771184891358132, 35.696811632555082 ], [ 139.771008411943313, 35.696846377306727 ] ] ] } },
{ "type": "Feature", "properties": { "識別id": 1141, "利用時間": "07:00-20:00", "制限時間": 60, "手数料": 300, "制限事項1": null, "制限事項2": "１月１日〜３日を除く", "種別": "パーキング・チケット", "普通車": true, "貨物用有り": false, "二輪車": false, "標章車専用有り": false }, "geometry": { "type": "MultiLineString", "coordinates": [ [ [ 139.769861392622914, 35.696493720932963 ], [ 139.770529214981906, 35.696725526049093 ] ] ] } },
{ "type": "Feature", "properties": { "識別id": 1144, "利用時間": "09:00-21:00", "制限時間": 60, "手数料": 100, "制限事項1": null, "制限事項2": "１月１日〜３日を除く", "種別": "パーキング・チケット", "普通車": false, "貨物用有り": false, "二輪車": true, "標章車専用有り": false }, "geometry": { "type": "MultiLineString", "coordinates": [ [ [ 139.760641624417445, 35.667767765411547 ], [ 139.760250912306958, 35.667900257222669 ] ] ] } },
{ "type": "Feature", "properties": { "識別id": 2006, "利用時間": "09:00-19:00", "制限時間": 60, "手数料": 300, "制限事項1": "日曜・休日を除く", "制限事項2": "１月１日〜３日を除く", "種別": "パーキング・メーター", "普通車": true, "貨物用有り": true, "二輪車": false, "標章車専用有り": false }, "geometry": { "type": "MultiLineString", "coordinates": [ [ [ 139.755304438620243, 35.656658090521269 ], [ 139.755121959725756, 35.655521081442906 ] ] ] } },
{ "type": "Feature", "properties": { "識別id": 2007, "利用時間": "09:00-19:00", "制限時間": 60, "手数料": 100, "制限事項1": null, "制限事項2": "１月１日〜３日を除く", "種別": "パーキング・チケット", "普通車": false, "貨物用有り": false, "二輪車": true, "標章車専用有り": false }, "geometry": { "type": "MultiLineString", "coordinates": [ [ [ 139.412287530751172, 35.699384617191953 ], [ 139.412421641201917, 35.699107986002048 ] ] ] } },
{ "type": "Feature", "properties": { "識別id": 2064, "利用時間": "07:00-20:00", "制限時間": 60, "手数料": 300, "制限事項1": null, "制限事項2": "１月１日〜３日を除く", "種別": "パーキング・メーター", "普通車": true, "貨物用有り": false, "二輪車": false, "標章車専用有り": false }, "geometry": { "type": "MultiLineString", "coordinates": [ [ [ 139.780157060751492, 35.696391030554572 ], [ 139.781240673193508, 35.696315879985413 ] ] ] } },
{ "type": "Feature", "properties": { "識別id": 2099, "利用時間": "07:00-20:00", "制限時間": 60, "手数料": 300, "制限事項1": null, "制限事項2": "１月１日〜３日を除く", "種別": "パーキング・メーター", "普通車": true, "貨物用有り": false, "二輪車": false, "標章車専用有り": false }, "geometry": { "type": "MultiLineString", "coordinates": [ [ [ 139.782113283274953, 35.696226261982275 ], [ 139.782558529971425, 35.696160913530264 ] ] ] } },
{ "type": "Feature", "properties": { "識別id": 2100, "利用時間": "09:00-19:00", "制限時間": 60, "手数料": 300, "制限事項1": "日曜・休日を除く", "制限事項2": "１月１日〜３日を除く", "種別": "パーキング・チケット", "普通車": true, "貨物用有り": false, "二輪車": false, "標章車専用有り": false }, "geometry": { "type": "MultiLineString", "coordinates": [ [ [ 139.759070170278505, 35.690971962745671 ], [ 139.760108185167269, 35.690991568562438 ], [ 139.760266264983869, 35.690987326077085 ], [ 139.760688803166943, 35.690982551945758 ] ] ] } },
{ "type": "Feature", "properties": { "識別id": 2101, "利用時間": "09:00-19:00", "制限時間": 60, "手数料": 300, "制限事項1": "日曜・休日を除く", "制限事項2": "１月１日〜３日を除く", "種別": "パーキング・チケット", "普通車": true, "貨物用有り": true, "二輪車": false, "標章車専用有り": false }, "geometry": { "type": "MultiLineString", "coordinates": [ [ [ 139.655735698248435, 35.791497482149545 ], [ 139.657809045816947, 35.791081927043535 ], [ 139.660225731223136, 35.790621973140958 ], [ 139.66022813339768, 35.790622261674493 ] ] ] } },
{ "type": "Feature", "properties": { "識別id": 2102, "利用時間": "09:00-19:00", "制限時間": 60, "手数料": 300, "制限事項1": "日曜・休日を除く", "制限事項2": "１月１日〜３日を除く", "種別": "パーキング・チケット", "普通車": true, "貨物用有り": true, "二輪車": false, "標章車専用有り": false }, "geometry": { "type": "MultiLineString", "coordinates": [ [ [ 139.660193136881446, 35.790550708764883 ], [ 139.655683748826164, 35.791436555538169 ] ] ] } },
{ "type": "Feature", "properties": { "識別id": 2103, "利用時間": "09:00-19:00", "制限時間": 60, "手数料": 300, "制限事項1": "日曜・休日を除く", "制限事項2": "１月１日〜３日を除く", "種別": "パーキング・チケット", "普通車": true, "貨物用有り": false, "二輪車": false, "標章車専用有り": false }, "geometry": { "type": "MultiLineString", "coordinates": [ [ [ 139.748101767188132, 35.7069312030007 ], [ 139.749609168654501, 35.707044458316901 ], [ 139.751073654776633, 35.706983474705083 ] ] ] } },
{ "type": "Feature", "properties": { "識別id": 2104, "利用時間": "09:00-19:00", "制限時間": 60, "手数料": 300, "制限事項1": "日曜・休日を除く", "制限事項2": "１月１日〜３日を除く", "種別": "パーキング・チケット", "普通車": true, "貨物用有り": false, "二輪車": false, "標章車専用有り": false }, "geometry": { "type": "MultiLineString", "coordinates": [ [ [ 139.748310979491293, 35.706852795379817 ], [ 139.749759372359335, 35.706948626905962 ], [ 139.750934179907858, 35.706887643220853 ] ] ] } },
{ "type": "Feature", "properties": { "識別id": 2105, "利用時間": "09:00-19:00", "制限時間": 60, "手数料": 300, "制限事項1": "日曜・休日を除く", "制限事項2": "１月１日〜３日を除く", "種別": "パーキング・メーター", "普通車": true, "貨物用有り": false, "二輪車": false, "標章車専用有り": false }, "geometry": { "type": "MultiLineString", "coordinates": [ [ [ 139.72261, 35.75936 ], [ 139.72328, 35.75925 ], [ 139.72362, 35.7592 ], [ 139.72394, 35.75912 ], [ 139.72512, 35.75875 ], [ 139.72561, 35.75861 ], [ 139.72629, 35.75841 ], [ 139.7278, 35.75845 ], [ 139.7286, 35.75848 ], [ 139.72901, 35.75849 ], [ 139.72921, 35.75849 ], [ 139.72941, 35.75848 ], [ 139.72956, 35.75843 ], [ 139.72969, 35.75836 ], [ 139.72979, 35.75827 ], [ 139.72987, 35.75816 ], [ 139.73047, 35.7571 ], [ 139.73086, 35.75653 ], [ 139.73127, 35.75599 ], [ 139.73219, 35.75493 ], [ 139.73252, 35.75455 ], [ 139.73257, 35.7545 ], [ 139.732584023313535, 35.754485000001416 ], [ 139.73259402331351, 35.75447 ], [ 139.73261, 35.75445 ], [ 139.732637317790989, 35.754425646620106 ], [ 139.73266, 35.7544 ], [ 139.73276, 35.7543 ], [ 139.7328, 35.75427 ], [ 139.73287, 35.75421 ], [ 139.732885364417996, 35.754201088348722 ], [ 139.73289938773155, 35.75419 ] ] ] } },
{ "type": "Feature", "properties": { "識別id": 2106, "利用時間": "09:00-19:00", "制限時間": 60, "手数料": 300, "制限事項1": "日曜・休日を除く", "制限事項2": "１月１日〜３日を除く", "種別": "パーキング・メーター", "普通車": true, "貨物用有り": false, "二輪車": false, "標章車専用有り": false }, "geometry": { "type": "MultiLineString", "coordinates": [ [ [ 139.724009196481461, 35.759024503926192 ], [ 139.725135053715462, 35.758675708749045 ], [ 139.726141887924427, 35.758367450896088 ], [ 139.726196035018916, 35.758355887802502 ], [ 139.726264682805891, 35.75834357650686 ], [ 139.726338695010895, 35.758342148124335 ], [ 139.729258279523606, 35.758425946520525 ], [ 139.729346134269832, 35.758416052574908 ], [ 139.729428624598086, 35.758393099140257 ], [ 139.729577512000418, 35.758334132753724 ], [ 139.729684300547149, 35.758260512171006 ], [ 139.729749094208785, 35.758195406229781 ], [ 139.729800476825346, 35.75813030023523 ], [ 139.729926882125653, 35.757917760817023 ], [ 139.730222266593898, 35.75737220029017 ], [ 139.730368617723514, 35.757110301707556 ], [ 139.730455204333396, 35.756977175472798 ], [ 139.730543132047785, 35.756847313950992 ], [ 139.731049411400335, 35.756149059482993 ], [ 139.731340772555114, 35.755768912648357 ], [ 139.731599105911101, 35.75546565222983 ], [ 139.731991129072554, 35.755041937909596 ], [ 139.732165682981162, 35.75482137318717 ], [ 139.732306604115763, 35.754667556940973 ], [ 139.73242874978726, 35.754526800521894 ] ] ] } },
{ "type": "Feature", "properties": { "識別id": 2108, "利用時間": "09:00-19:00", "制限時間": 60, "手数料": 300, "制限事項1": "日曜・休日を除く", "制限事項2": "１月１日〜３日を除く", "種別": "パーキング・メーター", "普通車": true, "貨物用有り": false, "二輪車": false, "標章車専用有り": false }, "geometry": { "type": "MultiLineString", "coordinates": [ [ [ 139.719311610043491, 35.760658474528377 ], [ 139.719783678830112, 35.76044517533181 ] ] ] } },
{ "type": "Feature", "properties": { "識別id": 2109, "利用時間": "09:00-19:00", "制限時間": 60, "手数料": 300, "制限事項1": "日曜・休日を除く", "制限事項2": "１月１日〜３日を除く", "種別": "パーキング・メーター", "普通車": true, "貨物用有り": false, "二輪車": false, "標章車専用有り": false }, "geometry": { "type": "MultiLineString", "coordinates": [ [ [ 139.719343796551669, 35.760710710979126 ], [ 139.719896331608737, 35.760458234482726 ] ] ] } },
{ "type": "Feature", "properties": { "識別id": 2111, "利用時間": "09:00-19:00", "制限時間": 60, "手数料": 300, "制限事項1": "日曜・休日を除く", "制限事項2": "１月１日〜３日を除く", "種別": "パーキング・メーター", "普通車": true, "貨物用有り": false, "二輪車": false, "標章車専用有り": false }, "geometry": { "type": "MultiLineString", "coordinates": [ [ [ 139.773122638967664, 35.678087288627871 ], [ 139.772905380037457, 35.67817879717574 ] ] ] } },
{ "type": "Feature", "properties": { "識別id": 2113, "利用時間": "09:30-19:00", "制限時間": 60, "手数料": 300, "制限事項1": "日曜・休日を除く", "制限事項2": "１月１日〜３日を除く", "種別": "パーキング・メーター", "普通車": true, "貨物用有り": false, "二輪車": false, "標章車専用有り": false }, "geometry": { "type": "MultiLineString", "coordinates": [ [ [ 139.798437911665019, 35.684916158511257 ], [ 139.798491555845317, 35.684171077342846 ] ] ] } },
{ "type": "Feature", "properties": { "識別id": 2114, "利用時間": "09:30-19:00", "制限時間": 60, "手数料": 300, "制限事項1": "日曜・休日を除く", "制限事項2": "１月１日〜３日を除く", "種別": "パーキング・メーター", "普通車": true, "貨物用有り": false, "二輪車": false, "標章車専用有り": false }, "geometry": { "type": "MultiLineString", "coordinates": [ [ [ 139.798546541130122, 35.68502073074999 ], [ 139.79860018531042, 35.684158005681283 ] ] ] } },
{ "type": "Feature", "properties": { "識別id": 2115, "利用時間": "09:00-19:00", "制限時間": 60, "手数料": 300, "制限事項1": "日曜・休日を除く", "制限事項2": "１月１日〜３日を除く", "種別": "パーキング・チケット", "普通車": true, "貨物用有り": true, "二輪車": false, "標章車専用有り": false }, "geometry": { "type": "MultiLineString", "coordinates": [ [ [ 139.747596819956613, 35.648810094406038 ], [ 139.748830636103463, 35.648681499361665 ] ] ] } },
{ "type": "Feature", "properties": { "識別id": 2116, "利用時間": "09:00-19:00", "制限時間": 60, "手数料": 300, "制限事項1": "日曜・休日を除く", "制限事項2": "１月１日〜３日を除く", "種別": "パーキング・メーター", "普通車": true, "貨物用有り": false, "二輪車": false, "標章車専用有り": false }, "geometry": { "type": "MultiLineString", "coordinates": [ [ [ 139.770336905600089, 35.686922831047603 ], [ 139.771109381796379, 35.685476270735016 ] ] ] } },
{ "type": "Feature", "properties": { "識別id": 2117, "利用時間": "09:00-19:00", "制限時間": 60, "手数料": 300, "制限事項1": "日曜・休日を除く", "制限事項2": "１月１日〜３日を除く", "種別": "パーキング・メーター", "普通車": true, "貨物用有り": true, "二輪車": false, "標章車専用有り": false }, "geometry": { "type": "MultiLineString", "coordinates": [ [ [ 139.816195851694317, 35.689090043801691 ], [ 139.819462782274456, 35.689185896677117 ] ] ] } },
{ "type": "Feature", "properties": { "識別id": 2118, "利用時間": "09:00-19:00", "制限時間": 60, "手数料": 300, "制限事項1": "日曜・休日を除く", "制限事項2": "１月１日〜３日を除く", "種別": "パーキング・メーター", "普通車": true, "貨物用有り": true, "二輪車": false, "標章車専用有り": false }, "geometry": { "type": "MultiLineString", "coordinates": [ [ [ 139.819049722086163, 35.689068259041214 ], [ 139.816442614923687, 35.68898983385423 ] ] ] } },
{ "type": "Feature", "properties": { "識別id": 2119, "利用時間": "09:00-21:00", "制限時間": 60, "手数料": 300, "制限事項1": null, "制限事項2": "１月１日〜３日を除く", "種別": "パーキング・メーター", "普通車": true, "貨物用有り": true, "二輪車": false, "標章車専用有り": false }, "geometry": { "type": "MultiLineString", "coordinates": [ [ [ 139.766749699894035, 35.675352594675445 ], [ 139.767122526947105, 35.675239294350234 ] ] ] } },
{ "type": "Feature", "properties": { "識別id": 2120, "利用時間": "09:00-19:00", "制限時間": 60, "手数料": 300, "制限事項1": "日曜・休日を除く", "制限事項2": "１月１日〜３日を除く", "種別": "パーキング・チケット", "普通車": true, "貨物用有り": false, "二輪車": false, "標章車専用有り": false }, "geometry": { "type": "MultiLineString", "coordinates": [ [ [ 139.745779861515672, 35.654930807516067 ], [ 139.745983709400804, 35.654874142881162 ], [ 139.746128548687608, 35.654834913494973 ], [ 139.746257294720323, 35.654782607616752 ], [ 139.746536244457872, 35.654638766275049 ], [ 139.746761550015123, 35.654529795389138 ], [ 139.746949304646165, 35.654451336259243 ], [ 139.74707268626085, 35.654412106665383 ], [ 139.747383822506578, 35.654333647419875 ], [ 139.747684229916246, 35.654290058916864 ], [ 139.747963179653794, 35.654268264656423 ], [ 139.748515714710862, 35.65420724069557 ], [ 139.749009241169603, 35.654154934406293 ] ] ] } },
{ "type": "Feature", "properties": { "識別id": 2121, "利用時間": "09:00-19:00", "制限時間": 60, "手数料": 300, "制限事項1": "日曜・休日を除く", "制限事項2": "１月１日〜３日を除く", "種別": "パーキング・チケット", "普通車": true, "貨物用有り": false, "二輪車": false, "標章車専用有り": false }, "geometry": { "type": "MultiLineString", "coordinates": [ [ [ 139.749615420406968, 35.65386289032827 ], [ 139.748778571194322, 35.653954426646713 ], [ 139.748478163784654, 35.653989297597576 ], [ 139.747947086399705, 35.654045962860273 ], [ 139.747507204121263, 35.654093910358817 ], [ 139.747346271580369, 35.654128781248794 ], [ 139.74707268626085, 35.654202881839417 ] ] ] } },
{ "type": "Feature", "properties": { "識別id": 2122, "利用時間": "09:00-19:00", "制限時間": 60, "手数料": 300, "制限事項1": "日曜・休日を除く", "制限事項2": "１月１日〜３日を除く", "種別": "パーキング・チケット", "普通車": true, "貨物用有り": false, "二輪車": false, "標章車専用有り": false }, "geometry": { "type": "MultiLineString", "coordinates": [ [ [ 139.746857383031596, 35.658164044206615 ], [ 139.746648170728434, 35.657810993581172 ], [ 139.746422865171184, 35.657488452139297 ], [ 139.746192195195903, 35.65715719200518 ], [ 139.74600444056486, 35.65684336534747 ], [ 139.745923974294413, 35.656708245156729 ], [ 139.745859601278056, 35.65650338507664 ], [ 139.745816685933818, 35.65635518809539 ], [ 139.745805957097758, 35.656180838353634 ], [ 139.745789863843669, 35.655984694439169 ] ] ] } },
{ "type": "Feature", "properties": { "識別id": 2123, "利用時間": "09:00-19:00", "制限時間": 60, "手数料": 300, "制限事項1": "日曜・休日を除く", "制限事項2": "１月１日〜３日を除く", "種別": "パーキング・チケット", "普通車": true, "貨物用有り": true, "二輪車": false, "標章車専用有り": false }, "geometry": { "type": "MultiLineString", "coordinates": [ [ [ 139.747023679990519, 35.65802943702937 ], [ 139.7464979670236, 35.657244876641897 ], [ 139.746374585408915, 35.657070528842418 ], [ 139.746197559613933, 35.656791571571532 ], [ 139.746117093343486, 35.656608505332983 ], [ 139.746031262655009, 35.656320828967431 ], [ 139.74600980498289, 35.656102891636955 ], [ 139.74601516940092, 35.655884953711798 ], [ 139.74599907614683, 35.655790150528723 ], [ 139.745985665101756, 35.655738934969229 ] ] ] } },
{ "type": "Feature", "properties": { "識別id": 2126, "利用時間": "07:00-20:00", "制限時間": 60, "手数料": 300, "制限事項1": null, "制限事項2": "１月１日〜３日を除く", "種別": "パーキング・チケット", "普通車": true, "貨物用有り": true, "二輪車": false, "標章車専用有り": false }, "geometry": { "type": "MultiLineString", "coordinates": [ [ [ 139.706355125038868, 35.67649210323998 ], [ 139.70680573615337, 35.674862329424919 ], [ 139.707342177956349, 35.674112796604646 ], [ 139.708028823464161, 35.672648572649237 ], [ 139.70805905838597, 35.672327519211287 ] ] ] } },
{ "type": "Feature", "properties": { "識別id": 2127, "利用時間": "07:00-20:00", "制限時間": 60, "手数料": 300, "制限事項1": null, "制限事項2": "１月１日〜３日を除く", "種別": "パーキング・チケット", "普通車": true, "貨物用有り": false, "二輪車": false, "標章車専用有り": false }, "geometry": { "type": "MultiLineString", "coordinates": [ [ [ 139.708010402462747, 35.671761054901168 ], [ 139.707388129971292, 35.671038730069 ] ] ] } },
{ "type": "Feature", "properties": { "識別id": 2128, "利用時間": "07:00-20:00", "制限時間": 60, "手数料": 300, "制限事項1": null, "制限事項2": "１月１日〜３日を除く", "種別": "パーキング・チケット", "普通車": true, "貨物用有り": true, "二輪車": false, "標章車専用有り": false }, "geometry": { "type": "MultiLineString", "coordinates": [ [ [ 139.707025139212476, 35.670770167281006 ], [ 139.706711320757734, 35.670284254162908 ] ] ] } },
{ "type": "Feature", "properties": { "識別id": 2130, "利用時間": "09:00-19:00", "制限時間": 60, "手数料": 100, "制限事項1": null, "制限事項2": "１月１日〜３日を除く", "種別": "パーキング・チケット", "普通車": false, "貨物用有り": false, "二輪車": true, "標章車専用有り": false }, "geometry": { "type": "MultiLineString", "coordinates": [ [ [ 139.778963185567477, 35.715141846062217 ], [ 139.779209948796847, 35.715477221019086 ] ] ] } },
{ "type": "Feature", "properties": { "識別id": 2132, "利用時間": "08:00-20:00", "制限時間": 60, "手数料": 300, "制限事項1": null, "制限事項2": "１月１日〜３日を除く", "種別": "パーキング・メーター", "普通車": true, "貨物用有り": true, "二輪車": false, "標章車専用有り": false }, "geometry": { "type": "MultiLineString", "coordinates": [ [ [ 139.759831686079593, 35.691697842026421 ], [ 139.760765094816776, 35.69174358850838 ] ], [ [ 139.75981, 35.69156 ], [ 139.76081, 35.6916 ] ] ] } },
{ "type": "Feature", "properties": { "識別id": 2133, "利用時間": "07:00-20:00", "制限時間": 40, "手数料": 200, "制限事項1": "日曜・休日を除く", "制限事項2": "１月１日〜３日を除く", "種別": "パーキング・メーター", "普通車": true, "貨物用有り": true, "二輪車": false, "標章車専用有り": false }, "geometry": { "type": "MultiLineString", "coordinates": [ [ [ 139.70045280735971, 35.693168584365068 ], [ 139.700498404912963, 35.692980155625456 ], [ 139.700552049093261, 35.692826580428559 ], [ 139.700623127632156, 35.692663202233753 ], [ 139.700674089603439, 35.692606564381407 ], [ 139.700737121515289, 35.692562996775322 ] ] ] } },
{ "type": "Feature", "properties": { "識別id": 2134, "利用時間": "09:00-19:00", "制限時間": 60, "手数料": 300, "制限事項1": "日曜・休日を除く", "制限事項2": "１月１日〜３日を除く", "種別": "パーキング・チケット", "普通車": true, "貨物用有り": true, "二輪車": false, "標章車専用有り": false }, "geometry": { "type": "MultiLineString", "coordinates": [ [ [ 139.625517250896195, 35.758592185225069 ], [ 139.6288861054189, 35.75861830413308 ], [ 139.62887537658284, 35.75861830413308 ] ] ] } },
{ "type": "Feature", "properties": { "識別id": 2136, "利用時間": "09:00-19:00", "制限時間": 60, "手数料": 300, "制限事項1": "日曜・休日を除く", "制限事項2": "１月１日〜３日を除く", "種別": "パーキング・チケット", "普通車": true, "貨物用有り": true, "二輪車": false, "標章車専用有り": false }, "geometry": { "type": "MultiLineString", "coordinates": [ [ [ 139.628913579062726, 35.758431055227682 ], [ 139.625533995703961, 35.758404936258195 ] ] ] } },
{ "type": "Feature", "properties": { "識別id": 2142, "利用時間": "07:00-20:00", "制限時間": 40, "手数料": 200, "制限事項1": null, "制限事項2": "１月１日〜３日を除く", "種別": "パーキング・メーター", "普通車": true, "貨物用有り": true, "二輪車": false, "標章車専用有り": false }, "geometry": { "type": "MultiLineString", "coordinates": [ [ [ 139.707176653925956, 35.691699130703995 ], [ 139.707192747180045, 35.691631600136098 ], [ 139.707198111598075, 35.691590210404961 ], [ 139.707198111598075, 35.691509609287898 ], [ 139.707203476016105, 35.691407223967751 ], [ 139.707208840434134, 35.69126344861543 ], [ 139.707160560671866, 35.6910063950669 ] ] ] } },
{ "type": "Feature", "properties": { "識別id": 2144, "利用時間": "09:00-19:00", "制限時間": 60, "手数料": 300, "制限事項1": null, "制限事項2": "１月１日〜３日を除く", "種別": "パーキング・メーター", "普通車": true, "貨物用有り": true, "二輪車": false, "標章車専用有り": false }, "geometry": { "type": "MultiLineString", "coordinates": [ [ [ 139.772065305627308, 35.707191844328094 ], [ 139.771974110520802, 35.706433903240743 ] ] ] } },
{ "type": "Feature", "properties": { "識別id": 2146, "利用時間": "09:00-19:00", "制限時間": 60, "手数料": 300, "制限事項1": "日曜・休日を除く", "制限事項2": "１月１日〜３日を除く", "種別": "パーキング・チケット", "普通車": true, "貨物用有り": false, "二輪車": false, "標章車専用有り": false }, "geometry": { "type": "MultiLineString", "coordinates": [ [ [ 139.775719394947629, 35.698771671544854 ], [ 139.777157058979611, 35.698736820156263 ] ] ] } }
]
}
